result_id,status,provider,model,example_id,output,score,weight,score_reason,input_tokens,output_tokens,latency_ms,ttft_ms,tps,num_llm_calls
1,completed,SambaNova,MiniMax-M2.7,0,PASS,1,1,,360,127,433.26568603515625,117.73347854614258,399.325320868828,1
2,completed,SambaNova,MiniMax-M2.7,1,PASS,1,1,,361,138,783.8320732116699,362.8191947937012,325.4057227769422,1
3,completed,SambaNova,MiniMax-M2.7,2,PASS,1,1,,372,128,535.4337692260742,219.62761878967285,402.14542948103826,1
4,completed,SambaNova,MiniMax-M2.7,3,PASS,1,1,,371,189,668.5454845428467,217.40269660949707,416.71950661388945,1
5,completed,SambaNova,MiniMax-M2.7,4,PASS,1,1,,369,167,888.338565826416,362.8191947937012,315.8779849994647,1
6,completed,SambaNova,MiniMax-M2.7,5,PASS,1,1,,368,180,521.7628479003906,116.31321907043457,441.4851741671513,1
7,completed,SambaNova,MiniMax-M2.7,6,PASS,1,1,,368,772,1870.1910972595215,117.36345291137695,439.86070306799934,1
8,completed,SambaNova,MiniMax-M2.7,7,PASS,1,1,,369,301,1202.7993202209473,362.8191947937012,357.15130741624216,1
9,completed,SambaNova,MiniMax-M2.7,8,PASS,1,1,,367,168,523.5574245452881,118.34025382995605,412.1246878684682,1
10,completed,SambaNova,MiniMax-M2.7,9,PASS,1,1,,366,140,433.8047504425049,117.61236190795898,439.6057749657482,1
11,completed,SambaNova,MiniMax-M2.7,10,PASS,1,1,,365,264,1031.0578346252441,400.6340503692627,417.1796917693856,1
12,completed,SambaNova,MiniMax-M2.7,11,PASS,1,1,,361,187,574.3141174316406,124.17483329772949,413.20543786324413,1
13,completed,SambaNova,MiniMax-M2.7,12,PASS,1,1,,364,267,750.0860691070557,119.59171295166016,421.89116746738966,1
14,completed,SambaNova,MiniMax-M2.7,13,PASS,1,1,,367,305,945.3165531158447,226.15861892700195,422.7166044450161,1
15,completed,SambaNova,MiniMax-M2.7,14,PASS,1,1,,372,152,479.88247871398926,118.79491806030273,418.1811185260457,1
16,completed,SambaNova,MiniMax-M2.7,15,PASS,1,1,,373,172,523.7941741943359,118.18861961364746,421.5918595512784,1
17,completed,SambaNova,MiniMax-M2.7,16,"FAIL
result mismatch (order_matters=False)
predicted: SELECT MAX(Capacity) AS Max_Capacity, AVG(Capacity) AS Avg_Capacity FROM stadium
gold: select max(capacity), average from stadium",0,1,,365,181,563.1415843963623,113.75808715820312,400.54875425166233,1
18,completed,SambaNova,MiniMax-M2.7,17,PASS,1,1,,364,169,523.2090950012207,117.67244338989258,414.2658852966353,1
19,completed,SambaNova,MiniMax-M2.7,18,PASS,1,1,,367,301,821.7177391052246,114.30859565734863,424.08272889690875,1
20,completed,SambaNova,MiniMax-M2.7,19,PASS,1,1,,368,250,698.3439922332764,113.62862586975098,425.84822346740475,1
21,completed,SambaNova,MiniMax-M2.7,20,PASS,1,1,,368,156,512.8881931304932,114.30859565734863,388.8809185985582,1
22,completed,SambaNova,MiniMax-M2.7,21,PASS,1,1,,366,220,650.8417129516602,116.99795722961426,410.2323903813268,1
23,completed,SambaNova,MiniMax-M2.7,22,"FAIL
result mismatch (order_matters=False)
predicted: SELECT s.Name, COUNT(c.concert_ID) AS NumberOfConcerts
FROM stadium s
LEFT JOIN concert c ON s.Stadium_ID = c.Stadium_ID
GROUP BY s.Stadium_ID, s.Name
gold: SELECT T2.name ,  count(*) FROM concert AS T1 JOIN stadium AS T2 ON T1.stadium_id  =  T2.stadium_id GROUP BY T1.stadium_id",0,1,,366,304,833.5247039794922,114.23230171203613,421.24732451620537,1
24,completed,SambaNova,MiniMax-M2.7,23,"FAIL
result mismatch (order_matters=False)
predicted: SELECT s.Stadium_ID, s.Name, COUNT(c.concert_ID) AS concert_count
FROM stadium s
LEFT JOIN concert c ON s.Stadium_ID = c.Stadium_ID
GROUP BY s.Stadium_ID
gold: SELECT T2.name ,  count(*) FROM concert AS T1 JOIN stadium AS T2 ON T1.stadium_id  =  T2.stadium_id GROUP BY T1.stadium_id",0,1,,363,410,1049.605369567871,116.99795722961426,438.5553820278405,1
25,completed,SambaNova,MiniMax-M2.7,24,PASS,1,1,,372,860,2045.6149578094482,114.36200141906738,444.7889631224274,1
26,completed,SambaNova,MiniMax-M2.7,25,PASS,1,1,,371,600,1442.0852661132812,115.18287658691406,451.4273278336704,1
27,completed,SambaNova,MiniMax-M2.7,26,PASS,1,1,,361,356,955.707311630249,115.18287658691406,422.35535958177974,1
28,completed,SambaNova,MiniMax-M2.7,27,PASS,1,1,,363,345,927.0434379577637,117.52963066101074,424.94642697786117,1
29,completed,SambaNova,MiniMax-M2.7,28,PASS,1,1,,361,501,1286.0870361328125,117.01607704162598,427.69003550365363,1
30,completed,SambaNova,MiniMax-M2.7,29,PASS,1,1,,364,501,1387.1893882751465,219.207763671875,428.08892663001876,1
31,completed,SambaNova,MiniMax-M2.7,30,PASS,1,1,,371,477,1193.3274269104004,114.7160530090332,441.30815928474294,1
32,completed,SambaNova,MiniMax-M2.7,31,PASS,1,1,,370,219,646.2113857269287,115.31352996826172,410.6251280455301,1
33,completed,SambaNova,MiniMax-M2.7,32,PASS,1,1,,371,334,867.6650524139404,115.31352996826172,442.6122498131095,1
34,completed,SambaNova,MiniMax-M2.7,33,PASS,1,1,,370,701,1730.7641506195068,114.3500804901123,433.0573538895048,1
35,completed,SambaNova,MiniMax-M2.7,34,PASS,1,1,,368,714,1735.7850074768066,118.12353134155273,440.75970808393384,1
36,completed,SambaNova,MiniMax-M2.7,35,"FAIL
result mismatch (order_matters=False)
predicted: SELECT s.Name, COUNT(sc.concert_ID) AS NumberOfConcerts
FROM singer s
LEFT JOIN singer_in_concert sc ON s.Singer_ID = sc.Singer_ID
GROUP BY s.Singer_ID, s.Name
gold: SELECT T2.name ,  count(*) FROM singer_in_concert AS T1 JOIN singer AS T2 ON T1.singer_id  =  T2.singer_id GROUP BY T2.singer_id",0,1,,364,368,997.7676868438721,113.97242546081543,415.2545459744596,1
37,completed,SambaNova,MiniMax-M2.7,36,"FAIL
result mismatch (order_matters=False)
predicted: SELECT s.Name, COUNT(sc.concert_ID) AS NumberOfConcerts
FROM singer s
LEFT JOIN singer_in_concert sc ON s.Singer_ID = sc.Singer_ID
GROUP BY s.Singer_ID, s.Name
gold: SELECT T2.name ,  count(*) FROM singer_in_concert AS T1 JOIN singer AS T2 ON T1.singer_id  =  T2.singer_id GROUP BY T2.singer_id",0,1,,368,525,1326.0507583618164,113.45243453979492,432.1299062565007,1
38,completed,SambaNova,MiniMax-M2.7,37,"FAIL
result mismatch (order_matters=False)
predicted: SELECT DISTINCT s.Name
FROM singer s
JOIN singer_in_concert sc ON s.Singer_ID = sc.Singer_ID
JOIN concert c ON sc.concert_ID = c.concert_ID
WHERE c.Year = '2014'
gold: SELECT T2.name FROM singer_in_concert AS T1 JOIN singer AS T2 ON T1.singer_id  =  T2.singer_id JOIN concert AS T3 ON T1.concert_id  =  T3.concert_id WHERE T3.year  =  2014",0,1,,365,448,1130.7883262634277,113.97242546081543,439.6076021698378,1
39,completed,SambaNova,MiniMax-M2.7,38,"FAIL
result mismatch (order_matters=False)
predicted: SELECT DISTINCT s.Name
FROM singer s
JOIN singer_in_concert sic ON s.Singer_ID = sic.Singer_ID
JOIN concert c ON sic.concert_ID = c.concert_ID
WHERE c.Year = '2014'
gold: SELECT T2.name FROM singer_in_concert AS T1 JOIN singer AS T2 ON T1.singer_id  =  T2.singer_id JOIN concert AS T3 ON T1.concert_id  =  T3.concert_id WHERE T3.year  =  2014",0,1,,370,420,1062.370777130127,117.87295341491699,443.6219856514345,1
40,completed,SambaNova,MiniMax-M2.7,39,PASS,1,1,,374,195,600.7289886474609,114.0444278717041,398.61548040638746,1
41,completed,SambaNova,MiniMax-M2.7,40,PASS,1,1,,378,269,744.0180778503418,114.50529098510742,425.7260624276616,1
42,completed,SambaNova,MiniMax-M2.7,41,PASS,1,1,,378,663,1617.0680522918701,114.0444278717041,440.44550547592706,1
43,completed,SambaNova,MiniMax-M2.7,42,PASS,1,1,,377,595,1461.5254402160645,113.7852668762207,440.7377710853604,1
44,completed,SambaNova,MiniMax-M2.7,43,PASS,1,1,,367,499,1344.1247940063477,220.65472602844238,443.26948638367634,1
45,completed,SambaNova,MiniMax-M2.7,44,PASS,1,1,,369,443,1146.7387676239014,113.71636390686035,427.87068161308713,1
46,completed,SambaNova,MiniMax-M2.7,45,PASS,1,1,,273,110,386.57307624816895,115.83900451660156,402.6090964571072,1
47,completed,SambaNova,MiniMax-M2.7,46,PASS,1,1,,271,139,431.0650825500488,114.72535133361816,436.23985981572554,1
48,completed,SambaNova,MiniMax-M2.7,47,PASS,1,1,,268,272,742.098331451416,112.66660690307617,430.54709419748576,1
49,completed,SambaNova,MiniMax-M2.7,48,PASS,1,1,,268,325,881.7405700683594,117.30289459228516,423.8409623102632,1
50,completed,SambaNova,MiniMax-M2.7,49,PASS,1,1,,278,203,650.6321430206299,115.23103713989258,377.28722967000425,1
51,completed,SambaNova,MiniMax-M2.7,50,PASS,1,1,,272,243,697.5579261779785,112.92314529418945,413.93363500230004,1
52,completed,SambaNova,MiniMax-M2.7,51,PASS,1,1,,274,351,916.1880016326904,115.23103713989258,436.9772853172403,1
53,completed,SambaNova,MiniMax-M2.7,52,PASS,1,1,,276,344,1027.2481441497803,217.8335189819336,423.7630373047346,1
54,completed,SambaNova,MiniMax-M2.7,53,PASS,1,1,,277,440,1149.8908996582031,177.5202751159668,451.4739430828326,1
55,completed,SambaNova,MiniMax-M2.7,54,PASS,1,1,,270,467,1192.5716400146484,113.95573616027832,432.03516500616814,1
56,completed,SambaNova,MiniMax-M2.7,55,PASS,1,1,,269,76,301.6989231109619,120.6357479095459,414.2200638896863,1
57,completed,SambaNova,MiniMax-M2.7,56,PASS,1,1,,269,216,708.1589698791504,177.5202751159668,405.172110744678,1
58,completed,SambaNova,MiniMax-M2.7,57,PASS,1,1,,273,511,1280.9898853302002,112.65182495117188,436.51749206436665,1
59,completed,SambaNova,MiniMax-M2.7,58,PASS,1,1,,278,338,879.6052932739258,114.88127708435059,440.6818575924751,1
60,completed,SambaNova,MiniMax-M2.7,59,PASS,1,1,,274,685,1980.1692962646484,405.8041572570801,434.4608395173007,1
61,completed,SambaNova,MiniMax-M2.7,60,PASS,1,1,,276,908,2184.4096183776855,116.33586883544922,438.5723672575809,1
62,completed,SambaNova,MiniMax-M2.7,61,PASS,1,1,,275,490,1241.4381504058838,117.53106117248535,435.08934562690604,1
63,completed,SambaNova,MiniMax-M2.7,62,"FAIL
model returned no SQL query",0,1,,846,97458,240905.51328659058,118.03317070007324,403.46169296492235,3
64,completed,SambaNova,MiniMax-M2.7,63,PASS,1,1,,273,656,1616.330623626709,113.6925220489502,435.90003428786673,1
65,completed,SambaNova,MiniMax-M2.7,64,PASS,1,1,,275,409,1061.5129470825195,116.49560928344727,431.7381106998781,1
66,completed,SambaNova,MiniMax-M2.7,65,"FAIL
result mismatch (order_matters=False)
predicted: SELECT DISTINCT s.Fname, s.Age
FROM Student s
JOIN Has_Pet hp ON s.StuID = hp.StuID
JOIN Pets p ON hp.PetID = p.PetID
WHERE p.PetType = 'dog'
AND s.StuID NOT IN (
    SELECT hp2.StuID
    FROM Has_Pet hp2
    JOIN Pets p2 ON hp2.PetID = p2.PetID
    WHERE p2.PetType = 'cat'
)
gold: SELECT T1.fname ,  T1.age FROM student AS T1 JOIN has_pet AS T2 ON T1.stuid  =  T2.stuid JOIN pets AS T3 ON T3.petid  =  T2.petid WHERE T3.pettype  =  'dog' AND T1.stuid NOT IN (SELECT T1.stuid FROM student AS T1 JOIN has_pet AS T2 ON T1.stuid  =  T2.stuid JOIN pets AS T3 ON T3.petid  =  T2.petid WHERE T3.pettype  =  'cat')",0,1,,282,1070,2641.8495178222656,216.32719039916992,440.72981226098153,1
67,completed,SambaNova,MiniMax-M2.7,66,"FAIL
result mismatch (order_matters=False)
predicted: SELECT DISTINCT s.Fname
FROM Student s
JOIN Has_Pet hp ON s.StuID = hp.StuID
JOIN Pets p ON hp.PetID = p.PetID
WHERE p.PetType = 'dog'
  AND s.StuID NOT IN (
      SELECT s2.StuID
      FROM Student s2
      JOIN Has_Pet hp2 ON s2.StuID = hp2.StuID
      JOIN Pets p2 ON hp2.PetID = p2.PetID
      WHERE p2.PetType = 'cat'
  )
gold: SELECT T1.fname ,  T1.age FROM student AS T1 JOIN has_pet AS T2 ON T1.stuid  =  T2.stuid JOIN pets AS T3 ON T3.petid  =  T2.petid WHERE T3.pettype  =  'dog' AND T1.stuid NOT IN (SELECT T1.stuid FROM student AS T1 JOIN has_pet AS T2 ON T1.stuid  =  T2.stuid JOIN pets AS T3 ON T3.petid  =  T2.petid WHERE T3.pettype  =  'cat')",0,1,,279,901,2143.955945968628,112.71500587463379,443.078899324643,1
68,completed,SambaNova,MiniMax-M2.7,67,PASS,1,1,,270,257,701.5571594238281,116.95528030395508,437.90485310346907,1
69,completed,SambaNova,MiniMax-M2.7,68,PASS,1,1,,276,223,687.4949932098389,112.71500587463379,386.23474179961687,1
70,completed,SambaNova,MiniMax-M2.7,69,PASS,1,1,,276,113,435.2128505706787,125.31399726867676,361.40824274317015,1
71,completed,SambaNova,MiniMax-M2.7,70,PASS,1,1,,276,130,429.4896125793457,113.88444900512695,408.73855972151716,1
72,completed,SambaNova,MiniMax-M2.7,71,PASS,1,1,,272,238,656.8045616149902,125.31399726867676,445.91572437694936,1
73,completed,SambaNova,MiniMax-M2.7,72,PASS,1,1,,272,196,572.885274887085,121.73199653625488,432.2256079193605,1
74,completed,SambaNova,MiniMax-M2.7,73,PASS,1,1,,269,184,567.7483081817627,117.12265014648438,406.1020422092197,1
75,completed,SambaNova,MiniMax-M2.7,74,PASS,1,1,,271,157,474.42173957824707,113.87443542480469,432.6755413309351,1
76,completed,SambaNova,MiniMax-M2.7,75,"FAIL
result mismatch (order_matters=False)
predicted: SELECT Student.Fname, Student.Age
FROM Student
INNER JOIN Has_Pet ON Student.StuID = Has_Pet.StuID
gold: SELECT DISTINCT T1.fname ,  T1.age FROM student AS T1 JOIN has_pet AS T2 ON T1.stuid  =  T2.stuid",0,1,,273,279,743.9899444580078,114.09974098205566,441.3467592699486,1
77,completed,SambaNova,MiniMax-M2.7,76,PASS,1,1,,276,509,1288.0432605743408,118.06750297546387,434.1970307509281,1
78,completed,SambaNova,MiniMax-M2.7,77,PASS,1,1,,277,455,1148.0484008789062,114.67313766479492,439.3370115982087,1
79,completed,SambaNova,MiniMax-M2.7,78,PASS,1,1,,279,378,970.261812210083,115.15140533447266,440.8787414685748,1
80,completed,SambaNova,MiniMax-M2.7,79,PASS,1,1,,276,656,1600.5053520202637,116.08195304870605,441.24877070369473,1
81,completed,SambaNova,MiniMax-M2.7,80,PASS,1,1,,281,644,1615.673303604126,113.67249488830566,428.0956416726245,1
82,completed,SambaNova,MiniMax-M2.7,81,PASS,1,1,,275,803,1925.1270294189453,113.67249488830566,442.73813375492955,1
83,completed,SambaNova,MiniMax-M2.7,82,PASS,1,1,,279,437,1107.4199676513672,117.16747283935547,440.2917460791348,1
84,completed,SambaNova,MiniMax-M2.7,83,PASS,1,1,,277,298,792.682409286499,117.04206466674805,439.58298577796,1
85,completed,SambaNova,MiniMax-M2.7,84,PASS,1,1,,279,513,1287.4727249145508,117.79618263244629,437.7278516683418,1
86,completed,SambaNova,MiniMax-M2.7,85,PASS,1,1,,273,256,701.0340690612793,115.13328552246094,435.22727254230614,1
87,completed,SambaNova,MiniMax-M2.7,86,PASS,1,1,,275,302,834.6471786499023,115.01526832580566,418.2693897835079,1
88,completed,SambaNova,MiniMax-M2.7,87,PASS,1,1,,416,124,434.6480369567871,118.62492561340332,389.2120404648219,1
89,completed,SambaNova,MiniMax-M2.7,88,PASS,1,1,,417,95,379.164457321167,113.52181434631348,353.8588494201148,1
90,completed,SambaNova,MiniMax-M2.7,89,PASS,1,1,,431,384,997.9841709136963,113.52181434631348,433.0314310791373,1
91,completed,SambaNova,MiniMax-M2.7,90,"FAIL
predicted query error: OperationalError: ambiguous column name: Continent
query:
SELECT
  ""ContId"",
  ""Continent"",
  COUNT(""CountryId"") AS ""num_countries""
FROM ""continents""
LEFT JOIN ""countries"" ON ""continents"".""ContId"" = ""countries"".""Continent""
GROUP BY ""ContId"", ""Continent""",0,1,,427,372,971.5380668640137,117.1119213104248,434.20955916514754,1
92,completed,SambaNova,MiniMax-M2.7,91,PASS,1,1,,416,170,521.5528011322021,116.2567138671875,416.9791056716874,1
93,completed,SambaNova,MiniMax-M2.7,92,PASS,1,1,,415,172,520.6129550933838,115.5538558959961,422.16061887964327,1
94,completed,SambaNova,MiniMax-M2.7,93,PASS,1,1,,429,512,1284.1219902038574,114.94040489196777,437.05785860772534,1
95,completed,SambaNova,MiniMax-M2.7,94,PASS,1,1,,431,578,1420.6702709197998,116.89615249633789,442.5613239643956,1
96,completed,SambaNova,MiniMax-M2.7,95,"FAIL
model returned no SQL query",0,1,,1260,97044,241069.70524787903,116.24383926391602,402.9920458548731,3
97,completed,SambaNova,MiniMax-M2.7,96,"FAIL
result mismatch (order_matters=True)
predicted: SELECT cn.Model
FROM cars_data cd
JOIN car_names cn ON cd.Id = cn.MakeId
WHERE cd.Horsepower NOT LIKE '%[^0-9]%' AND cd.Horsepower != ''
ORDER BY CAST(cd.Horsepower AS integer) ASC
LIMIT 1
gold: SELECT T1.Model FROM CAR_NAMES AS T1 JOIN CARS_DATA AS T2 ON T1.MakeId  =  T2.Id ORDER BY T2.horsepower ASC LIMIT 1;",0,1,,424,1009,2412.9638671875,119.0485954284668,439.42337906274963,1
98,completed,SambaNova,MiniMax-M2.7,97,PASS,1,1,,424,377,972.8078842163086,118.26181411743164,439.9996830557002,1
99,completed,SambaNova,MiniMax-M2.7,98,PASS,1,1,,425,402,1042.043685913086,113.5563850402832,431.88528224677856,1
100,completed,SambaNova,MiniMax-M2.7,99,"FAIL
result mismatch (order_matters=False)
predicted: SELECT DISTINCT cm.FullName
FROM car_makers cm
JOIN model_list ml ON ml.Maker = cm.Id
JOIN car_names cn ON cn.Model = ml.Model
JOIN cars_data cd ON cd.Id = cn.MakeId
WHERE cd.Year = 1970
gold: SELECT DISTINCT T1.Maker FROM CAR_MAKERS AS T1 JOIN MODEL_LIST AS T2 ON T1.Id  =  T2.Maker JOIN CAR_NAMES AS T3 ON T2.model  =  T3.model JOIN CARS_DATA AS T4 ON T3.MakeId  =  T4.id WHERE T4.year  =  '1970';",0,1,,428,895,2244.3766593933105,221.9388484954834,442.04078621489174,1
101,completed,SambaNova,MiniMax-M2.7,100,"FAIL
result mismatch (order_matters=False)
predicted: SELECT DISTINCT cm.FullName
FROM cars_data cd
JOIN car_names cn ON cd.Id = cn.MakeId
JOIN model_list ml ON cn.Model = ml.Model
JOIN car_makers cm ON ml.Maker = cm.Id
WHERE cd.Year = 1970
gold: SELECT DISTINCT T1.Maker FROM CAR_MAKERS AS T1 JOIN MODEL_LIST AS T2 ON T1.Id  =  T2.Maker JOIN CAR_NAMES AS T3 ON T2.model  =  T3.model JOIN CARS_DATA AS T4 ON T3.MakeId  =  T4.id WHERE T4.year  =  '1970';",0,1,,428,1099,2690.157651901245,219.18559074401855,444.3595365808286,1
102,completed,SambaNova,MiniMax-M2.7,101,PASS,1,1,,427,472,1195.615530014038,117.3255443572998,436.80272122079936,1
103,completed,SambaNova,MiniMax-M2.7,102,"FAIL
result mismatch (order_matters=False)
predicted: SELECT cm.FullName AS Maker, cd.Year
FROM cars_data cd
JOIN car_names cn ON cd.Id = cn.MakeId
JOIN model_list ml ON cn.Model = ml.Model
JOIN car_makers cm ON ml.Maker = cm.Id
ORDER BY cd.Year ASC
LIMIT 1
gold: SELECT T2.Make ,  T1.Year FROM CARS_DATA AS T1 JOIN CAR_NAMES AS T2 ON T1.Id  =  T2.MakeId WHERE T1.Year  =  (SELECT min(YEAR) FROM CARS_DATA);",0,1,,428,1679,3989.3431663513184,218.68896484375,445.0156154147226,1
104,completed,SambaNova,MiniMax-M2.7,103,PASS,1,1,,422,737,1779.78515625,117.52605438232422,442.77092492563133,1
105,completed,SambaNova,MiniMax-M2.7,104,PASS,1,1,,424,1038,2454.3192386627197,117.10596084594727,443.69078758985916,1
106,completed,SambaNova,MiniMax-M2.7,105,"FAIL
result mismatch (order_matters=False)
predicted: SELECT cont.Continent, COUNT(cm.Id) AS maker_count
FROM continents cont
LEFT JOIN countries co ON co.Continent = cont.ContId
LEFT JOIN car_makers cm ON cm.Country = co.CountryId
GROUP BY cont.ContId, cont.Continent
gold: SELECT T1.Continent ,  count(*) FROM CONTINENTS AS T1 JOIN COUNTRIES AS T2 ON T1.ContId  =  T2.continent JOIN car_makers AS T3 ON T2.CountryId  =  T3.Country GROUP BY T1.Continent;",0,1,,428,653,1599.9443531036377,116.11104011535645,439.40245463753735,1
107,completed,SambaNova,MiniMax-M2.7,106,"FAIL
result mismatch (order_matters=False)
predicted: SELECT c.""Continent"",
       COUNT(cm.""Id"") AS ""maker_count""
FROM ""continents"" c
LEFT JOIN ""countries"" co ON co.""Continent"" = c.""ContId""
LEFT JOIN ""car_makers"" cm ON cm.""Country"" = co.""CountryId""
GROUP BY c.""ContId"", c.""Continent""
gold: SELECT T1.Continent ,  count(*) FROM CONTINENTS AS T1 JOIN COUNTRIES AS T2 ON T1.ContId  =  T2.continent JOIN car_makers AS T3 ON T2.CountryId  =  T3.Country GROUP BY T1.Continent;",0,1,,428,579,1421.2071895599365,117.15197563171387,443.232766394057,1
108,completed,SambaNova,MiniMax-M2.7,107,PASS,1,1,,425,403,1128.6981105804443,184.20696258544922,425.6260112690121,1
109,completed,SambaNova,MiniMax-M2.7,108,PASS,1,1,,423,445,1442.1441555023193,406.8336486816406,428.8568473659885,1
110,completed,SambaNova,MiniMax-M2.7,109,PASS,1,1,,430,452,1155.3869247436523,119.56334114074707,435.40232829154814,1
111,completed,SambaNova,MiniMax-M2.7,110,PASS,1,1,,435,547,1476.3128757476807,217.96274185180664,433.90149155829505,1
112,completed,SambaNova,MiniMax-M2.7,111,PASS,1,1,,428,538,1431.9932460784912,218.69182586669922,442.59405870163914,1
113,completed,SambaNova,MiniMax-M2.7,112,PASS,1,1,,428,923,2235.5282306671143,122.66921997070312,436.37554391104555,1
114,completed,SambaNova,MiniMax-M2.7,113,"FAIL
result mismatch (order_matters=False)
predicted: SELECT COUNT(*) AS ""Number of Car Makers in France""
FROM car_makers
JOIN countries ON car_makers.Country = countries.CountryId
WHERE countries.CountryName = 'France'
gold: SELECT count(*) FROM CAR_MAKERS AS T1 JOIN COUNTRIES AS T2 ON T1.Country  =  T2.CountryId WHERE T2.CountryName  =  'france';",0,1,,419,450,1151.4737606048584,116.77360534667969,433.94214035656097,1
115,completed,SambaNova,MiniMax-M2.7,114,"FAIL
result mismatch (order_matters=False)
predicted: SELECT COUNT(*) FROM car_makers
WHERE Country = (SELECT CountryId FROM countries WHERE CountryName = 'France')
gold: SELECT count(*) FROM CAR_MAKERS AS T1 JOIN COUNTRIES AS T2 ON T1.Country  =  T2.CountryId WHERE T2.CountryName  =  'france';",0,1,,421,693,1692.762851715088,119.80414390563965,439.935261214645,1
116,completed,SambaNova,MiniMax-M2.7,115,"FAIL
result mismatch (order_matters=False)
predicted: SELECT COUNT(*) AS model_count
FROM model_list
JOIN car_makers ON model_list.Maker = car_makers.Id
JOIN countries ON car_makers.Country = countries.CountryId
WHERE countries.CountryName = 'USA'
gold: SELECT count(*) FROM MODEL_LIST AS T1 JOIN CAR_MAKERS AS T2 ON T1.Maker  =  T2.Id JOIN COUNTRIES AS T3 ON T2.Country  =  T3.CountryId WHERE T3.CountryName  =  'usa';",0,1,,420,1613,3757.1098804473877,117.9964542388916,442.9650332937008,1
117,completed,SambaNova,MiniMax-M2.7,116,"FAIL
result mismatch (order_matters=False)
predicted: SELECT COUNT(*) 
FROM model_list 
INNER JOIN car_makers ON model_list.Maker = car_makers.Id 
INNER JOIN countries ON car_makers.Country = countries.CountryId 
WHERE countries.CountryName = 'United States'
gold: SELECT count(*) FROM MODEL_LIST AS T1 JOIN CAR_MAKERS AS T2 ON T1.Maker  =  T2.Id JOIN COUNTRIES AS T3 ON T2.Country  =  T3.CountryId WHERE T3.CountryName  =  'usa';",0,1,,424,948,2376.9681453704834,219.41518783569336,438.9231776178684,1
118,completed,SambaNova,MiniMax-M2.7,117,PASS,1,1,,428,488,1244.2386150360107,119.85397338867188,433.1258022935061,1
119,completed,SambaNova,MiniMax-M2.7,118,PASS,1,1,,426,374,1055.917739868164,200.88505744934082,436.2406346209025,1
120,completed,SambaNova,MiniMax-M2.7,119,PASS,1,1,,428,509,1288.1848812103271,118.89863014221191,434.4530687297093,1
121,completed,SambaNova,MiniMax-M2.7,120,PASS,1,1,,428,602,1512.2404098510742,117.54441261291504,430.91827981877606,1
122,completed,SambaNova,MiniMax-M2.7,121,"FAIL
result mismatch (order_matters=False)
predicted: SELECT cm.Maker, ml.Model
FROM car_makers cm
JOIN model_list ml ON cm.Id = ml.Maker
gold: SELECT Maker ,  Model FROM MODEL_LIST;",0,1,,418,2135,4922.406911849976,117.91729927062988,444.16788713886666,1
123,completed,SambaNova,MiniMax-M2.7,122,"FAIL
result mismatch (order_matters=False)
predicted: SELECT cm.Maker, ml.Model
FROM car_makers cm
JOIN model_list ml ON cm.Id = ml.Maker
gold: SELECT Maker ,  Model FROM MODEL_LIST;",0,1,,417,478,1198.8279819488525,119.72188949584961,442.0325335349492,1
124,completed,SambaNova,MiniMax-M2.7,123,PASS,1,1,,426,299,794.788122177124,119.61603164672852,441.3689549369552,1
125,completed,SambaNova,MiniMax-M2.7,124,PASS,1,1,,426,529,1332.4832916259766,118.86811256408691,435.06377401124615,1
126,completed,SambaNova,MiniMax-M2.7,125,"FAIL
result mismatch (order_matters=False)
predicted: SELECT COUNT(*) FROM cars_data WHERE CAST(Horsepower AS INTEGER) > 150
gold: SELECT count(*) FROM CARS_DATA WHERE horsepower  >  150;",0,1,,424,342,927.1414279937744,117.62833595275879,421.2408710280902,1
127,completed,SambaNova,MiniMax-M2.7,126,"FAIL
result mismatch (order_matters=False)
predicted: SELECT COUNT(*) FROM cars_data WHERE CAST(""Horsepower"" AS numeric) > 150
gold: SELECT count(*) FROM CARS_DATA WHERE horsepower  >  150;",0,1,,424,226,658.0660343170166,117.52629280090332,416.25061529965757,1
128,completed,SambaNova,MiniMax-M2.7,127,PASS,1,1,,420,652,1600.9323596954346,117.54369735717773,438.86003481638625,1
129,completed,SambaNova,MiniMax-M2.7,128,PASS,1,1,,421,342,935.6317520141602,126.23262405395508,421.30018209849817,1
130,completed,SambaNova,MiniMax-M2.7,129,PASS,1,1,,422,1126,2745.384454727173,185.2409839630127,439.4284979912498,1
131,completed,SambaNova,MiniMax-M2.7,130,"FAIL
result mismatch (order_matters=False)
predicted: SELECT c.CountryName
FROM continents co
JOIN countries c ON c.Continent = co.ContId
JOIN car_makers cm ON cm.Country = c.CountryId
WHERE co.Continent = 'Europe'
GROUP BY c.CountryId, c.CountryName
HAVING COUNT(cm.Id) >= 3
gold: SELECT T1.CountryName FROM COUNTRIES AS T1 JOIN CONTINENTS AS T2 ON T1.Continent  =  T2.ContId JOIN CAR_MAKERS AS T3 ON T1.CountryId  =  T3.Country WHERE T2.Continent  =  'europe' GROUP BY T1.CountryName HAVING count(*)  >=  3;",0,1,,425,1080,2646.7349529266357,219.62666511535645,444.5619527643828,1
132,completed,SambaNova,MiniMax-M2.7,131,"FAIL
result mismatch (order_matters=True)
predicted: SELECT cn.Make, CAST(cd.Horsepower AS INTEGER) AS MaxHorsepower
FROM cars_data cd
JOIN car_names cn ON cd.Id = cn.MakeId
WHERE cd.Cylinders = 3
ORDER BY CAST(cd.Horsepower AS INTEGER) DESC
LIMIT 1
gold: SELECT T2.horsepower ,  T1.Make FROM CAR_NAMES AS T1 JOIN CARS_DATA AS T2 ON T1.MakeId  =  T2.Id WHERE T2.cylinders  =  3 ORDER BY T2.horsepower DESC LIMIT 1;",0,1,,427,3434,7945.59121131897,220.2472686767578,444.381509158523,1
133,completed,SambaNova,MiniMax-M2.7,132,"FAIL
result mismatch (order_matters=True)
predicted: SELECT cn.Make, cd.Horsepower
FROM cars_data cd
JOIN car_names cn ON cd.Id = cn.MakeId
WHERE cd.Cylinders = 3
ORDER BY CAST(cd.Horsepower AS integer) DESC
LIMIT 1
gold: SELECT T2.horsepower ,  T1.Make FROM CAR_NAMES AS T1 JOIN CARS_DATA AS T2 ON T1.MakeId  =  T2.Id WHERE T2.cylinders  =  3 ORDER BY T2.horsepower DESC LIMIT 1;",0,1,,430,1338,3190.554618835449,182.39545822143555,444.45786562938935,1
134,completed,SambaNova,MiniMax-M2.7,133,"FAIL
result mismatch (order_matters=True)
predicted: SELECT cn.Model
FROM cars_data cd
JOIN car_names cn ON cd.Id = cn.MakeId
ORDER BY CAST(cd.MPG AS REAL) DESC
LIMIT 1
gold: SELECT T1.Model FROM CAR_NAMES AS T1 JOIN CARS_DATA AS T2 ON T1.MakeId  =  T2.Id ORDER BY T2.mpg DESC LIMIT 1;",0,1,,429,938,2333.460807800293,220.58987617492676,443.47242700679067,1
135,completed,SambaNova,MiniMax-M2.7,134,"FAIL
result mismatch (order_matters=True)
predicted: SELECT c.Make || ' ' || c.Model AS ""Car Model""
FROM cars_data cd
JOIN car_names c ON cd.Id = c.MakeId
ORDER BY CAST(cd.MPG AS REAL) DESC
LIMIT 1
gold: select t1.model from car_names as t1 join cars_data as t2 on t1.makeid  =  t2.id order by t2.mpg desc limit 1;",0,1,,420,3183,7300.956964492798,116.06335639953613,442.8736420558417,1
136,completed,SambaNova,MiniMax-M2.7,135,PASS,1,1,,423,651,1665.9317016601562,183.05730819702148,438.33786790395436,1
137,completed,SambaNova,MiniMax-M2.7,136,PASS,1,1,,424,551,1377.2258758544922,118.01767349243164,436.7824153053431,1
138,completed,SambaNova,MiniMax-M2.7,137,"FAIL
result mismatch (order_matters=False)
predicted: SELECT AVG(cd.Edispl) AS average_edispl
FROM cars_data cd
INNER JOIN car_names cn ON cd.Id = cn.MakeId
WHERE LOWER(cn.Make) = 'volvo'
gold: SELECT avg(T2.edispl) FROM CAR_NAMES AS T1 JOIN CARS_DATA AS T2 ON T1.MakeId  =  T2.Id WHERE T1.Model  =  'volvo';",0,1,,425,2748,6412.147521972656,212.4009132385254,443.08262472051007,1
139,completed,SambaNova,MiniMax-M2.7,138,"FAIL
result mismatch (order_matters=False)
predicted: SELECT AVG(cars_data.Edispl) 
FROM cars_data 
JOIN car_names ON cars_data.Id = car_names.MakeId 
WHERE car_names.Make = 'Volvo'
gold: SELECT avg(T2.edispl) FROM CAR_NAMES AS T1 JOIN CARS_DATA AS T2 ON T1.MakeId  =  T2.Id WHERE T1.Model  =  'volvo';",0,1,,422,704,1734.1163158416748,117.1410083770752,434.762359545426,1
140,completed,SambaNova,MiniMax-M2.7,139,PASS,1,1,,421,268,850.4893779754639,220.3202247619629,423.6957626987187,1
141,completed,SambaNova,MiniMax-M2.7,140,PASS,1,1,,421,279,813.6553764343262,183.52770805358887,441.1804368381205,1
142,completed,SambaNova,MiniMax-M2.7,141,PASS,1,1,,421,1910,4428.451299667358,118.2703971862793,442.9048439477605,1
143,completed,SambaNova,MiniMax-M2.7,142,PASS,1,1,,418,5948,13493.788480758667,117.88773536682129,444.6055718564457,1
144,completed,SambaNova,MiniMax-M2.7,143,PASS,1,1,,420,124,430.6788444519043,114.8686408996582,389.4744331135947,1
145,completed,SambaNova,MiniMax-M2.7,144,PASS,1,1,,423,127,534.1792106628418,218.6264991760254,399.2993734907716,1
146,completed,SambaNova,MiniMax-M2.7,145,PASS,1,1,,420,526,1330.8815956115723,116.46723747253418,432.3071416946248,1
147,completed,SambaNova,MiniMax-M2.7,146,PASS,1,1,,421,750,1822.1147060394287,115.7827377319336,438.9532716443979,1
148,completed,SambaNova,MiniMax-M2.7,147,PASS,1,1,,426,789,1917.0527458190918,119.14777755737305,438.2879039273514,1
149,completed,SambaNova,MiniMax-M2.7,148,PASS,1,1,,426,497,1242.1178817749023,117.7680492401123,441.1438376628678,1
150,completed,SambaNova,MiniMax-M2.7,149,PASS,1,1,,427,400,1300.894021987915,400.4790782928467,443.129029336861,1
151,completed,SambaNova,MiniMax-M2.7,150,"FAIL
model returned no SQL query",0,1,,1278,97026,241396.1639404297,118.0419921875,402.5477124914004,3
152,completed,SambaNova,MiniMax-M2.7,151,PASS,1,1,,431,1908,4431.10466003418,117.0034408569336,442.0387707926077,1
153,completed,SambaNova,MiniMax-M2.7,152,PASS,1,1,,431,2565,5912.422180175781,120.82529067993164,442.71036968237485,1
154,completed,SambaNova,MiniMax-M2.7,153,PASS,1,1,,431,267,749.5989799499512,119.08960342407227,421.88111692432886,1
155,completed,SambaNova,MiniMax-M2.7,154,PASS,1,1,,439,679,1646.8942165374756,118.49498748779297,443.6013752909062,1
156,completed,SambaNova,MiniMax-M2.7,155,PASS,1,1,,422,484,1240.0920391082764,116.33110046386719,429.806717238848,1
157,completed,SambaNova,MiniMax-M2.7,156,PASS,1,1,,422,397,1019.1771984100342,119.99869346618652,440.4019867275737,1
158,completed,SambaNova,MiniMax-M2.7,157,"FAIL
result mismatch (order_matters=True)
predicted: SELECT cd.Cylinders
FROM car_names cn
JOIN cars_data cd ON cn.MakeId = cd.Id
WHERE LOWER(cn.Make) = 'volvo'
ORDER BY cd.Accelerate ASC
LIMIT 1
gold: SELECT T1.cylinders FROM CARS_DATA AS T1 JOIN CAR_NAMES AS T2 ON T1.Id  =  T2.MakeId WHERE T2.Model  =  'volvo' ORDER BY T1.accelerate ASC LIMIT 1;",0,1,,427,785,1917.9153442382812,117.39587783813477,435.4298937780905,1
159,completed,SambaNova,MiniMax-M2.7,158,"FAIL
result mismatch (order_matters=True)
predicted: SELECT ""c"".""Cylinders""
FROM ""car_names"" ""cn""
JOIN ""cars_data"" ""c"" ON ""cn"".""MakeId"" = ""c"".""Id""
WHERE ""cn"".""Make"" = 'Volvo'
ORDER BY ""c"".""Accelerate"" ASC
LIMIT 1
gold: SELECT T1.cylinders FROM CARS_DATA AS T1 JOIN CAR_NAMES AS T2 ON T1.Id  =  T2.MakeId WHERE T2.Model  =  'volvo' ORDER BY T1.accelerate ASC LIMIT 1;",0,1,,427,2237,5154.426336288452,120.4376220703125,444.18057467720945,1
160,completed,SambaNova,MiniMax-M2.7,159,"FAIL
result mismatch (order_matters=True)
predicted: SELECT COUNT(*) FROM cars_data
WHERE accelerate > (SELECT accelerate FROM cars_data ORDER BY CAST(Horsepower AS INTEGER) DESC LIMIT 1)
gold: SELECT COUNT(*) FROM CARS_DATA WHERE Accelerate  >  ( SELECT Accelerate FROM CARS_DATA ORDER BY Horsepower DESC LIMIT 1 );",0,1,,425,1559,3722.31388092041,219.27976608276367,444.7573015063851,1
161,completed,SambaNova,MiniMax-M2.7,160,"FAIL
result mismatch (order_matters=True)
predicted: SELECT COUNT(*) AS num_cars
FROM cars_data
WHERE CAST(Accelerate AS REAL) > (
    SELECT MAX(CAST(Accelerate AS REAL))
    FROM cars_data
    WHERE CAST(Horsepower AS REAL) = (
        SELECT MAX(CAST(Horsepower AS REAL))
        FROM cars_data
    )
)
gold: SELECT COUNT(*) FROM CARS_DATA WHERE Accelerate  >  ( SELECT Accelerate FROM CARS_DATA ORDER BY Horsepower DESC LIMIT 1 );",0,1,,428,893,2137.483835220337,116.12129211425781,441.2864990707353,1
162,completed,SambaNova,MiniMax-M2.7,161,"FAIL
result mismatch (order_matters=False)
predicted: SELECT COUNT(*) AS ""Number of countries""
FROM (
    SELECT ""Country""
    FROM car_makers
    GROUP BY ""Country""
    HAVING COUNT(*) > 2
)
gold: select count(*) from countries as t1 join car_makers as t2 on t1.countryid  =  t2.country group by t1.countryid having count(*)  >  2",0,1,,421,678,1647.1147537231445,118.3934211730957,442.85376646815104,1
163,completed,SambaNova,MiniMax-M2.7,162,"FAIL
result mismatch (order_matters=False)
predicted: SELECT COUNT(*) AS num_countries
FROM (
    SELECT ""Country""
    FROM car_makers
    GROUP BY ""Country""
    HAVING COUNT(*) > 2
)
gold: select count(*) from countries as t1 join car_makers as t2 on t1.countryid  =  t2.country group by t1.countryid having count(*)  >  2",0,1,,424,740,1783.1840515136719,120.70012092590332,444.5155747994074,1
164,completed,SambaNova,MiniMax-M2.7,163,PASS,1,1,,419,315,835.3965282440186,116.34993553161621,436.68936503199706,1
165,completed,SambaNova,MiniMax-M2.7,164,PASS,1,1,,423,305,835.015058517456,115.86880683898926,422.72347146421566,1
166,completed,SambaNova,MiniMax-M2.7,165,"FAIL
result mismatch (order_matters=True)
predicted: SELECT cn.Model
FROM cars_data cd
JOIN car_names cn ON cd.Id = cn.MakeId
WHERE cd.Cylinders = 4
ORDER BY CAST(cd.Horsepower AS INTEGER) DESC
LIMIT 1
gold: SELECT T1.Model FROM CAR_NAMES AS T1 JOIN CARS_DATA AS T2 ON T1.MakeId  =  T2.Id WHERE T2.Cylinders  =  4 ORDER BY T2.horsepower DESC LIMIT 1;",0,1,,425,785,1914.781093597412,117.23685264587402,436.15060043528393,1
167,completed,SambaNova,MiniMax-M2.7,166,"FAIL
result mismatch (order_matters=True)
predicted: SELECT cn.Model
FROM cars_data cd
JOIN car_names cn ON cd.Id = cn.MakeId
WHERE cd.Cylinders = 4
  AND cd.Horsepower IS NOT NULL
  AND cd.Horsepower <> ''
ORDER BY CAST(cd.Horsepower AS REAL) DESC
LIMIT 1
gold: SELECT T1.Model FROM CAR_NAMES AS T1 JOIN CARS_DATA AS T2 ON T1.MakeId  =  T2.Id WHERE T2.Cylinders  =  4 ORDER BY T2.horsepower DESC LIMIT 1;",0,1,,426,896,2145.6689834594727,120.61023712158203,441.9624870727898,1
168,completed,SambaNova,MiniMax-M2.7,167,"FAIL
result mismatch (order_matters=False)
predicted: SELECT cn.""MakeId"", cn.""Make""
FROM car_names cn
JOIN cars_data cd ON cd.""Id"" = cn.""MakeId""
WHERE CAST(cd.""Horsepower"" AS REAL) > (
    SELECT MIN(CAST(cd2.""Horsepower"" AS REAL))
    FROM cars_data cd2
)
AND cd.""Cylinders"" <= 3
gold: SELECT T2.MakeId ,  T2.Make FROM CARS_DATA AS T1 JOIN CAR_NAMES AS T2 ON T1.Id  =  T2.MakeId WHERE T1.Horsepower  >  (SELECT min(Horsepower) FROM CARS_DATA) AND T1.Cylinders  <=  3;",0,1,,439,879,2094.4340229034424,117.42401123046875,444.104984201382,1
169,completed,SambaNova,MiniMax-M2.7,168,"FAIL
result mismatch (order_matters=False)
predicted: SELECT cn.MakeId, cn.Make
FROM cars_data cd
JOIN car_names cn ON cd.Id = cn.MakeId
WHERE cd.Cylinders < 4
  AND CAST(cd.Horsepower AS REAL) <> (SELECT MIN(CAST(Horsepower AS REAL)) FROM cars_data)
ORDER BY cn.MakeId
gold: select t2.makeid ,  t2.make from cars_data as t1 join car_names as t2 on t1.id  =  t2.makeid where t1.horsepower  >  (select min(horsepower) from cars_data) and t1.cylinders  <  4;",0,1,,438,1512,3532.500982284546,119.05908584594727,442.661702130186,1
170,completed,SambaNova,MiniMax-M2.7,169,"FAIL
result mismatch (order_matters=False)
predicted: SELECT MAX(CAST(MPG AS REAL)) FROM cars_data WHERE Cylinders = 8 OR Year < 1980
gold: select max(mpg) from cars_data where cylinders  =  8 or year  <  1980",0,1,,431,659,1600.0545024871826,116.80173873901367,443.61960151501,1
171,completed,SambaNova,MiniMax-M2.7,170,"FAIL
result mismatch (order_matters=False)
predicted: SELECT MAX(CAST(MPG AS REAL)) AS max_mpg
FROM cars_data
WHERE Cylinders = 8 OR Year < 1980
gold: select max(mpg) from cars_data where cylinders  =  8 or year  <  1980",0,1,,432,360,1028.8281440734863,217.0259952545166,442.2259789805709,1
172,completed,SambaNova,MiniMax-M2.7,171,PASS,1,1,,429,1367,3216.9713973999023,119.02642250061035,440.93746372767833,1
173,completed,SambaNova,MiniMax-M2.7,172,PASS,1,1,,433,1337,3125.9701251983643,117.82979965209961,444.12821724245475,1
174,completed,SambaNova,MiniMax-M2.7,173,PASS,1,1,,426,553,1377.6524066925049,118.83854866027832,438.50804189817586,1
175,completed,SambaNova,MiniMax-M2.7,174,PASS,1,1,,422,418,1061.5153312683105,116.29915237426758,441.16891914388714,1
176,completed,SambaNova,MiniMax-M2.7,175,"FAIL
result mismatch (order_matters=False)
predicted: SELECT cm.Id, cm.Maker
FROM car_makers cm
JOIN model_list ml ON ml.Maker = cm.Id
GROUP BY cm.Id, cm.Maker
HAVING COUNT(ml.ModelId) >= 2
AND cm.Country IN (
    SELECT cm2.Country
    FROM car_makers cm2
    GROUP BY cm2.Country
    HAVING COUNT(*) > 3
)
gold: select t1.id ,  t1.maker from car_makers as t1 join model_list as t2 on t1.id  =  t2.maker group by t1.id having count(*)  >=  2 intersect select t1.id ,  t1.maker from car_makers as t1 join model_list as t2 on t1.id  =  t2.maker join car_names as t3 on t2.model  =  t3.model group by t1.id having count(*)  >  3;",0,1,,437,5824,13230.29112815857,117.60163307189941,444.07365873964153,1
177,completed,SambaNova,MiniMax-M2.7,176,"FAIL
result mismatch (order_matters=False)
predicted: SELECT cm.Id, cm.Maker
FROM car_makers cm
JOIN model_list ml ON ml.Maker = cm.Id
JOIN car_names cn ON cn.Model = ml.Model
JOIN cars_data cd ON cd.Id = cn.MakeId
GROUP BY cm.Id, cm.Maker
HAVING COUNT(DISTINCT ml.Model) >= 2 AND COUNT(cd.Id) > 3
gold: SELECT T1.Id ,  T1.Maker FROM CAR_MAKERS AS T1 JOIN MODEL_LIST AS T2 ON T1.Id  =  T2.Maker GROUP BY T1.Id HAVING count(*)  >=  2 INTERSECT SELECT T1.Id ,  T1.Maker FROM CAR_MAKERS AS T1 JOIN MODEL_LIST AS T2 ON T1.Id  =  T2.Maker JOIN CAR_NAMES AS T3 ON T2.model  =  T3.model GROUP BY T1.Id HAVING count(*)  >  3;",0,1,,435,9009,20566.662073135376,121.28067016601562,440.5885037043982,1
178,completed,SambaNova,MiniMax-M2.7,177,PASS,1,1,,436,5298,12028.207778930664,119.7812557220459,444.81107471894376,1
179,completed,SambaNova,MiniMax-M2.7,178,"FAIL
result mismatch (order_matters=False)
predicted: SELECT c.CountryId, c.CountryName
FROM countries c
WHERE (SELECT COUNT(*) FROM car_makers cm WHERE cm.Country = c.CountryId) > 3
   OR EXISTS (SELECT 1
              FROM car_makers cm
              JOIN model_list ml ON ml.Maker = cm.Id
              JOIN car_names cn ON cn.Model = ml.Model
              WHERE cm.Country = c.CountryId AND cn.Make = 'fiat')
gold: select t1.countryid ,  t1.countryname from countries as t1 join car_makers as t2 on t1.countryid  =  t2.country group by t1.countryid having count(*)  >  3 union select t1.countryid ,  t1.countryname from countries as t1 join car_makers as t2 on t1.countryid  =  t2.country join model_list as t3 on t2.id  =  t3.maker where t3.model  =  'fiat';",0,1,,433,2109,4890.185594558716,125.20790100097656,442.3945158966895,1
180,completed,SambaNova,MiniMax-M2.7,179,PASS,1,1,,271,157,479.6617031097412,118.6974048614502,432.17570479143245,1
181,completed,SambaNova,MiniMax-M2.7,180,PASS,1,1,,268,343,926.2900352478027,116.70136451721191,422.4367414768435,1
182,completed,SambaNova,MiniMax-M2.7,181,PASS,1,1,,271,166,522.5870609283447,117.44952201843262,407.2690979067482,1
183,completed,SambaNova,MiniMax-M2.7,182,"FAIL
result mismatch (order_matters=False)
predicted: SELECT ""Abbreviation"" FROM ""airlines"" WHERE ""Airline"" = 'Jetblue Airways'
gold: SELECT Abbreviation FROM AIRLINES WHERE Airline  =  ""JetBlue Airways""",0,1,,267,374,972.3942279815674,117.94304847717285,436.53752133193893,1
184,completed,SambaNova,MiniMax-M2.7,183,PASS,1,1,,270,128,433.2711696624756,117.35892295837402,402.0103725796811,1
185,completed,SambaNova,MiniMax-M2.7,184,PASS,1,1,,272,175,522.0091342926025,116.49727821350098,429.0873309658757,1
186,completed,SambaNova,MiniMax-M2.7,185,PASS,1,1,,271,162,520.5631256103516,115.38362503051758,397.3547520780301,1
187,completed,SambaNova,MiniMax-M2.7,186,PASS,1,1,,275,171,523.073673248291,117.26045608520508,418.91193487589476,1
188,completed,SambaNova,MiniMax-M2.7,187,PASS,1,1,,266,104,386.86275482177734,116.33062362670898,380.73111517290124,1
189,completed,SambaNova,MiniMax-M2.7,188,PASS,1,1,,267,150,478.6241054534912,117.60878562927246,412.72486738942075,1
190,completed,SambaNova,MiniMax-M2.7,189,PASS,1,1,,266,161,520.9283828735352,116.14632606506348,395.2744379568837,1
191,completed,SambaNova,MiniMax-M2.7,190,PASS,1,1,,266,118,386.37542724609375,115.0670051574707,431.2435238806626,1
192,completed,SambaNova,MiniMax-M2.7,191,PASS,1,1,,266,187,567.2292709350586,116.06454849243164,412.2662760354739,1
193,completed,SambaNova,MiniMax-M2.7,192,PASS,1,1,,265,232,656.5883159637451,116.64295196533203,427.8210637635531,1
194,completed,SambaNova,MiniMax-M2.7,193,PASS,1,1,,267,242,702.5420665740967,117.71702766418457,412.08905906151574,1
195,completed,SambaNova,MiniMax-M2.7,194,"FAIL
result mismatch (order_matters=False)
predicted: SELECT * FROM airlines WHERE abbreviation = 'UAL'
gold: SELECT Airline FROM AIRLINES WHERE Abbreviation  =  ""UAL""",0,1,,267,138,432.94405937194824,116.81866645812988,433.3723360127187,1
196,completed,SambaNova,MiniMax-M2.7,195,PASS,1,1,,266,118,388.3223533630371,117.69819259643555,432.3339042182049,1
197,completed,SambaNova,MiniMax-M2.7,196,PASS,1,1,,268,69,300.19164085388184,117.68102645874023,372.58107001260606,1
198,completed,SambaNova,MiniMax-M2.7,197,PASS,1,1,,270,496,1240.2398586273193,115.65279960632324,440.161565108992,1
199,completed,SambaNova,MiniMax-M2.7,198,PASS,1,1,,270,650,1601.3894081115723,118.31188201904297,437.603556511252,1
200,completed,SambaNova,MiniMax-M2.7,199,PASS,1,1,,271,78,296.1142063140869,115.10300636291504,425.38804240163535,1
201,completed,SambaNova,MiniMax-M2.7,200,PASS,1,1,,271,111,387.27664947509766,116.54520034790039,406.30669379056474,1
202,completed,SambaNova,MiniMax-M2.7,201,PASS,1,1,,270,153,488.82198333740234,128.3419132232666,421.6599268632896,1
203,completed,SambaNova,MiniMax-M2.7,202,PASS,1,1,,268,256,703.1409740447998,118.09468269348145,435.86294583803,1
204,completed,SambaNova,MiniMax-M2.7,203,PASS,1,1,,269,163,523.9918231964111,118.64662170410156,399.6593506068026,1
205,completed,SambaNova,MiniMax-M2.7,204,PASS,1,1,,270,198,569.0264701843262,118.00765991210938,436.7888777878216,1
206,completed,SambaNova,MiniMax-M2.7,205,PASS,1,1,,267,100,341.106653213501,114.69173431396484,437.25033880796457,1
207,completed,SambaNova,MiniMax-M2.7,206,PASS,1,1,,268,201,617.2046661376953,122.65634536743164,404.4094208802451,1
208,completed,SambaNova,MiniMax-M2.7,207,PASS,1,1,,267,324,882.3163509368896,118.1173324584961,422.6647668864185,1
209,completed,SambaNova,MiniMax-M2.7,208,PASS,1,1,,268,452,1148.2164859771729,113.85631561279297,436.01833570324317,1
210,completed,SambaNova,MiniMax-M2.7,209,PASS,1,1,,267,405,1063.0576610565186,118.01791191101074,427.4952459568937,1
211,completed,SambaNova,MiniMax-M2.7,210,PASS,1,1,,268,394,1015.2182579040527,115.90576171875,437.0004883363954,1
212,completed,SambaNova,MiniMax-M2.7,211,PASS,1,1,,277,349,927.9227256774902,117.92564392089844,429.6311774917922,1
213,completed,SambaNova,MiniMax-M2.7,212,PASS,1,1,,268,469,1195.185899734497,116.79863929748535,433.9813879202774,1
214,completed,SambaNova,MiniMax-M2.7,213,PASS,1,1,,271,278,748.8744258880615,119.1720962524414,439.8903846525186,1
215,completed,SambaNova,MiniMax-M2.7,214,"FAIL
result mismatch (order_matters=False)
predicted: SELECT COUNT(*) 
FROM flights 
JOIN airlines ON flights.Airline = airlines.uid 
WHERE airlines.Airline = 'Jetblue Airways'
gold: SELECT count(*) FROM FLIGHTS AS T1 JOIN AIRLINES AS T2 ON T1.Airline  =  T2.uid WHERE T2.Airline = ""JetBlue Airways""",0,1,,268,245,701.4544010162354,115.89574813842773,416.69608808755333,1
216,completed,SambaNova,MiniMax-M2.7,215,PASS,1,1,,273,374,970.5121517181396,115.93794822692871,436.4746776537073,1
217,completed,SambaNova,MiniMax-M2.7,216,PASS,1,1,,272,721,1779.3631553649902,118.09134483337402,433.402887736713,1
218,completed,SambaNova,MiniMax-M2.7,217,PASS,1,1,,274,452,1148.9880084991455,115.50474166870117,436.38829430026186,1
219,completed,SambaNova,MiniMax-M2.7,218,PASS,1,1,,272,868,2095.832109451294,119.00162696838379,438.58085338255364,1
220,completed,SambaNova,MiniMax-M2.7,219,PASS,1,1,,272,643,1600.5237102508545,117.29121208190918,432.83841258369864,1
221,completed,SambaNova,MiniMax-M2.7,220,PASS,1,1,,271,626,1554.4390678405762,116.68777465820312,434.70661648065806,1
222,completed,SambaNova,MiniMax-M2.7,221,PASS,1,1,,268,543,1375.6048679351807,117.75493621826172,430.89400916068735,1
223,completed,SambaNova,MiniMax-M2.7,222,PASS,1,1,,268,352,926.4700412750244,117.13838577270508,433.6911791521963,1
224,completed,SambaNova,MiniMax-M2.7,223,PASS,1,1,,268,332,883.4552764892578,118.46351623535156,432.6843989667794,1
225,completed,SambaNova,MiniMax-M2.7,224,PASS,1,1,,268,316,837.5706672668457,117.66648292541504,437.55822906927875,1
226,completed,SambaNova,MiniMax-M2.7,225,"FAIL
result mismatch (order_matters=True)
predicted: SELECT AirportCode
FROM (
  SELECT AirportCode, COUNT(*) AS cnt
  FROM (
    SELECT SourceAirport AS AirportCode FROM flights
    UNION ALL
    SELECT DestAirport AS AirportCode FROM flights
  ) AS t
  GROUP BY AirportCode
) AS t2
ORDER BY cnt DESC
LIMIT 1
gold: SELECT T1.AirportCode FROM AIRPORTS AS T1 JOIN FLIGHTS AS T2 ON T1.AirportCode  =  T2.DestAirport OR T1.AirportCode  =  T2.SourceAirport GROUP BY T1.AirportCode ORDER BY count(*) DESC LIMIT 1",0,1,,273,571,1422.149896621704,118.61586570739746,437.272818723573,1
227,completed,SambaNova,MiniMax-M2.7,226,"FAIL
result mismatch (order_matters=True)
predicted: SELECT AirportCode
FROM (
    SELECT SourceAirport AS AirportCode FROM flights
    UNION ALL
    SELECT DestAirport AS AirportCode FROM flights
) AS t
GROUP BY AirportCode
ORDER BY COUNT(*) DESC
LIMIT 1
gold: SELECT T1.AirportCode FROM AIRPORTS AS T1 JOIN FLIGHTS AS T2 ON T1.AirportCode  =  T2.DestAirport OR T1.AirportCode  =  T2.SourceAirport GROUP BY T1.AirportCode ORDER BY count(*) DESC LIMIT 1",0,1,,272,648,1603.5490036010742,120.5434799194336,436.2761902557098,1
228,completed,SambaNova,MiniMax-M2.7,227,"FAIL
result mismatch (order_matters=True)
predicted: SELECT a.AirportCode
FROM airports a
ORDER BY (
  SELECT COUNT(*) FROM flights f WHERE f.SourceAirport = a.AirportCode
) + (
  SELECT COUNT(*) FROM flights f WHERE f.DestAirport = a.AirportCode
) ASC
LIMIT 1
gold: SELECT T1.AirportCode FROM AIRPORTS AS T1 JOIN FLIGHTS AS T2 ON T1.AirportCode  =  T2.DestAirport OR T1.AirportCode  =  T2.SourceAirport GROUP BY T1.AirportCode ORDER BY count(*) LIMIT 1",0,1,,273,1209,2855.9730052948,115.22746086120605,440.7559842442969,1
229,completed,SambaNova,MiniMax-M2.7,228,"FAIL
result mismatch (order_matters=True)
predicted: SELECT AirportCode
FROM (
    SELECT SourceAirport AS AirportCode FROM flights
    UNION ALL
    SELECT DestAirport AS AirportCode FROM flights
) AS airport_flights
GROUP BY AirportCode
ORDER BY COUNT(*) ASC
LIMIT 1
gold: SELECT T1.AirportCode FROM AIRPORTS AS T1 JOIN FLIGHTS AS T2 ON T1.AirportCode  =  T2.DestAirport OR T1.AirportCode  =  T2.SourceAirport GROUP BY T1.AirportCode ORDER BY count(*) LIMIT 1",0,1,,270,534,1430.7670593261719,216.2926197052002,438.8729664548109,1
230,completed,SambaNova,MiniMax-M2.7,229,PASS,1,1,,267,675,1649.158239364624,120.70226669311523,440.9678865803052,1
231,completed,SambaNova,MiniMax-M2.7,230,"FAIL
result mismatch (order_matters=True)
predicted: SELECT a.Airline
FROM airlines a
JOIN flights f ON a.uid = f.Airline
GROUP BY a.uid
ORDER BY COUNT(*) DESC
LIMIT 1
gold: SELECT T1.Airline FROM AIRLINES AS T1 JOIN FLIGHTS AS T2 ON T1.uid  =  T2.Airline GROUP BY T1.Airline ORDER BY count(*) DESC LIMIT 1",0,1,,266,783,1912.6865863800049,115.34833908081055,435.08783122769887,1
232,completed,SambaNova,MiniMax-M2.7,231,"FAIL
result mismatch (order_matters=True)
predicted: SELECT a.Abbreviation, a.Country
FROM airlines a
LEFT JOIN flights f ON a.uid = f.Airline
GROUP BY a.uid
ORDER BY COUNT(f.FlightNo) ASC
LIMIT 1
gold: SELECT T1.Abbreviation ,  T1.Country FROM AIRLINES AS T1 JOIN FLIGHTS AS T2 ON T1.uid  =  T2.Airline GROUP BY T1.Airline ORDER BY count(*) LIMIT 1",0,1,,275,5262,11975.848913192749,115.67163467407227,443.585275030315,1
233,completed,SambaNova,MiniMax-M2.7,232,"FAIL
result mismatch (order_matters=True)
predicted: SELECT a.Abbreviation, a.Country
FROM airlines a
JOIN (
    SELECT Airline, COUNT(*) AS flight_count
    FROM flights
    GROUP BY Airline
) f ON a.uid = f.Airline
ORDER BY f.flight_count ASC
LIMIT 1
gold: SELECT T1.Abbreviation ,  T1.Country FROM AIRLINES AS T1 JOIN FLIGHTS AS T2 ON T1.uid  =  T2.Airline GROUP BY T1.Airline ORDER BY count(*) LIMIT 1",0,1,,280,1234,2902.7023315429688,118.55173110961914,442.86397431521306,1
234,completed,SambaNova,MiniMax-M2.7,233,PASS,1,1,,274,588,1467.1118259429932,118.52002143859863,435.268847133267,1
235,completed,SambaNova,MiniMax-M2.7,234,PASS,1,1,,270,322,882.8299045562744,118.0877685546875,419.7493310337668,1
236,completed,SambaNova,MiniMax-M2.7,235,PASS,1,1,,273,580,1421.7400550842285,117.60282516479492,443.9716823633424,1
237,completed,SambaNova,MiniMax-M2.7,236,PASS,1,1,,270,551,1374.7076988220215,115.58842658996582,436.81326473941465,1
238,completed,SambaNova,MiniMax-M2.7,237,PASS,1,1,,277,665,1646.435022354126,117.59209632873535,434.31538236974677,1
239,completed,SambaNova,MiniMax-M2.7,238,PASS,1,1,,273,770,1870.3901767730713,117.7825927734375,438.77477595130654,1
240,completed,SambaNova,MiniMax-M2.7,239,PASS,1,1,,278,593,1557.1138858795166,209.08641815185547,439.16019085124486,1
241,completed,SambaNova,MiniMax-M2.7,240,PASS,1,1,,273,767,1870.8603382110596,117.54894256591797,436.88759561055934,1
242,completed,SambaNova,MiniMax-M2.7,241,"FAIL
result mismatch (order_matters=False)
predicted: SELECT a.uid, a.Airline, a.Abbreviation, a.Country
FROM airlines a
JOIN flights f ON a.uid = f.Airline
GROUP BY a.uid
HAVING COUNT(*) >= 10
gold: SELECT T1.Airline FROM AIRLINES AS T1 JOIN FLIGHTS AS T2 ON T1.uid  =  T2.Airline GROUP BY T1.Airline HAVING count(*)  >  10",0,1,,270,463,1195.0247287750244,116.10579490661621,428.2064068924278,1
243,completed,SambaNova,MiniMax-M2.7,242,"FAIL
result mismatch (order_matters=False)
predicted: SELECT a.uid, a.Airline
FROM airlines a
JOIN flights f ON a.uid = f.Airline
GROUP BY a.uid, a.Airline
HAVING COUNT(*) >= 10
gold: SELECT T1.Airline FROM AIRLINES AS T1 JOIN FLIGHTS AS T2 ON T1.uid  =  T2.Airline GROUP BY T1.Airline HAVING count(*)  >  10",0,1,,268,445,1150.7985591888428,116.98031425476074,429.47587951333765,1
244,completed,SambaNova,MiniMax-M2.7,243,"FAIL
result mismatch (order_matters=False)
predicted: SELECT a.uid, a.Airline
FROM airlines a
LEFT JOIN flights f ON a.uid = f.Airline
GROUP BY a.uid, a.Airline
HAVING COUNT(f.FlightNo) < 200
gold: SELECT T1.Airline FROM AIRLINES AS T1 JOIN FLIGHTS AS T2 ON T1.uid  =  T2.Airline GROUP BY T1.Airline HAVING count(*)  <  200",0,1,,270,521,1330.3771018981934,117.0034408569336,428.5571845640366,1
245,completed,SambaNova,MiniMax-M2.7,244,PASS,1,1,,268,1007,2411.1876487731934,118.40558052062988,438.7682605903838,1
246,completed,SambaNova,MiniMax-M2.7,245,PASS,1,1,,270,213,613.3217811584473,118.07417869567871,428.0687053218751,1
247,completed,SambaNova,MiniMax-M2.7,246,PASS,1,1,,268,345,929.6319484710693,118.34025382995605,424.0151874748002,1
248,completed,SambaNova,MiniMax-M2.7,247,PASS,1,1,,273,312,835.3629112243652,115.77343940734863,432.1908701842205,1
249,completed,SambaNova,MiniMax-M2.7,248,PASS,1,1,,270,245,701.0035514831543,116.06073379516602,417.13479099447795,1
250,completed,SambaNova,MiniMax-M2.7,249,PASS,1,1,,273,212,613.609790802002,118.14665794372559,425.8641783956003,1
251,completed,SambaNova,MiniMax-M2.7,250,PASS,1,1,,270,376,972.18918800354,117.72966384887695,438.8739190086228,1
252,completed,SambaNova,MiniMax-M2.7,251,PASS,1,1,,273,419,1060.8220100402832,116.65797233581543,442.71967932212,1
253,completed,SambaNova,MiniMax-M2.7,252,PASS,1,1,,269,399,1018.3460712432861,119.13204193115234,442.60875278431274,1
254,completed,SambaNova,MiniMax-M2.7,253,PASS,1,1,,273,333,880.1274299621582,115.42320251464844,434.15478571130154,1
255,completed,SambaNova,MiniMax-M2.7,254,PASS,1,1,,269,365,972.4454879760742,117.92135238647461,425.96807373831444,1
256,completed,SambaNova,MiniMax-M2.7,255,PASS,1,1,,275,390,1017.7111625671387,118.51978302001953,432.6109089212145,1
257,completed,SambaNova,MiniMax-M2.7,256,PASS,1,1,,270,383,1015.1968002319336,115.7674789428711,424.71375010603106,1
258,completed,SambaNova,MiniMax-M2.7,257,PASS,1,1,,274,505,1289.5679473876953,121.00696563720703,431.2996992634607,1
259,completed,SambaNova,MiniMax-M2.7,258,"FAIL
result mismatch (order_matters=False)
predicted: SELECT * FROM airports
WHERE AirportCode NOT IN (SELECT SourceAirport FROM flights)
  AND AirportCode NOT IN (SELECT DestAirport FROM flights)
gold: SELECT AirportName FROM Airports WHERE AirportCode NOT IN (SELECT SourceAirport FROM Flights UNION SELECT DestAirport FROM Flights)",0,1,,269,301,836.2641334533691,117.06376075744629,417.12992844462786,1
260,completed,SambaNova,MiniMax-M2.7,259,PASS,1,1,,318,93,345.41821479797363,119.2176342010498,406.7186731228538,1
261,completed,SambaNova,MiniMax-M2.7,260,PASS,1,1,,318,153,479.45523262023926,117.81024932861328,420.3016964773685,1
262,completed,SambaNova,MiniMax-M2.7,261,PASS,1,1,,322,150,476.4065742492676,116.17374420166016,413.62137920718817,1
263,completed,SambaNova,MiniMax-M2.7,262,PASS,1,1,,325,150,478.91759872436523,118.18075180053711,413.0434727436155,1
264,completed,SambaNova,MiniMax-M2.7,263,PASS,1,1,,322,95,342.70429611206055,116.59431457519531,415.72689255504685,1
265,completed,SambaNova,MiniMax-M2.7,264,PASS,1,1,,321,157,477.3244857788086,116.00542068481445,431.75136623199745,1
266,completed,SambaNova,MiniMax-M2.7,265,PASS,1,1,,326,318,837.7890586853027,118.15667152404785,440.50268672658666,1
267,completed,SambaNova,MiniMax-M2.7,266,PASS,1,1,,326,251,704.0383815765381,117.77830123901367,426.43190008105074,1
268,completed,SambaNova,MiniMax-M2.7,267,PASS,1,1,,321,232,655.3831100463867,115.39959907531738,427.7908404732312,1
269,completed,SambaNova,MiniMax-M2.7,268,PASS,1,1,,321,187,571.2461471557617,120.84817886352539,412.9681150766553,1
270,completed,SambaNova,MiniMax-M2.7,269,PASS,1,1,,329,212,612.8497123718262,117.11478233337402,425.6306893355963,1
271,completed,SambaNova,MiniMax-M2.7,270,PASS,1,1,,330,227,658.2956314086914,118.1943416595459,418.4400302116804,1
272,completed,SambaNova,MiniMax-M2.7,271,PASS,1,1,,324,302,836.9908332824707,117.06900596618652,418.1009501018522,1
273,completed,SambaNova,MiniMax-M2.7,272,PASS,1,1,,326,186,568.8560009002686,118.49546432495117,410.78199570237206,1
274,completed,SambaNova,MiniMax-M2.7,273,PASS,1,1,,330,237,658.005952835083,117.17534065246582,436.3658318962021,1
275,completed,SambaNova,MiniMax-M2.7,274,PASS,1,1,,335,221,659.1713428497314,119.68326568603516,407.7939982596606,1
276,completed,SambaNova,MiniMax-M2.7,275,PASS,1,1,,329,190,570.2705383300781,119.22407150268555,419.0255636617744,1
277,completed,SambaNova,MiniMax-M2.7,276,PASS,1,1,,328,185,566.9207572937012,116.75333976745605,408.7368228716212,1
278,completed,SambaNova,MiniMax-M2.7,277,PASS,1,1,,327,1011,2407.4020385742188,115.96345901489258,440.7711422028324,1
279,completed,SambaNova,MiniMax-M2.7,278,PASS,1,1,,327,637,1551.734209060669,113.87157440185547,442.3231988018902,1
280,completed,SambaNova,MiniMax-M2.7,279,PASS,1,1,,326,410,1062.6718997955322,118.15118789672852,433.0238552183495,1
281,completed,SambaNova,MiniMax-M2.7,280,PASS,1,1,,325,357,925.1904487609863,116.12892150878906,440.0159790184031,1
282,completed,SambaNova,MiniMax-M2.7,281,PASS,1,1,,326,639,1554.809808731079,116.98150634765625,443.7247472055017,1
283,completed,SambaNova,MiniMax-M2.7,282,PASS,1,1,,325,299,793.2074069976807,117.86890029907227,441.2601932870268,1
284,completed,SambaNova,MiniMax-M2.7,283,PASS,1,1,,328,503,1284.5263481140137,116.0435676574707,429.61694292479126,1
285,completed,SambaNova,MiniMax-M2.7,284,PASS,1,1,,325,631,1552.2665977478027,114.83168601989746,438.2807143891423,1
286,completed,SambaNova,MiniMax-M2.7,285,PASS,1,1,,325,492,1242.3317432403564,118.53623390197754,436.91222817669944,1
287,completed,SambaNova,MiniMax-M2.7,286,PASS,1,1,,324,448,1153.5320281982422,118.83044242858887,432.0086159600337,1
288,completed,SambaNova,MiniMax-M2.7,287,"FAIL
result mismatch (order_matters=False)
predicted: SELECT s.Name AS Shop_Name, COUNT(h.Employee_ID) AS Number_of_Employees
FROM shop s
LEFT JOIN hiring h ON s.Shop_ID = h.Shop_ID
GROUP BY s.Shop_ID, s.Name
gold: SELECT count(*) ,  t2.name FROM hiring AS t1 JOIN shop AS t2 ON t1.shop_id  =  t2.shop_id GROUP BY t2.name",0,1,,329,521,1328.9909362792969,116.06049537658691,428.7137847847201,1
289,completed,SambaNova,MiniMax-M2.7,288,"FAIL
result mismatch (order_matters=False)
predicted: SELECT s.Shop_ID, s.Name, COUNT(h.Employee_ID) AS Number_of_Employees
FROM shop s
LEFT JOIN hiring h ON s.Shop_ID = h.Shop_ID
GROUP BY s.Shop_ID, s.Name
gold: SELECT count(*) ,  t2.name FROM hiring AS t1 JOIN shop AS t2 ON t1.shop_id  =  t2.shop_id GROUP BY t2.name",0,1,,330,542,1377.1657943725586,118.57867240905762,429.8470805548962,1
290,completed,SambaNova,MiniMax-M2.7,289,PASS,1,1,,321,265,748.2297420501709,118.7288761138916,419.3798837867257,1
291,completed,SambaNova,MiniMax-M2.7,290,PASS,1,1,,324,176,522.3846435546875,116.73259735107422,431.40420869998616,1
292,completed,SambaNova,MiniMax-M2.7,291,PASS,1,1,,320,188,566.9915676116943,116.75310134887695,415.33545890066756,1
293,completed,SambaNova,MiniMax-M2.7,292,PASS,1,1,,320,231,658.2117080688477,117.91872978210449,425.6949641087782,1
294,completed,SambaNova,MiniMax-M2.7,293,PASS,1,1,,334,593,1463.8378620147705,115.28587341308594,438.9893789811141,1
295,completed,SambaNova,MiniMax-M2.7,294,PASS,1,1,,338,374,971.7402458190918,117.5072193145752,436.64900375755707,1
296,completed,SambaNova,MiniMax-M2.7,295,PASS,1,1,,320,156,478.3599376678467,117.6595687866211,429.7195494442083,1
297,completed,SambaNova,MiniMax-M2.7,296,PASS,1,1,,320,213,611.9065284729004,115.46874046325684,427.04243133861075,1
298,completed,SambaNova,MiniMax-M2.7,297,PASS,1,1,,352,73,299.0233898162842,117.89703369140625,397.51255168165284,1
299,completed,SambaNova,MiniMax-M2.7,298,PASS,1,1,,351,104,385.50710678100586,114.82882499694824,380.52554243037343,1
300,completed,SambaNova,MiniMax-M2.7,299,PASS,1,1,,359,61,297.4231243133545,116.94693565368652,332.4538292037222,1
301,completed,SambaNova,MiniMax-M2.7,300,PASS,1,1,,358,138,431.0431480407715,115.55027961730957,434.24119437183407,1
302,completed,SambaNova,MiniMax-M2.7,301,PASS,1,1,,366,228,654.8292636871338,115.2505874633789,420.6986117180558,1
303,completed,SambaNova,MiniMax-M2.7,302,PASS,1,1,,362,366,972.8436470031738,117.3868179321289,426.6726123355163,1
304,completed,SambaNova,MiniMax-M2.7,303,PASS,1,1,,364,171,524.7721672058105,119.39334869384766,419.3608354378862,1
305,completed,SambaNova,MiniMax-M2.7,304,PASS,1,1,,365,213,609.2798709869385,114.37487602233887,428.3650441134955,1
306,completed,SambaNova,MiniMax-M2.7,305,PASS,1,1,,354,288,793.306827545166,117.34223365783691,424.5784506989099,1
307,completed,SambaNova,MiniMax-M2.7,306,PASS,1,1,,355,154,478.8951873779297,118.28017234802246,424.27517885607483,1
308,completed,SambaNova,MiniMax-M2.7,307,PASS,1,1,,359,267,743.7663078308105,113.60740661621094,422.11575443479154,1
309,completed,SambaNova,MiniMax-M2.7,308,PASS,1,1,,357,408,1062.1840953826904,117.54131317138672,430.8506958019181,1
310,completed,SambaNova,MiniMax-M2.7,309,"FAIL
result mismatch (order_matters=False)
predicted: SELECT t.Template_ID, COUNT(d.Document_ID) AS NumberOfDocuments
FROM Templates t
LEFT JOIN Documents d ON t.Template_ID = d.Template_ID
GROUP BY t.Template_ID
gold: SELECT template_id ,  count(*) FROM Documents GROUP BY template_id",0,1,,357,204,613.5339736938477,117.97070503234863,409.6348798172566,1
311,completed,SambaNova,MiniMax-M2.7,310,PASS,1,1,,365,267,746.3531494140625,116.37449264526367,422.23652681240213,1
312,completed,SambaNova,MiniMax-M2.7,311,"FAIL
result mismatch (order_matters=True)
predicted: SELECT t.Template_ID, t.Template_Type_Code
FROM Templates t
JOIN Documents d ON t.Template_ID = d.Template_ID
GROUP BY t.Template_ID, t.Template_Type_Code
ORDER BY COUNT(*) DESC
LIMIT 1
gold: SELECT T1.template_id ,  T2.Template_Type_Code FROM Documents AS T1 JOIN Templates AS T2 ON T1.template_id  =  T2.template_id GROUP BY T1.template_id ORDER BY count(*) DESC LIMIT 1",0,1,,361,310,837.2194766998291,116.52398109436035,428.75250627229707,1
313,completed,SambaNova,MiniMax-M2.7,312,"FAIL
result mismatch (order_matters=True)
predicted: SELECT t.""Template_ID"", t.""Template_Type_Code""
FROM ""Templates"" t
JOIN (
    SELECT ""Template_ID"", COUNT(*) AS cnt
    FROM ""Documents""
    GROUP BY ""Template_ID""
) d ON t.""Template_ID"" = d.""Template_ID""
ORDER BY d.cnt DESC
LIMIT 1
gold: SELECT T1.template_id ,  T2.Template_Type_Code FROM Documents AS T1 JOIN Templates AS T2 ON T1.template_id  =  T2.template_id GROUP BY T1.template_id ORDER BY count(*) DESC LIMIT 1",0,1,,364,471,1196.6466903686523,117.79904365539551,435.65002104965396,1
314,completed,SambaNova,MiniMax-M2.7,313,PASS,1,1,,359,284,789.5364761352539,115.31782150268555,419.74513469110053,1
315,completed,SambaNova,MiniMax-M2.7,314,PASS,1,1,,361,278,751.1177062988281,120.92995643615723,439.5515464405064,1
316,completed,SambaNova,MiniMax-M2.7,315,PASS,1,1,,356,162,522.4094390869141,117.31910705566406,397.44221786951937,1
317,completed,SambaNova,MiniMax-M2.7,316,PASS,1,1,,359,238,655.3075313568115,115.24271965026855,438.8362190291701,1
318,completed,SambaNova,MiniMax-M2.7,317,PASS,1,1,,352,87,346.39954566955566,120.60356140136719,380.87479845458085,1
319,completed,SambaNova,MiniMax-M2.7,318,PASS,1,1,,351,72,294.71826553344727,113.4800910949707,391.7496974353038,1
320,completed,SambaNova,MiniMax-M2.7,319,PASS,1,1,,360,103,387.29357719421387,116.90855026245117,377.2398241036543,1
321,completed,SambaNova,MiniMax-M2.7,320,PASS,1,1,,360,190,566.8301582336426,116.10126495361328,419.3207997486371,1
322,completed,SambaNova,MiniMax-M2.7,321,PASS,1,1,,355,91,339.963436126709,113.25287818908691,396.981952753885,1
323,completed,SambaNova,MiniMax-M2.7,322,PASS,1,1,,353,231,658.4789752960205,118.08586120605469,425.6160820763329,1
324,completed,SambaNova,MiniMax-M2.7,323,PASS,1,1,,359,73,393.39423179626465,212.28671073913574,397.5538927358416,1
325,completed,SambaNova,MiniMax-M2.7,324,PASS,1,1,,358,138,432.99388885498047,117.4776554107666,434.2090373750067,1
326,completed,SambaNova,MiniMax-M2.7,325,PASS,1,1,,354,87,342.05031394958496,116.52636528015137,381.3342241805826,1
327,completed,SambaNova,MiniMax-M2.7,326,PASS,1,1,,355,248,701.31516456604,115.52691459655762,421.65407041344355,1
328,completed,SambaNova,MiniMax-M2.7,327,PASS,1,1,,365,264,1114.274501800537,484.01761054992676,417.29016160082375,1
329,completed,SambaNova,MiniMax-M2.7,328,PASS,1,1,,364,149,478.43027114868164,117.82050132751465,410.4159465047104,1
330,completed,SambaNova,MiniMax-M2.7,329,PASS,1,1,,357,762,1872.1890449523926,118.10970306396484,433.84582545776607,1
331,completed,SambaNova,MiniMax-M2.7,330,PASS,1,1,,361,409,1060.5270862579346,116.18709564208984,432.04778369485933,1
332,completed,SambaNova,MiniMax-M2.7,331,PASS,1,1,,355,876,2096.3613986968994,118.66545677185059,442.43403723036056,1
333,completed,SambaNova,MiniMax-M2.7,332,PASS,1,1,,360,320,836.327314376831,115.83399772644043,442.75219856729126,1
334,completed,SambaNova,MiniMax-M2.7,333,PASS,1,1,,356,772,1869.4658279418945,117.29288101196289,440.0250565167708,1
335,completed,SambaNova,MiniMax-M2.7,334,PASS,1,1,,360,603,1513.549566268921,120.10526657104492,432.0230095530367,1
336,completed,SambaNova,MiniMax-M2.7,335,PASS,1,1,,356,559,1377.0017623901367,118.29400062561035,443.31179718615914,1
337,completed,SambaNova,MiniMax-M2.7,336,PASS,1,1,,359,833,2003.7364959716797,115.51475524902344,440.6262156909488,1
338,completed,SambaNova,MiniMax-M2.7,337,PASS,1,1,,365,392,1019.6034908294678,120.0871467590332,434.6780384563903,1
339,completed,SambaNova,MiniMax-M2.7,338,PASS,1,1,,363,428,1396.439552307129,405.74169158935547,431.0093086207262,1
340,completed,SambaNova,MiniMax-M2.7,339,PASS,1,1,,357,137,432.7716827392578,117.1729564666748,430.9269609742868,1
341,completed,SambaNova,MiniMax-M2.7,340,PASS,1,1,,359,128,434.4022274017334,118.6058521270752,402.1578774916084,1
342,completed,SambaNova,MiniMax-M2.7,341,"FAIL
result mismatch (order_matters=False)
predicted: SELECT r.Template_Type_Code,
       COUNT(d.Document_ID) AS Number_of_Documents
FROM Ref_Template_Types r
LEFT JOIN Templates t ON r.Template_Type_Code = t.Template_Type_Code
LEFT JOIN Documents d ON t.Template_ID = d.Template_ID
GROUP BY r.Template_Type_Code
gold: SELECT T1.template_type_code ,  count(*) FROM Templates AS T1 JOIN Documents AS T2 ON T1.template_id  =  T2.template_id GROUP BY T1.template_type_code",0,1,,359,552,1383.0926418304443,124.1004467010498,437.65164083751154,1
343,completed,SambaNova,MiniMax-M2.7,342,"FAIL
result mismatch (order_matters=False)
predicted: SELECT
    ""Ref_Template_Types"".""Template_Type_Code"",
    COUNT(""Documents"".""Document_ID"") AS ""Document_Count""
FROM ""Ref_Template_Types""
LEFT JOIN ""Templates"" ON ""Templates"".""Template_Type_Code"" = ""Ref_Template_Types"".""Template_Type_Code""
LEFT JOIN ""Documents"" ON ""Documents"".""Template_ID"" = ""Templates"".""Template_ID""
GROUP BY ""Ref_Template_Types"".""Template_Type_Code""
gold: SELECT T1.template_type_code ,  count(*) FROM Templates AS T1 JOIN Documents AS T2 ON T1.template_id  =  T2.template_id GROUP BY T1.template_type_code",0,1,,361,1595,3709.812641143799,115.12422561645508,443.43203519801006,1
344,completed,SambaNova,MiniMax-M2.7,343,PASS,1,1,,357,198,569.4887638092041,119.00019645690918,437.30299562949926,1
345,completed,SambaNova,MiniMax-M2.7,344,PASS,1,1,,360,307,836.5976810455322,117.07162857055664,425.27994496855604,1
346,completed,SambaNova,MiniMax-M2.7,345,PASS,1,1,,358,844,2050.567626953125,117.9647445678711,436.19928733602734,1
347,completed,SambaNova,MiniMax-M2.7,346,PASS,1,1,,360,652,1602.3223400115967,118.49093437194824,438.72908844341896,1
348,completed,SambaNova,MiniMax-M2.7,347,PASS,1,1,,353,102,388.4167671203613,117.4626350402832,372.7568176378662,1
349,completed,SambaNova,MiniMax-M2.7,348,PASS,1,1,,357,70,299.579381942749,118.44468116760254,380.9319788241674,1
350,completed,SambaNova,MiniMax-M2.7,349,PASS,1,1,,358,87,340.9314155578613,115.21291732788086,381.005547504468,1
351,completed,SambaNova,MiniMax-M2.7,350,PASS,1,1,,359,104,387.29310035705566,116.25409126281738,380.0190988898858,1
352,completed,SambaNova,MiniMax-M2.7,351,PASS,1,1,,358,88,343.6727523803711,116.50228500366211,382.97231592049724,1
353,completed,SambaNova,MiniMax-M2.7,352,PASS,1,1,,359,96,342.2055244445801,115.53359031677246,419.1079074943386,1
354,completed,SambaNova,MiniMax-M2.7,353,PASS,1,1,,361,364,969.9547290802002,115.93890190124512,425.050670546806,1
355,completed,SambaNova,MiniMax-M2.7,354,"FAIL
result mismatch (order_matters=False)
predicted: SELECT DISTINCT t.Template_Details
FROM Templates t
JOIN Documents d ON t.Template_ID = d.Template_ID
gold: SELECT DISTINCT T1.template_type_description FROM Ref_template_types AS T1 JOIN Templates AS T2 ON T1.template_type_code  = T2.template_type_code JOIN Documents AS T3 ON T2.Template_ID  =  T3.template_ID",0,1,,359,558,1376.1882781982422,116.89305305480957,442.31089650686016,1
356,completed,SambaNova,MiniMax-M2.7,355,PASS,1,1,,357,413,1152.6165008544922,207.95297622680664,436.1341252827339,1
357,completed,SambaNova,MiniMax-M2.7,356,PASS,1,1,,357,277,750.4236698150635,120.46456336975098,438.12367688022283,1
358,completed,SambaNova,MiniMax-M2.7,357,PASS,1,1,,351,130,434.05795097351074,118.34144592285156,408.59441282393817,1
359,completed,SambaNova,MiniMax-M2.7,358,PASS,1,1,,351,83,340.0402069091797,114.08233642578125,362.8995078798315,1
360,completed,SambaNova,MiniMax-M2.7,359,PASS,1,1,,358,226,658.013105392456,117.22874641418457,416.06232921585,1
361,completed,SambaNova,MiniMax-M2.7,360,PASS,1,1,,358,299,789.8898124694824,115.07201194763184,441.6006806126786,1
362,completed,SambaNova,MiniMax-M2.7,361,"FAIL
result mismatch (order_matters=False)
predicted: SELECT * FROM Paragraphs WHERE Paragraph_Text = 'Korea '
gold: select other_details from paragraphs where paragraph_text like 'korea'",0,1,,356,150,763.3435726165771,402.4231433868408,412.83337803291033,1
363,completed,SambaNova,MiniMax-M2.7,362,"FAIL
result mismatch (order_matters=False)
predicted: SELECT * FROM Paragraphs WHERE Paragraph_Text LIKE '%Korea %'
gold: select other_details from paragraphs where paragraph_text like 'korea'",0,1,,360,369,970.6225395202637,116.73307418823242,430.9691300113473,1
364,completed,SambaNova,MiniMax-M2.7,363,PASS,1,1,,361,189,568.4349536895752,117.58184432983398,416.98725393505606,1
365,completed,SambaNova,MiniMax-M2.7,364,PASS,1,1,,363,192,567.4576759338379,116.69087409973145,423.7224197142469,1
366,completed,SambaNova,MiniMax-M2.7,365,PASS,1,1,,356,354,925.5881309509277,115.9067153930664,435.97394384652756,1
367,completed,SambaNova,MiniMax-M2.7,366,PASS,1,1,,361,213,612.1327877044678,117.33436584472656,428.4573083381719,1
368,completed,SambaNova,MiniMax-M2.7,367,"FAIL
result mismatch (order_matters=True)
predicted: SELECT d.Document_ID, COUNT(p.Paragraph_ID) AS ""Number of Paragraphs""
FROM Documents d
LEFT JOIN Paragraphs p ON d.Document_ID = p.Document_ID
GROUP BY d.Document_ID
ORDER BY d.Document_ID
gold: SELECT document_id ,  count(*) FROM Paragraphs GROUP BY document_id ORDER BY document_id",0,1,,363,521,1327.8272151947021,115.16499519348145,428.8086092098066,1
369,completed,SambaNova,MiniMax-M2.7,368,"FAIL
result mismatch (order_matters=True)
predicted: SELECT d.Document_ID, COUNT(p.Paragraph_ID) AS paragraph_count
FROM Documents d
LEFT JOIN Paragraphs p ON d.Document_ID = p.Document_ID
GROUP BY d.Document_ID
ORDER BY d.Document_ID
gold: SELECT document_id ,  count(*) FROM Paragraphs GROUP BY document_id ORDER BY document_id",0,1,,364,567,1418.860673904419,115.56053161621094,434.28215929315564,1
370,completed,SambaNova,MiniMax-M2.7,369,"FAIL
result mismatch (order_matters=False)
predicted: SELECT 
    d.""Document_ID"",
    d.""Document_Name"",
    COUNT(p.""Paragraph_ID"") AS ""Number_of_Paragraphs""
FROM ""Documents"" d
LEFT JOIN ""Paragraphs"" p ON d.""Document_ID"" = p.""Document_ID""
GROUP BY d.""Document_ID"", d.""Document_Name""
gold: SELECT T1.document_id ,  T2.document_name ,  count(*) FROM Paragraphs AS T1 JOIN Documents AS T2 ON T1.document_id  =  T2.document_id GROUP BY T1.document_id",0,1,,360,266,746.9954490661621,116.67442321777344,420.4206890343216,1
371,completed,SambaNova,MiniMax-M2.7,370,"FAIL
result mismatch (order_matters=False)
predicted: SELECT d.Document_ID, d.Document_Name, COUNT(p.Paragraph_ID) AS Number_of_Paragraphs
FROM Documents d
LEFT JOIN Paragraphs p ON d.Document_ID = p.Document_ID
GROUP BY d.Document_ID, d.Document_Name
gold: SELECT T1.document_id ,  T2.document_name ,  count(*) FROM Paragraphs AS T1 JOIN Documents AS T2 ON T1.document_id  =  T2.document_id GROUP BY T1.document_id",0,1,,365,403,1059.8094463348389,115.24844169616699,425.59453336079577,1
372,completed,SambaNova,MiniMax-M2.7,371,PASS,1,1,,355,177,521.7971801757812,116.07480049133301,433.7941627397643,1
373,completed,SambaNova,MiniMax-M2.7,372,PASS,1,1,,359,213,612.586498260498,116.69230461120605,427.51055107116537,1
374,completed,SambaNova,MiniMax-M2.7,373,PASS,1,1,,358,398,1022.371768951416,116.91570281982422,438.4530788954957,1
375,completed,SambaNova,MiniMax-M2.7,374,PASS,1,1,,358,517,1287.726640701294,117.99502372741699,441.1268298747913,1
376,completed,SambaNova,MiniMax-M2.7,375,PASS,1,1,,356,403,1062.2620582580566,116.72353744506836,425.15454542703804,1
377,completed,SambaNova,MiniMax-M2.7,376,"FAIL
result mismatch (order_matters=True)
predicted: SELECT d.Document_ID
FROM Documents d
LEFT JOIN Paragraphs p ON d.Document_ID = p.Document_ID
GROUP BY d.Document_ID
ORDER BY COUNT(p.Paragraph_ID) ASC
LIMIT 1
gold: SELECT document_id FROM Paragraphs GROUP BY document_id ORDER BY count(*) ASC LIMIT 1",0,1,,357,388,1015.2204036712646,115.99540710449219,430.37059854603706,1
378,completed,SambaNova,MiniMax-M2.7,377,PASS,1,1,,358,291,791.4669513702393,116.81270599365234,429.8498111994006,1
379,completed,SambaNova,MiniMax-M2.7,378,PASS,1,1,,358,247,706.3019275665283,120.42021751403809,419.8799788065758,1
380,completed,SambaNova,MiniMax-M2.7,379,PASS,1,1,,359,1112,2633.5818767547607,117.89464950561523,441.62882729060743,1
381,completed,SambaNova,MiniMax-M2.7,380,PASS,1,1,,364,486,1241.4588928222656,116.71328544616699,431.2086189262378,1
382,completed,SambaNova,MiniMax-M2.7,381,PASS,1,1,,244,141,477.9806137084961,117.88249015808105,388.78292010982807,1
383,completed,SambaNova,MiniMax-M2.7,382,PASS,1,1,,246,140,467.5860404968262,113.07692527770996,392.09146967655937,1
384,completed,SambaNova,MiniMax-M2.7,383,PASS,1,1,,249,143,475.02613067626953,114.40634727478027,393.76652789430295,1
385,completed,SambaNova,MiniMax-M2.7,384,PASS,1,1,,250,189,556.185245513916,113.07692527770996,424.27549069668464,1
386,completed,SambaNova,MiniMax-M2.7,385,PASS,1,1,,247,125,527.9743671417236,212.39209175109863,392.9244753892273,1
387,completed,SambaNova,MiniMax-M2.7,386,PASS,1,1,,248,101,386.6593837738037,116.34469032287598,369.93919465999636,1
388,completed,SambaNova,MiniMax-M2.7,387,"FAIL
result mismatch (order_matters=False)
predicted: SELECT Name FROM teacher WHERE Hometown <> 'Little Lever Urban District'
gold: select name from teacher where hometown != ""little lever urban district""",0,1,,254,178,524.2533683776855,118.93320083618164,436.69181593801545,1
389,completed,SambaNova,MiniMax-M2.7,388,"FAIL
result mismatch (order_matters=False)
predicted: SELECT Name FROM teacher WHERE Hometown <> 'Little Lever Urban District'
gold: select name from teacher where hometown != ""little lever urban district""",0,1,,256,174,523.827314376831,117.74063110351562,426.0174172802482,1
390,completed,SambaNova,MiniMax-M2.7,389,PASS,1,1,,251,164,521.989107131958,116.82271957397461,402.3038559107351,1
391,completed,SambaNova,MiniMax-M2.7,390,PASS,1,1,,255,126,522.0048427581787,206.35724067687988,396.0112453754829,1
392,completed,SambaNova,MiniMax-M2.7,391,PASS,1,1,,247,311,834.7856998443604,115.06175994873047,430.72070111347745,1
393,completed,SambaNova,MiniMax-M2.7,392,PASS,1,1,,245,345,926.624059677124,117.13600158691406,424.95994420422244,1
394,completed,SambaNova,MiniMax-M2.7,393,PASS,1,1,,252,262,745.398759841919,115.74125289916992,414.511058983898,1
395,completed,SambaNova,MiniMax-M2.7,394,PASS,1,1,,248,207,615.9672737121582,118.03269386291504,413.7089656684809,1
396,completed,SambaNova,MiniMax-M2.7,395,"FAIL
result mismatch (order_matters=True)
predicted: SELECT Hometown
FROM teacher
GROUP BY Hometown
HAVING COUNT(*) = (
    SELECT MAX(cnt)
    FROM (
        SELECT COUNT(*) AS cnt
        FROM teacher
        GROUP BY Hometown
    )
)
gold: SELECT Hometown FROM teacher GROUP BY Hometown ORDER BY COUNT(*) DESC LIMIT 1",0,1,,246,367,972.8267192840576,118.30973625183105,428.3121427280012,1
397,completed,SambaNova,MiniMax-M2.7,396,"FAIL
result mismatch (order_matters=True)
predicted: SELECT Hometown
FROM teacher
GROUP BY Hometown
HAVING COUNT(*) = (
    SELECT MAX(cnt) FROM (
        SELECT COUNT(*) AS cnt FROM teacher GROUP BY Hometown
    )
)
gold: SELECT Hometown FROM teacher GROUP BY Hometown ORDER BY COUNT(*) DESC LIMIT 1",0,1,,250,584,1465.4529094696045,116.92047119140625,432.32182144937684,1
398,completed,SambaNova,MiniMax-M2.7,397,PASS,1,1,,250,220,698.1608867645264,202.44979858398438,441.7895932161163,1
399,completed,SambaNova,MiniMax-M2.7,398,PASS,1,1,,251,225,659.0516567230225,118.95442008972168,414.74013345505205,1
400,completed,SambaNova,MiniMax-M2.7,399,PASS,1,1,,251,260,700.7396221160889,115.62347412109375,442.64715798309396,1
401,completed,SambaNova,MiniMax-M2.7,400,PASS,1,1,,251,310,837.2247219085693,117.18201637268066,429.14121290907053,1
402,completed,SambaNova,MiniMax-M2.7,401,PASS,1,1,,259,383,1015.3162479400635,115.63873291015625,424.5965844631579,1
403,completed,SambaNova,MiniMax-M2.7,402,PASS,1,1,,261,357,925.7936477661133,116.1956787109375,439.7244232411579,1
404,completed,SambaNova,MiniMax-M2.7,403,"FAIL
result mismatch (order_matters=False)
predicted: SELECT t.Name
FROM teacher t
JOIN course_arrange ca ON t.Teacher_ID = ca.Teacher_ID
JOIN course c ON ca.Course_ID = c.Course_ID
WHERE c.Course = 'math'
gold: SELECT T3.Name FROM course_arrange AS T1 JOIN course AS T2 ON T1.Course_ID  =  T2.Course_ID JOIN teacher AS T3 ON T1.Teacher_ID  =  T3.Teacher_ID WHERE T2.Course  =  ""Math""",0,1,,249,308,834.4221115112305,114.97282981872559,426.7152776604103,1
405,completed,SambaNova,MiniMax-M2.7,404,PASS,1,1,,250,557,1375.6718635559082,116.46056175231934,441.5462275502389,1
406,completed,SambaNova,MiniMax-M2.7,405,"FAIL
predicted query error: OperationalError: no such column: t.Teader_ID
query:
SELECT t.Name, COUNT(ca.Course_ID) AS NumberOfCourses
FROM teacher t
LEFT JOIN course_arrange ca ON t.Teader_ID = ca.Teacher_ID
GROUP BY t.Teacher_ID, t.Name",0,1,,250,315,835.9196186065674,116.48368835449219,436.45304160716717,1
407,completed,SambaNova,MiniMax-M2.7,406,"FAIL
result mismatch (order_matters=False)
predicted: SELECT t.Name, COUNT(ca.Course_ID) AS NumberOfCourses
FROM teacher t
LEFT JOIN course_arrange ca ON t.Teacher_ID = ca.Teacher_ID
GROUP BY t.Teacher_ID, t.Name
gold: SELECT T2.Name ,  COUNT(*) FROM course_arrange AS T1 JOIN teacher AS T2 ON T1.Teacher_ID  =  T2.Teacher_ID GROUP BY T2.Name",0,1,,253,407,1064.1779899597168,120.0401782989502,430.02196817627066,1
408,completed,SambaNova,MiniMax-M2.7,407,PASS,1,1,,249,616,1508.3324909210205,114.81046676635742,441.32779341831406,1
409,completed,SambaNova,MiniMax-M2.7,408,PASS,1,1,,252,653,1601.4618873596191,116.62435531616211,439.1052798232459,1
410,completed,SambaNova,MiniMax-M2.7,409,PASS,1,1,,252,202,610.1903915405273,114.67623710632324,405.6392702434687,1
411,completed,SambaNova,MiniMax-M2.7,410,PASS,1,1,,252,1132,2675.2631664276123,115.65518379211426,441.8645385046295,1
412,completed,SambaNova,MiniMax-M2.7,411,PASS,1,1,,263,171,523.1618881225586,117.64883995056152,419.22202199494956,1
413,completed,SambaNova,MiniMax-M2.7,412,PASS,1,1,,280,140,716.0384654998779,400.005578994751,439.8276443225317,1
414,completed,SambaNova,MiniMax-M2.7,413,PASS,1,1,,271,156,477.8928756713867,117.20061302185059,429.7292070016056,1
415,completed,SambaNova,MiniMax-M2.7,414,PASS,1,1,,281,184,570.702314376831,120.14079093933105,406.15984827959903,1
416,completed,SambaNova,MiniMax-M2.7,415,PASS,1,1,,268,259,702.2361755371094,116.50204658508301,440.47288223003835,1
417,completed,SambaNova,MiniMax-M2.7,416,PASS,1,1,,271,311,838.4957313537598,118.50881576538086,430.56338009513075,1
418,completed,SambaNova,MiniMax-M2.7,417,PASS,1,1,,268,162,523.9074230194092,117.401123046875,396.0578225008519,1
419,completed,SambaNova,MiniMax-M2.7,418,PASS,1,1,,276,404,1061.5248680114746,117.28763580322266,426.79952267664675,1
420,completed,SambaNova,MiniMax-M2.7,419,"FAIL
result mismatch (order_matters=False)
predicted: SELECT v.ID, v.Name, v.Age
FROM visitor v
JOIN (
  SELECT visitor_ID
  FROM visit
  GROUP BY Museum_ID, visitor_ID
  HAVING COUNT(*) > 1
) dup ON v.ID = dup.visitor_ID
gold: SELECT t1.id ,  t1.name ,  t1.age FROM visitor AS t1 JOIN visit AS t2 ON t1.id  =  t2.visitor_id GROUP BY t1.id HAVING count(*)  >  1",0,1,,270,754,1824.7971534729004,116.36495590209961,440.7549805433787,1
421,completed,SambaNova,MiniMax-M2.7,420,"FAIL
result mismatch (order_matters=True)
predicted: SELECT v.ID, v.Name, v.Level_of_membership
FROM visitor v
JOIN (
    SELECT visitor_ID, SUM(Total_spent) AS total_spent
    FROM visit
    GROUP BY visitor_ID
) vt ON v.ID = vt.visitor_ID
WHERE vt.total_spent = (
    SELECT MAX(total) 
    FROM (
        SELECT SUM(Total_spent) AS total 
        FROM visit 
        GROUP BY visitor_ID
    )
)
gold: SELECT t2.visitor_id ,  t1.name ,  t1.Level_of_membership FROM visitor AS t1 JOIN visit AS t2 ON t1.id  =  t2.visitor_id GROUP BY t2.visitor_id ORDER BY sum(t2.Total_spent) DESC LIMIT 1",0,1,,279,902,2181.6489696502686,115.72837829589844,436.1251849517242,1
422,completed,SambaNova,MiniMax-M2.7,421,PASS,1,1,,266,3366,7796.305894851685,205.85370063781738,443.3200966030863,1
423,completed,SambaNova,MiniMax-M2.7,422,PASS,1,1,,266,200,566.5063858032227,116.34469032287598,442.063378554802,1
424,completed,SambaNova,MiniMax-M2.7,423,PASS,1,1,,269,586,1464.759349822998,116.36638641357422,433.84978702411956,1
425,completed,SambaNova,MiniMax-M2.7,424,PASS,1,1,,267,179,521.8441486358643,116.63317680358887,439.2773453174847,1
426,completed,SambaNova,MiniMax-M2.7,425,PASS,1,1,,269,336,882.0974826812744,117.4159049987793,438.0908469317094,1
427,completed,SambaNova,MiniMax-M2.7,426,PASS,1,1,,279,880,2376.573085784912,398.0545997619629,444.27181560829973,1
428,completed,SambaNova,MiniMax-M2.7,427,PASS,1,1,,270,1082,2591.5045738220215,118.58606338500977,437.13531013562056,1
429,completed,SambaNova,MiniMax-M2.7,428,PASS,1,1,,268,245,702.8961181640625,117.48838424682617,416.80351294179553,1
430,completed,SambaNova,MiniMax-M2.7,429,PASS,1,1,,494,170,525.9382724761963,120.05066871643066,416.37142508059134,1
431,completed,SambaNova,MiniMax-M2.7,430,PASS,1,1,,493,97,382.66777992248535,116.95051193237305,361.2862676413348,1
432,completed,SambaNova,MiniMax-M2.7,431,PASS,1,1,,494,163,515.6290531158447,116.95051193237305,406.34241190685924,1
433,completed,SambaNova,MiniMax-M2.7,432,PASS,1,1,,493,159,477.7858257293701,116.46866798400879,437.2889485401927,1
434,completed,SambaNova,MiniMax-M2.7,433,PASS,1,1,,504,83,345.8824157714844,119.64535713195801,362.45167123859346,1
435,completed,SambaNova,MiniMax-M2.7,434,PASS,1,1,,501,270,746.7305660247803,116.51229858398438,426.83624689643017,1
436,completed,SambaNova,MiniMax-M2.7,435,PASS,1,1,,499,261,745.6643581390381,116.62554740905762,413.32902766091314,1
437,completed,SambaNova,MiniMax-M2.7,436,PASS,1,1,,499,277,848.6089706420898,217.85426139831543,437.57104934008726,1
438,completed,SambaNova,MiniMax-M2.7,437,PASS,1,1,,497,183,565.4656887054443,115.31376838684082,404.3079497943407,1
439,completed,SambaNova,MiniMax-M2.7,438,PASS,1,1,,498,216,616.0173416137695,120.76187133789062,434.11938464856456,1
440,completed,SambaNova,MiniMax-M2.7,439,"FAIL
result mismatch (order_matters=False)
predicted: SELECT MAX(loser_rank) AS highest_loser_rank FROM matches
gold: SELECT min(loser_rank) FROM matches",0,1,,497,529,1328.568696975708,115.5693531036377,435.28465424766614,1
441,completed,SambaNova,MiniMax-M2.7,440,PASS,1,1,,498,563,1422.1465587615967,118.56365203857422,431.11949159625675,1
442,completed,SambaNova,MiniMax-M2.7,441,PASS,1,1,,498,132,435.1849555969238,119.16327476501465,414.5285211291514,1
443,completed,SambaNova,MiniMax-M2.7,442,PASS,1,1,,496,140,432.60717391967773,116.19687080383301,439.30301457063825,1
444,completed,SambaNova,MiniMax-M2.7,443,PASS,1,1,,496,110,386.5015506744385,115.15951156616211,401.7070128838555,1
445,completed,SambaNova,MiniMax-M2.7,444,PASS,1,1,,495,81,341.796875,116.81532859802246,355.58471918875927,1
446,completed,SambaNova,MiniMax-M2.7,445,PASS,1,1,,501,212,616.1062717437744,120.71418762207031,425.92525549553017,1
447,completed,SambaNova,MiniMax-M2.7,446,PASS,1,1,,501,161,805.7575225830078,400.4499912261963,394.76197114912327,1
448,completed,SambaNova,MiniMax-M2.7,447,PASS,1,1,,505,665,1647.9110717773438,119.43221092224121,434.41883103867553,1
449,completed,SambaNova,MiniMax-M2.7,448,"FAIL
result mismatch (order_matters=False)
predicted: SELECT DISTINCT p.first_name, p.last_name
FROM players p
JOIN matches m ON p.player_id = m.winner_id
WHERE m.year = 2013
  AND p.player_id IN (SELECT winner_id FROM matches WHERE year = 2016)
gold: SELECT winner_name FROM matches WHERE YEAR  =  2013 INTERSECT SELECT winner_name FROM matches WHERE YEAR  =  2016",0,1,,505,413,1062.3526573181152,118.42870712280273,436.4758409983673,1
450,completed,SambaNova,MiniMax-M2.7,449,PASS,1,1,,506,304,837.3632431030273,117.10786819458008,420.6841219873087,1
451,completed,SambaNova,MiniMax-M2.7,450,PASS,1,1,,501,152,479.51698303222656,117.93637275695801,417.61088871730385,1
452,completed,SambaNova,MiniMax-M2.7,451,PASS,1,1,,510,574,1423.4461784362793,119.2176342010498,439.34017740425577,1
453,completed,SambaNova,MiniMax-M2.7,452,PASS,1,1,,508,615,1508.0368518829346,115.80157279968262,441.01741223243664,1
454,completed,SambaNova,MiniMax-M2.7,453,PASS,1,1,,499,388,1018.2843208312988,118.83997917175293,430.26564521597237,1
455,completed,SambaNova,MiniMax-M2.7,454,PASS,1,1,,500,250,702.5246620178223,117.80953407287598,425.84839710773576,1
456,completed,SambaNova,MiniMax-M2.7,455,PASS,1,1,,503,156,482.1445941925049,121.21391296386719,429.44534244738423,1
457,completed,SambaNova,MiniMax-M2.7,456,"FAIL
result mismatch (order_matters=True)
predicted: SELECT first_name || ' ' || last_name AS full_name
FROM players
ORDER BY birth_date
gold: SELECT first_name ,  last_name FROM players ORDER BY birth_date",0,1,,501,294,793.7057018280029,118.53766441345215,433.9660406941021,1
458,completed,SambaNova,MiniMax-M2.7,457,PASS,1,1,,509,253,700.6428241729736,115.12565612792969,430.38874648439617,1
459,completed,SambaNova,MiniMax-M2.7,458,"FAIL
result mismatch (order_matters=True)
predicted: SELECT first_name || ' ' || last_name AS full_name
FROM players
WHERE hand = 'L'
ORDER BY birth_date
gold: SELECT first_name ,  last_name FROM players WHERE hand  =  'L' ORDER BY birth_date",0,1,,504,208,613.3675575256348,118.12758445739746,417.9791843488333,1
460,completed,SambaNova,MiniMax-M2.7,459,PASS,1,1,,505,1006,2410.8474254608154,117.89345741271973,438.29924804618656,1
461,completed,SambaNova,MiniMax-M2.7,460,"FAIL
result mismatch (order_matters=True)
predicted: SELECT p.first_name, p.country_code
FROM players p
JOIN rankings r ON p.player_id = r.player_id
GROUP BY p.player_id
ORDER BY SUM(r.tours) DESC
LIMIT 1
gold: SELECT T1.country_code ,  T1.first_name FROM players AS T1 JOIN rankings AS T2 ON T1.player_id  =  T2.player_id ORDER BY T2.tours DESC LIMIT 1",0,1,,503,433,1108.3714962005615,118.52145195007324,436.4297425749061,1
462,completed,SambaNova,MiniMax-M2.7,461,PASS,1,1,,498,144,479.2017936706543,118.06845664978027,395.9756282254673,1
463,completed,SambaNova,MiniMax-M2.7,462,PASS,1,1,,494,155,479.8405170440674,116.87254905700684,424.2798637412819,1
464,completed,SambaNova,MiniMax-M2.7,463,"FAIL
result mismatch (order_matters=True)
predicted: SELECT m.winner_name, m.winner_rank_points
FROM matches m
WHERE m.winner_id = (
    SELECT winner_id
    FROM matches
    GROUP BY winner_id
    ORDER BY COUNT(*) DESC
    LIMIT 1
)
ORDER BY m.year DESC
LIMIT 1
gold: SELECT winner_name ,  winner_rank_points FROM matches GROUP BY winner_name ORDER BY count(*) DESC LIMIT 1",0,1,,502,7026,15912.29224205017,114.78066444396973,444.69028970096184,1
465,completed,SambaNova,MiniMax-M2.7,464,"FAIL
result mismatch (order_matters=True)
predicted: SELECT p.first_name || ' ' || p.last_name AS winner_name,
       (SELECT r.ranking_points
        FROM rankings r
        WHERE r.player_id = p.player_id
        ORDER BY r.ranking_date DESC
        LIMIT 1) AS ranking_points
FROM players p
WHERE p.player_id = (
    SELECT m.winner_id
    FROM matches m
    GROUP BY m.winner_id
    ORDER BY COUNT(*) DESC
    LIMIT 1
)
gold: SELECT winner_name ,  winner_rank_points FROM matches GROUP BY winner_name ORDER BY count(*) DESC LIMIT 1",0,1,,511,1247,2945.4829692840576,116.56975746154785,440.4518296258627,1
466,completed,SambaNova,MiniMax-M2.7,465,PASS,1,1,,508,3059,6992.3765659332275,118.08538436889648,444.84586399264424,1
467,completed,SambaNova,MiniMax-M2.7,466,PASS,1,1,,507,1406,3588.7303352355957,398.90122413635254,440.46246713066853,1
468,completed,SambaNova,MiniMax-M2.7,467,PASS,1,1,,505,1403,3307.100296020508,118.38746070861816,439.6758417610439,1
469,completed,SambaNova,MiniMax-M2.7,468,PASS,1,1,,503,211,612.8771305084229,117.1865463256836,423.651379915222,1
470,completed,SambaNova,MiniMax-M2.7,469,"FAIL
result mismatch (order_matters=False)
predicted: SELECT p.player_id, p.first_name, AVG(r.ranking) as avg_ranking
FROM players p
JOIN rankings r ON p.player_id = r.player_id
GROUP BY p.player_id, p.first_name
gold: SELECT avg(ranking) ,  T1.first_name FROM players AS T1 JOIN rankings AS T2 ON T1.player_id  =  T2.player_id GROUP BY T1.first_name",0,1,,499,187,853.4917831420898,401.41963958740234,411.4387551895231,1
471,completed,SambaNova,MiniMax-M2.7,470,"FAIL
result mismatch (order_matters=False)
predicted: SELECT p.first_name, AVG(r.ranking) AS avg_ranking
FROM players p
LEFT JOIN rankings r ON p.player_id = r.player_id
GROUP BY p.player_id, p.first_name
gold: SELECT avg(ranking) ,  T1.first_name FROM players AS T1 JOIN rankings AS T2 ON T1.player_id  =  T2.player_id GROUP BY T1.first_name",0,1,,501,420,1064.3150806427002,118.84284019470215,443.16478271372944,1
472,completed,SambaNova,MiniMax-M2.7,471,"FAIL
result mismatch (order_matters=False)
predicted: SELECT p.first_name, SUM(r.ranking_points) AS total_ranking_points
FROM players p
JOIN rankings r ON p.player_id = r.player_id
GROUP BY p.player_id, p.first_name
gold: SELECT sum(ranking_points) ,  T1.first_name FROM players AS T1 JOIN rankings AS T2 ON T1.player_id  =  T2.player_id GROUP BY T1.first_name",0,1,,500,520,1285.0265502929688,116.31178855895996,444.07756023374395,1
473,completed,SambaNova,MiniMax-M2.7,472,"FAIL
result mismatch (order_matters=False)
predicted: SELECT p.first_name, COALESCE(SUM(r.ranking_points),0) AS total_ranking_points
FROM players p
LEFT JOIN rankings r ON p.player_id = r.player_id
GROUP BY p.player_id, p.first_name
gold: SELECT sum(ranking_points) ,  T1.first_name FROM players AS T1 JOIN rankings AS T2 ON T1.player_id  =  T2.player_id GROUP BY T1.first_name",0,1,,502,560,1665.605068206787,402.6219844818115,442.60291939248697,1
474,completed,SambaNova,MiniMax-M2.7,473,PASS,1,1,,496,140,434.9801540374756,119.34518814086914,440.38213448611606,1
475,completed,SambaNova,MiniMax-M2.7,474,PASS,1,1,,495,129,434.5357418060303,118.44968795776367,404.95301340135967,1
476,completed,SambaNova,MiniMax-M2.7,475,PASS,1,1,,501,289,791.9518947601318,117.31719970703125,426.89770050639254,1
477,completed,SambaNova,MiniMax-M2.7,476,PASS,1,1,,499,190,565.2997493743896,115.22364616394043,419.9289823472949,1
478,completed,SambaNova,MiniMax-M2.7,477,PASS,1,1,,500,157,475.16655921936035,114.64667320251465,432.70844702505735,1
479,completed,SambaNova,MiniMax-M2.7,478,PASS,1,1,,500,163,524.9848365783691,119.55380439758301,399.57474179668225,1
480,completed,SambaNova,MiniMax-M2.7,479,PASS,1,1,,498,167,523.7696170806885,117.29288101196289,408.3874555908984,1
481,completed,SambaNova,MiniMax-M2.7,480,PASS,1,1,,498,223,659.8176956176758,119.4760799407959,410.8511977592233,1
482,completed,SambaNova,MiniMax-M2.7,481,PASS,1,1,,497,230,657.768964767456,117.81477928161621,424.11005628922095,1
483,completed,SambaNova,MiniMax-M2.7,482,PASS,1,1,,496,222,660.069465637207,119.97294425964355,409.18611998522067,1
484,completed,SambaNova,MiniMax-M2.7,483,PASS,1,1,,502,1681,3936.8960857391357,118.44658851623535,439.9691553395791,1
485,completed,SambaNova,MiniMax-M2.7,484,"FAIL
result mismatch (order_matters=True)
predicted: SELECT winner_name, winner_rank, winner_age
FROM matches
ORDER BY winner_age ASC
LIMIT 3
gold: SELECT DISTINCT winner_name ,  winner_rank FROM matches ORDER BY winner_age LIMIT 3",0,1,,502,996,2363.2636070251465,117.63215065002441,443.08250010271945,1
486,completed,SambaNova,MiniMax-M2.7,485,PASS,1,1,,502,818,1960.355520248413,117.4004077911377,443.3097661888606,1
487,completed,SambaNova,MiniMax-M2.7,486,PASS,1,1,,501,1521,3574.749708175659,116.10865592956543,439.47896790645245,1
488,completed,SambaNova,MiniMax-M2.7,487,"FAIL
result mismatch (order_matters=True)
predicted: SELECT p.first_name, p.country_code, p.birth_date
FROM players p
JOIN matches m ON p.player_id = m.winner_id
WHERE m.winner_rank_points = (SELECT MAX(winner_rank_points) FROM matches)
gold: SELECT T1.first_name ,  T1.country_code ,  T1.birth_date FROM players AS T1 JOIN matches AS T2 ON T1.player_id  =  T2.winner_id ORDER BY T2.winner_rank_points DESC LIMIT 1",0,1,,510,729,1781.874418258667,118.499755859375,437.6644759935895,1
489,completed,SambaNova,MiniMax-M2.7,488,PASS,1,1,,512,517,1290.482997894287,119.55595016479492,440.676471690153,1
490,completed,SambaNova,MiniMax-M2.7,489,PASS,1,1,,497,189,558.0093860626221,113.99507522583008,423.4097762427839,1
491,completed,SambaNova,MiniMax-M2.7,490,PASS,1,1,,497,135,434.1447353363037,118.01671981811523,423.87891430739165,1
492,completed,SambaNova,MiniMax-M2.7,491,PASS,1,1,,309,136,434.398889541626,118.29447746276855,427.074076923425,1
493,completed,SambaNova,MiniMax-M2.7,492,PASS,1,1,,315,187,558.0887794494629,113.99507522583008,418.8305266006107,1
494,completed,SambaNova,MiniMax-M2.7,493,"FAIL
result mismatch (order_matters=False)
predicted: SELECT name, date, result FROM battle
gold: SELECT name ,  date FROM battle",0,1,,309,94,342.96536445617676,117.07043647766113,411.6958305891889,1
495,completed,SambaNova,MiniMax-M2.7,494,PASS,1,1,,309,2482,5729.056596755981,116.54162406921387,442.04781850449484,1
496,completed,SambaNova,MiniMax-M2.7,495,PASS,1,1,,309,1013,2408.491373062134,116.43862724304199,441.5256157808663,1
497,completed,SambaNova,MiniMax-M2.7,496,"FAIL
result mismatch (order_matters=False)
predicted: SELECT death.id, death.note, death.killed, death.injured
FROM death
JOIN ship ON death.caused_by_ship_id = ship.id
WHERE ship.tonnage = 't'
gold: SELECT T1.killed ,  T1.injured FROM death AS T1 JOIN ship AS t2 ON T1.caused_by_ship_id  =  T2.id WHERE T2.tonnage  =  't'",0,1,,316,319,837.6963138580322,117.4933910369873,441.54222361996193,1
498,completed,SambaNova,MiniMax-M2.7,497,PASS,1,1,,319,205,612.0631694793701,115.58246612548828,410.89210239575567,1
499,completed,SambaNova,MiniMax-M2.7,498,PASS,1,1,,319,929,2230.1924228668213,117.93351173400879,439.3400804744671,1
500,completed,SambaNova,MiniMax-M2.7,499,PASS,1,1,,319,452,1150.493860244751,115.56887626647949,435.78037730459204,1
501,completed,SambaNova,gemma-4-31B-it,0,PASS,1,1,,404,11,908.6434841156006,808.6605072021484,100.017025984896,1
502,completed,SambaNova,gemma-4-31B-it,1,PASS,1,1,,405,11,912.7368927001953,812.7822875976562,100.04541551378685,1
503,completed,SambaNova,gemma-4-31B-it,2,PASS,1,1,,416,18,907.5644016265869,807.5549602508545,169.98395117648462,1
504,completed,SambaNova,gemma-4-31B-it,3,PASS,1,1,,415,18,908.2880020141602,807.8062534332275,169.18495388550508,1
505,completed,SambaNova,gemma-4-31B-it,4,PASS,1,1,,413,26,955.3799629211426,806.0014247894287,167.36005260646184,1
506,completed,SambaNova,gemma-4-31B-it,5,PASS,1,1,,412,26,963.1123542785645,812.9761219024658,166.51543471114803,1
507,completed,SambaNova,gemma-4-31B-it,6,PASS,1,1,,412,25,955.8842182159424,806.3373565673828,160.48481215474018,1
508,completed,SambaNova,gemma-4-31B-it,7,PASS,1,1,,413,29,962.3382091522217,812.4926090240479,186.85900671123855,1
509,completed,SambaNova,gemma-4-31B-it,8,PASS,1,1,,412,17,907.4382781982422,806.6449165344238,158.74061283287367,1
510,completed,SambaNova,gemma-4-31B-it,9,PASS,1,1,,411,17,909.1048240661621,808.6471557617188,159.2710668090661,1
511,completed,SambaNova,gemma-4-31B-it,10,PASS,1,1,,409,16,906.4693450927734,806.2179088592529,149.6237915740157,1
512,completed,SambaNova,gemma-4-31B-it,11,PASS,1,1,,405,16,912.8196239471436,812.4442100524902,149.43898528521038,1
513,completed,SambaNova,gemma-4-31B-it,12,PASS,1,1,,408,23,962.8961086273193,812.964916229248,146.7339760867733,1
514,completed,SambaNova,gemma-4-31B-it,13,PASS,1,1,,411,23,956.162691116333,806.9396018981934,147.43026776398935,1
515,completed,SambaNova,gemma-4-31B-it,14,PASS,1,1,,421,27,962.5861644744873,811.643123626709,172.25040554350727,1
516,completed,SambaNova,gemma-4-31B-it,15,PASS,1,1,,422,27,959.1729640960693,809.3216419219971,173.50530928113892,1
517,completed,SambaNova,gemma-4-31B-it,16,"FAIL
result mismatch (order_matters=False)
predicted: SELECT MAX(Capacity), AVG(Capacity) FROM stadium
gold: select max(capacity), average from stadium",0,1,,409,17,909.3382358551025,808.7067604064941,158.99597942565254,1
518,completed,SambaNova,gemma-4-31B-it,17,PASS,1,1,,408,17,911.4763736724854,810.6615543365479,158.70682609353716,1
519,completed,SambaNova,gemma-4-31B-it,18,PASS,1,1,,411,19,905.8506488800049,805.7725429534912,179.85951905621812,1
520,completed,SambaNova,gemma-4-31B-it,19,PASS,1,1,,412,19,914.8988723754883,813.9820098876953,178.3646415105038,1
521,completed,SambaNova,gemma-4-31B-it,20,PASS,1,1,,416,28,962.42356300354,812.7069473266602,180.3407048571797,1
522,completed,SambaNova,gemma-4-31B-it,21,PASS,1,1,,414,28,958.1871032714844,808.3367347717285,180.17973709583495,1
523,completed,SambaNova,gemma-4-31B-it,22,PASS,1,1,,410,53,1112.199306488037,813.572883605957,174.13060605334803,1
524,completed,SambaNova,gemma-4-31B-it,23,PASS,1,1,,407,53,1103.5239696502686,806.5557479858398,175.10291070389178,1
525,completed,SambaNova,gemma-4-31B-it,24,PASS,1,1,,418,86,1255.9049129486084,807.3568344116211,189.50031015012115,1
526,completed,SambaNova,gemma-4-31B-it,25,PASS,1,1,,417,86,1256.6757202148438,810.4884624481201,190.50297497388382,1
527,completed,SambaNova,gemma-4-31B-it,26,PASS,1,1,,405,21,958.4205150604248,808.2311153411865,133.1651903355875,1
528,completed,SambaNova,gemma-4-31B-it,27,PASS,1,1,,407,21,958.305835723877,809.4992637634277,134.40266606851026,1
529,completed,SambaNova,gemma-4-31B-it,28,PASS,1,1,,405,23,964.2987251281738,814.3184185028076,146.68592493915554,1
530,completed,SambaNova,gemma-4-31B-it,29,PASS,1,1,,408,23,954.108476638794,804.8548698425293,147.4001230002476,1
531,completed,SambaNova,gemma-4-31B-it,30,PASS,1,1,,417,31,1009.5500946044922,810.9157085418701,151.03125191295987,1
532,completed,SambaNova,gemma-4-31B-it,31,PASS,1,1,,416,31,1013.5648250579834,814.164400100708,150.45103342396567,1
533,completed,SambaNova,gemma-4-31B-it,32,PASS,1,1,,417,31,999.8042583465576,801.6500473022461,151.39723673745877,1
534,completed,SambaNova,gemma-4-31B-it,33,PASS,1,1,,414,67,1157.4287414550781,809.5183372497559,189.70401345356012,1
535,completed,SambaNova,gemma-4-31B-it,34,PASS,1,1,,412,64,1160.6500148773193,813.0898475646973,181.26357944618263,1
536,completed,SambaNova,gemma-4-31B-it,35,PASS,1,1,,408,57,1105.5283546447754,807.3806762695312,187.82638290249992,1
537,completed,SambaNova,gemma-4-31B-it,36,PASS,1,1,,412,57,1103.1935214996338,806.2293529510498,188.57493910359855,1
538,completed,SambaNova,gemma-4-31B-it,37,PASS,1,1,,411,69,1159.3303680419922,812.3011589050293,195.94892363415516,1
539,completed,SambaNova,gemma-4-31B-it,38,PASS,1,1,,416,69,1154.5159816741943,808.1340789794922,196.31510616169396,1
540,completed,SambaNova,gemma-4-31B-it,39,PASS,1,1,,418,19,911.3495349884033,810.81223487854,179.0380284762998,1
541,completed,SambaNova,gemma-4-31B-it,40,PASS,1,1,,422,19,914.8120880126953,813.8213157653809,178.23410594306705,1
542,completed,SambaNova,gemma-4-31B-it,41,PASS,1,1,,426,116,1408.2322120666504,814.2616748809814,193.61229690767004,1
543,completed,SambaNova,gemma-4-31B-it,42,PASS,1,1,,425,116,1395.864486694336,803.3905029296875,194.10134985046375,1
544,completed,SambaNova,gemma-4-31B-it,43,PASS,1,1,,411,34,1381.0536861419678,1181.3616752624512,165.25448291424348,1
545,completed,SambaNova,gemma-4-31B-it,44,PASS,1,1,,413,34,1012.0582580566406,812.8306865692139,165.6397242290464,1
546,completed,SambaNova,gemma-4-31B-it,45,PASS,1,1,,297,17,904.8223495483398,804.3451309204102,159.2400766909015,1
547,completed,SambaNova,gemma-4-31B-it,46,PASS,1,1,,295,17,913.3834838867188,813.0021095275879,159.3921193264138,1
548,completed,SambaNova,gemma-4-31B-it,47,PASS,1,1,,291,26,955.2273750305176,805.7329654693604,167.23033371875124,1
549,completed,SambaNova,gemma-4-31B-it,48,PASS,1,1,,291,26,959.2928886413574,809.3736171722412,166.75641333509327,1
550,completed,SambaNova,gemma-4-31B-it,49,PASS,1,1,,301,19,911.3388061523438,810.6019496917725,178.68336011701194,1
551,completed,SambaNova,gemma-4-31B-it,50,PASS,1,1,,295,19,904.5910835266113,804.4776916503906,179.7961257995837,1
552,completed,SambaNova,gemma-4-31B-it,51,PASS,1,1,,298,44,1062.8137588500977,813.1082057952881,172.20281837529515,1
553,completed,SambaNova,gemma-4-31B-it,52,PASS,1,1,,300,44,1061.9862079620361,813.8432502746582,173.28720670031427,1
554,completed,SambaNova,gemma-4-31B-it,53,PASS,1,1,,300,69,1153.7933349609375,806.5612316131592,195.83442701406278,1
555,completed,SambaNova,gemma-4-31B-it,54,"FAIL
result mismatch (order_matters=False)
predicted: SELECT
  count(*)
FROM Pets AS T1
JOIN Has_Pet AS T2
  ON T1.PetID = T2.PetID
JOIN Student AS T3
  ON T2.StuID = T3.StuID
WHERE
  T1.PetType = 'dog' AND T3.Sex = 'Female'
gold: SELECT count(*) FROM student AS T1 JOIN has_pet AS T2 ON T1.stuid  =  T2.stuid JOIN pets AS T3 ON T2.petid  =  T3.petid WHERE T1.sex  =  'F' AND T3.pettype  =  'dog'",0,1,,293,80,1211.524486541748,812.2603893280029,197.864021712194,1
556,completed,SambaNova,gemma-4-31B-it,55,PASS,1,1,,292,16,912.9037857055664,812.4434947967529,149.31272709149636,1
557,completed,SambaNova,gemma-4-31B-it,56,PASS,1,1,,292,16,911.0465049743652,810.4028701782227,149.0407220524483,1
558,completed,SambaNova,gemma-4-31B-it,57,"FAIL
result mismatch (order_matters=False)
predicted: SELECT
  T1.Fname
FROM Student AS T1
JOIN Has_Pet AS T2
  ON T1.StuID = T2.StuID
JOIN Pets AS T3
  ON T2.PetID = T3.PetID
WHERE
  T3.PetType = 'cat' OR T3.PetType = 'dog'
gold: SELECT DISTINCT T1.Fname FROM student AS T1 JOIN has_pet AS T2 ON T1.stuid  =  T2.stuid JOIN pets AS T3 ON T3.petid  =  T2.petid WHERE T3.pettype  =  'cat' OR T3.pettype  =  'dog'",0,1,,296,84,1250.1065731048584,804.7764301300049,186.37858072114997,1
559,completed,SambaNova,gemma-4-31B-it,58,"FAIL
result mismatch (order_matters=False)
predicted: SELECT
  T1.Fname
FROM Student AS T1
JOIN Has_Pet AS T2
  ON T1.StuID = T2.StuID
JOIN Pets AS T3
  ON T2.PetID = T3.PetID
WHERE
  T3.PetType = 'cat' OR T3.PetType = 'dog'
gold: SELECT DISTINCT T1.Fname FROM student AS T1 JOIN has_pet AS T2 ON T1.stuid  =  T2.stuid JOIN pets AS T3 ON T3.petid  =  T2.petid WHERE T3.pettype  =  'cat' OR T3.pettype  =  'dog'",0,1,,301,84,1257.0502758026123,810.7085227966309,185.95616350256103,1
560,completed,SambaNova,gemma-4-31B-it,59,PASS,1,1,,297,148,1552.459478378296,809.218168258667,197.78233259981138,1
561,completed,SambaNova,gemma-4-31B-it,60,PASS,1,1,,299,148,1554.8651218414307,812.8046989440918,198.09707601174262,1
562,completed,SambaNova,gemma-4-31B-it,61,PASS,1,1,,299,57,1159.8482131958008,812.8046989440918,161.36305016604769,1
563,completed,SambaNova,gemma-4-31B-it,62,PASS,1,1,,305,57,1100.9514331817627,803.1926155090332,188.07167639129435,1
564,completed,SambaNova,gemma-4-31B-it,63,"FAIL
result mismatch (order_matters=False)
predicted: SELECT StuID FROM Student WHERE StuID NOT IN (
    SELECT T1.StuID 
    FROM Has_Pet AS T1 
    JOIN Pets AS T2 ON T1.PetID = T2.PetID 
    WHERE T2.PetType = 'Cat'
)
gold: SELECT stuid FROM student EXCEPT SELECT T1.stuid FROM student AS T1 JOIN has_pet AS T2 ON T1.stuid  =  T2.stuid JOIN pets AS T3 ON T3.petid  =  T2.petid WHERE T3.pettype  =  'cat'",0,1,,296,69,1156.5148830413818,808.7096214294434,195.5117058461024,1
565,completed,SambaNova,gemma-4-31B-it,64,"FAIL
result mismatch (order_matters=False)
predicted: SELECT StuID FROM Student WHERE StuID NOT IN (
    SELECT T1.StuID 
    FROM Has_Pet AS T1 
    JOIN Pets AS T2 ON T1.PetID = T2.PetID 
    WHERE T2.PetType = 'Cat'
)
gold: SELECT stuid FROM student EXCEPT SELECT T1.stuid FROM student AS T1 JOIN has_pet AS T2 ON T1.stuid  =  T2.stuid JOIN pets AS T3 ON T3.petid  =  T2.petid WHERE T3.pettype  =  'cat'",0,1,,298,69,1154.552936553955,806.3833713531494,195.30713421427637,1
566,completed,SambaNova,gemma-4-31B-it,65,PASS,1,1,,305,161,1652.2955894470215,811.9246959686279,190.39212476498474,1
567,completed,SambaNova,gemma-4-31B-it,66,"FAIL
result mismatch (order_matters=False)
predicted: SELECT
  T1.Fname
FROM Student AS T1
JOIN Has_Pet AS T2
  ON T1.StuID = T2.StuID
JOIN Pets AS T3
  ON T2.PetID = T3.PetID
WHERE
  T3.PetType = 'dog'
  AND T1.StuID NOT IN (
    SELECT
      S.StuID
    FROM Student AS S
    JOIN Has_Pet AS HP
      ON S.StuID = HP.StuID
    JOIN Pets AS P
      ON HP.PetID = P.PetID
    WHERE
      P.PetType = 'cat'
  )
gold: SELECT T1.fname ,  T1.age FROM student AS T1 JOIN has_pet AS T2 ON T1.stuid  =  T2.stuid JOIN pets AS T3 ON T3.petid  =  T2.petid WHERE T3.pettype  =  'dog' AND T1.stuid NOT IN (SELECT T1.stuid FROM student AS T1 JOIN has_pet AS T2 ON T1.stuid  =  T2.stuid JOIN pets AS T3 ON T3.petid  =  T2.petid WHERE T3.pettype  =  'cat')",0,1,,302,154,1595.0300693511963,805.070161819458,193.68071536447297,1
568,completed,SambaNova,gemma-4-31B-it,67,PASS,1,1,,293,22,957.4167728424072,806.9369792938232,139.5536204880553,1
569,completed,SambaNova,gemma-4-31B-it,68,PASS,1,1,,299,22,958.8377475738525,808.9416027069092,140.09699861621417,1
570,completed,SambaNova,gemma-4-31B-it,69,PASS,1,1,,299,20,909.7280502319336,808.7830543518066,188.2213163152997,1
571,completed,SambaNova,gemma-4-31B-it,70,PASS,1,1,,299,20,912.7542972564697,812.3407363891602,189.21747058753695,1
572,completed,SambaNova,gemma-4-31B-it,71,PASS,1,1,,295,28,955.8629989624023,806.6539764404297,180.95420466965365,1
573,completed,SambaNova,gemma-4-31B-it,72,PASS,1,1,,295,28,962.3622894287109,812.1569156646729,179.7538884488585,1
574,completed,SambaNova,gemma-4-31B-it,73,PASS,1,1,,292,20,906.9952964782715,806.6840171813965,189.41040462427745,1
575,completed,SambaNova,gemma-4-31B-it,74,PASS,1,1,,294,20,908.9438915252686,808.340311050415,188.86007744773227,1
576,completed,SambaNova,gemma-4-31B-it,75,"FAIL
result mismatch (order_matters=False)
predicted: SELECT
  T1.Fname,
  T1.Age
FROM Student AS T1
JOIN Has_Pet AS T2
  ON T1.StuID = T2.StuID
gold: SELECT DISTINCT T1.fname ,  T1.age FROM student AS T1 JOIN has_pet AS T2 ON T1.stuid  =  T2.stuid",0,1,,296,49,1059.3469142913818,808.85910987854,191.62609577945256,1
577,completed,SambaNova,gemma-4-31B-it,76,PASS,1,1,,299,42,1062.7162456512451,813.9510154724121,164.8140295592186,1
578,completed,SambaNova,gemma-4-31B-it,77,PASS,1,1,,299,54,1104.7649383544922,807.823657989502,178.48646686932238,1
579,completed,SambaNova,gemma-4-31B-it,78,PASS,1,1,,301,54,1111.1314296722412,810.9431266784668,176.5558466850028,1
580,completed,SambaNova,gemma-4-31B-it,79,PASS,1,1,,299,20,912.970781326294,812.2496604919434,188.63967996591353,1
581,completed,SambaNova,gemma-4-31B-it,80,PASS,1,1,,304,20,904.8974514007568,804.8923015594482,189.99021580538417,1
582,completed,SambaNova,gemma-4-31B-it,81,PASS,1,1,,298,69,1158.0586433410645,811.1572265625,196.02110775870958,1
583,completed,SambaNova,gemma-4-31B-it,82,PASS,1,1,,302,69,1150.254726409912,803.8628101348877,196.309431037675,1
584,completed,SambaNova,gemma-4-31B-it,83,"FAIL
result mismatch (order_matters=False)
predicted: SELECT
  T1.LName
FROM Student AS T1
JOIN Has_Pet AS T2
  ON T1.StuID = T2.StuID
JOIN Pets AS T3
  ON T2.PetID = T3.PetID
WHERE
  T3.PetType = 'Cat' AND T3.pet_age = 3
gold: SELECT T1.lname FROM student AS T1 JOIN has_pet AS T2 ON T1.stuid  =  T2.stuid JOIN pets AS T3 ON T3.petid  =  T2.petid WHERE T3.pet_age  =  3 AND T3.pettype  =  'cat'",0,1,,300,85,1258.3553791046143,809.1146945953369,186.98217435884374,1
585,completed,SambaNova,gemma-4-31B-it,84,"FAIL
result mismatch (order_matters=False)
predicted: SELECT
  T1.LName
FROM Student AS T1
JOIN Has_Pet AS T2
  ON T1.StuID = T2.StuID
JOIN Pets AS T3
  ON T2.PetID = T3.PetID
WHERE
  T3.PetType = 'Cat' AND T3.pet_age = 3
gold: SELECT T1.lname FROM student AS T1 JOIN has_pet AS T2 ON T1.stuid  =  T2.stuid JOIN pets AS T3 ON T3.petid  =  T2.petid WHERE T3.pet_age  =  3 AND T3.pettype  =  'cat'",0,1,,302,85,1249.157428741455,804.1954040527344,188.78015502280977,1
586,completed,SambaNova,gemma-4-31B-it,85,PASS,1,1,,296,40,1012.1188163757324,812.0954036712646,194.97717528508545,1
587,completed,SambaNova,gemma-4-31B-it,86,PASS,1,1,,298,40,1012.850284576416,812.4682903289795,194.62826561074075,1
588,completed,SambaNova,gemma-4-31B-it,87,PASS,1,1,,462,11,907.7713489532471,807.9679012298584,100.1969393654176,1
589,completed,SambaNova,gemma-4-31B-it,88,PASS,1,1,,463,11,912.7957820892334,812.6070499420166,99.81162338002294,1
590,completed,SambaNova,gemma-4-31B-it,89,PASS,1,1,,477,57,1111.9394302368164,814.1846656799316,188.07423647221418,1
591,completed,SambaNova,gemma-4-31B-it,90,PASS,1,1,,473,54,1108.0043315887451,809.4968795776367,177.55000634968303,1
592,completed,SambaNova,gemma-4-31B-it,91,PASS,1,1,,462,11,911.5338325500488,811.5153312683105,99.9815021406028,1
593,completed,SambaNova,gemma-4-31B-it,92,PASS,1,1,,461,11,906.2731266021729,806.5218925476074,100.2493863337054,1
594,completed,SambaNova,gemma-4-31B-it,93,PASS,1,1,,475,61,1158.2014560699463,811.4283084869385,173.02377770077388,1
595,completed,SambaNova,gemma-4-31B-it,94,PASS,1,1,,477,55,1111.1688613891602,811.8786811828613,180.42690195441142,1
596,completed,SambaNova,gemma-4-31B-it,95,"FAIL
result mismatch (order_matters=True)
predicted: SELECT
  T1.Model
FROM model_list AS T1
JOIN cars_data AS T2
  ON T1.ModelId = T2.Id
ORDER BY
  CAST(T2.Horsepower AS REAL) ASC
LIMIT 1
gold: SELECT T1.Model FROM CAR_NAMES AS T1 JOIN CARS_DATA AS T2 ON T1.MakeId  =  T2.Id ORDER BY T2.horsepower ASC LIMIT 1;",0,1,,466,62,1152.1413326263428,804.9478530883789,175.69454380645982,1
597,completed,SambaNova,gemma-4-31B-it,96,"FAIL
result mismatch (order_matters=True)
predicted: SELECT
  T1.Model
FROM model_list AS T1
JOIN cars_data AS T2
  ON T1.ModelId = T2.Id
ORDER BY
  CAST(T2.Horsepower AS REAL) ASC
LIMIT 1
gold: SELECT T1.Model FROM CAR_NAMES AS T1 JOIN CARS_DATA AS T2 ON T1.MakeId  =  T2.Id ORDER BY T2.horsepower ASC LIMIT 1;",0,1,,470,62,1158.6720943450928,811.176061630249,175.54157244165367,1
598,completed,SambaNova,gemma-4-31B-it,97,"FAIL
result mismatch (order_matters=False)
predicted: SELECT T1.Model FROM model_list AS T1 JOIN cars_data AS T2 ON T1.ModelId = T2.Id WHERE T2.Weight < (SELECT AVG(Weight) FROM cars_data)
gold: SELECT T1.model FROM CAR_NAMES AS T1 JOIN CARS_DATA AS T2 ON T1.MakeId  =  T2.Id WHERE T2.Weight  <  (SELECT avg(Weight) FROM CARS_DATA)",0,1,,470,52,1110.3498935699463,811.8991851806641,170.88248935726594,1
599,completed,SambaNova,gemma-4-31B-it,98,"FAIL
result mismatch (order_matters=False)
predicted: SELECT
  T1.Model
FROM model_list AS T1
JOIN cars_data AS T2
  ON T1.ModelId = T2.Id
WHERE
  T2.Weight < (
    SELECT
      AVG(Weight)
    FROM cars_data
  )
gold: SELECT T1.model FROM CAR_NAMES AS T1 JOIN CARS_DATA AS T2 ON T1.MakeId  =  T2.Id WHERE T2.Weight  <  (SELECT avg(Weight) FROM CARS_DATA)",0,1,,471,69,1158.7533950805664,811.4480972290039,195.79315495804227,1
600,completed,SambaNova,gemma-4-31B-it,99,PASS,1,1,,476,92,1306.4277172088623,809.5660209655762,183.1495578911405,1
601,completed,SambaNova,gemma-4-31B-it,100,PASS,1,1,,476,82,1303.3463954925537,809.5660209655762,164.0405414605529,1
602,completed,SambaNova,gemma-4-31B-it,101,PASS,1,1,,473,76,1207.320213317871,810.4305267333984,188.969385033484,1
603,completed,SambaNova,gemma-4-31B-it,102,"FAIL
result mismatch (order_matters=False)
predicted: SELECT
  T1.Maker,
  T2.Year
FROM car_makers AS T1
JOIN car_names AS T3
  ON T1.Id = T3.MakeId
JOIN cars_data AS T2
  ON T3.MakeId = T2.Id
ORDER BY
  T2.Year ASC
LIMIT 1
gold: SELECT T2.Make ,  T1.Year FROM CARS_DATA AS T1 JOIN CAR_NAMES AS T2 ON T1.Id  =  T2.MakeId WHERE T1.Year  =  (SELECT min(YEAR) FROM CARS_DATA);",0,1,,474,84,1258.0835819244385,809.504508972168,185.02869394629857,1
604,completed,SambaNova,gemma-4-31B-it,103,"FAIL
result mismatch (order_matters=False)
predicted: SELECT DISTINCT T1.Model FROM model_list AS T1 JOIN cars_data AS T2 ON T1.ModelId = T2.Id WHERE T2.Year > 1980
gold: SELECT DISTINCT T1.model FROM MODEL_LIST AS T1 JOIN CAR_NAMES AS T2 ON T1.model  =  T2.model JOIN CARS_DATA AS T3 ON T2.MakeId  =  T3.id WHERE T3.year  >  1980;",0,1,,470,48,1060.9664916992188,812.4737739562988,189.14035158416277,1
605,completed,SambaNova,gemma-4-31B-it,104,"FAIL
result mismatch (order_matters=False)
predicted: SELECT DISTINCT T1.Model FROM model_list AS T1 JOIN cars_data AS T2 ON T1.ModelId = T2.Id WHERE T2.Year > 1980
gold: SELECT DISTINCT T1.model FROM MODEL_LIST AS T1 JOIN CAR_NAMES AS T2 ON T1.model  =  T2.model JOIN CARS_DATA AS T3 ON T2.MakeId  =  T3.id WHERE T3.year  >  1980;",0,1,,472,48,1060.025930404663,810.0359439849854,188.00753051403197,1
606,completed,SambaNova,gemma-4-31B-it,105,PASS,1,1,,474,73,1207.850456237793,811.7389678955078,181.76700782226203,1
607,completed,SambaNova,gemma-4-31B-it,106,PASS,1,1,,474,78,1208.3911895751953,811.5592002868652,194.03677646575352,1
608,completed,SambaNova,gemma-4-31B-it,107,PASS,1,1,,471,63,1155.231237411499,808.4385395050049,178.78115766069874,1
609,completed,SambaNova,gemma-4-31B-it,108,PASS,1,1,,469,63,1158.628225326538,811.5272521972656,178.62237446654765,1
610,completed,SambaNova,gemma-4-31B-it,109,PASS,1,1,,476,60,1112.3106479644775,813.1814002990723,197.23915484852614,1
611,completed,SambaNova,gemma-4-31B-it,110,PASS,1,1,,481,49,1058.9148998260498,811.3133907318115,193.85988468160338,1
612,completed,SambaNova,gemma-4-31B-it,111,"FAIL
result mismatch (order_matters=False)
predicted: SELECT
  T1.Accelerate
FROM cars_data AS T1
JOIN car_names AS T2
  ON T1.Id = T2.MakeId
WHERE
  T2.Model = 'amc hornet sportabout (sw)'
gold: SELECT T1.Accelerate FROM CARS_DATA AS T1 JOIN CAR_NAMES AS T2 ON T1.Id  =  T2.MakeId WHERE T2.Make  =  'amc hornet sportabout (sw)';",0,1,,473,61,1160.5005264282227,813.9047622680664,173.1123291289705,1
613,completed,SambaNova,gemma-4-31B-it,112,"FAIL
result mismatch (order_matters=False)
predicted: SELECT
  T1.Accelerate
FROM cars_data AS T1
JOIN car_names AS T2
  ON T1.Id = T2.MakeId
WHERE
  T2.Model = 'amc hornet sportabout (sw)'
gold: SELECT T1.Accelerate FROM CARS_DATA AS T1 JOIN CAR_NAMES AS T2 ON T1.Id  =  T2.MakeId WHERE T2.Make  =  'amc hornet sportabout (sw)';",0,1,,473,61,1158.0324172973633,811.2492561340332,173.0187815311506,1
614,completed,SambaNova,gemma-4-31B-it,113,"FAIL
result mismatch (order_matters=False)
predicted: SELECT
  COUNT(*)
FROM car_makers
JOIN countries
  ON car_makers.Country = countries.CountryId
WHERE
  countries.CountryName = 'France'
gold: SELECT count(*) FROM CAR_MAKERS AS T1 JOIN COUNTRIES AS T2 ON T1.Country  =  T2.CountryId WHERE T2.CountryName  =  'france';",0,1,,465,43,1053.9052486419678,805.6907653808594,169.20849842520366,1
615,completed,SambaNova,gemma-4-31B-it,114,"FAIL
result mismatch (order_matters=False)
predicted: SELECT
  count(*)
FROM car_makers
JOIN countries
  ON car_makers.Country = countries.CountryId
WHERE
  countries.CountryName = 'France'
gold: SELECT count(*) FROM CAR_MAKERS AS T1 JOIN COUNTRIES AS T2 ON T1.Country  =  T2.CountryId WHERE T2.CountryName  =  'france';",0,1,,467,43,1061.7897510528564,813.6489391326904,169.25873529225254,1
616,completed,SambaNova,gemma-4-31B-it,115,"FAIL
result mismatch (order_matters=False)
predicted: SELECT
  count(*)
FROM model_list AS T1
JOIN car_makers AS T2
  ON T1.Maker = T2.Id
JOIN countries AS T3
  ON T2.Country = T3.CountryId
WHERE
  T3.CountryName = 'USA'
gold: SELECT count(*) FROM MODEL_LIST AS T1 JOIN CAR_MAKERS AS T2 ON T1.Maker  =  T2.Id JOIN COUNTRIES AS T3 ON T2.Country  =  T3.CountryId WHERE T3.CountryName  =  'usa';",0,1,,466,70,1156.3234329223633,809.5347881317139,198.96845250413017,1
617,completed,SambaNova,gemma-4-31B-it,116,"FAIL
result mismatch (order_matters=False)
predicted: SELECT
  COUNT(T1.Model)
FROM model_list AS T1
JOIN car_makers AS T2
  ON T1.Maker = T2.Id
JOIN countries AS T3
  ON T2.Country = T3.CountryId
WHERE
  T3.CountryName = 'United States'
gold: SELECT count(*) FROM MODEL_LIST AS T1 JOIN CAR_MAKERS AS T2 ON T1.Maker  =  T2.Id JOIN COUNTRIES AS T3 ON T2.Country  =  T3.CountryId WHERE T3.CountryName  =  'usa';",0,1,,470,76,1208.141803741455,809.908390045166,188.33176077283764,1
618,completed,SambaNova,gemma-4-31B-it,117,PASS,1,1,,474,22,959.674596786499,809.7383975982666,140.05957276292062,1
619,completed,SambaNova,gemma-4-31B-it,118,PASS,1,1,,472,22,958.0914974212646,808.2830905914307,140.1790489892447,1
620,completed,SambaNova,gemma-4-31B-it,119,PASS,1,1,,476,29,963.0217552185059,813.3392333984375,187.0625886010825,1
621,completed,SambaNova,gemma-4-31B-it,120,PASS,1,1,,476,29,964.2009735107422,814.0275478363037,186.45109728469072,1
622,completed,SambaNova,gemma-4-31B-it,121,"FAIL
result mismatch (order_matters=False)
predicted: SELECT T1.Maker, T2.Model FROM car_makers AS T1 JOIN model_list AS T2 ON T1.Id = T2.Maker
gold: SELECT Maker ,  Model FROM MODEL_LIST;",0,1,,464,40,1006.2830448150635,807.6417446136475,196.33379342792878,1
623,completed,SambaNova,gemma-4-31B-it,122,"FAIL
result mismatch (order_matters=False)
predicted: SELECT T1.Maker, T2.Model FROM car_makers AS T1 JOIN model_list AS T2 ON T1.Id = T2.Maker
gold: SELECT Maker ,  Model FROM MODEL_LIST;",0,1,,463,40,1011.0471248626709,811.7785453796387,195.7157525846711,1
624,completed,SambaNova,gemma-4-31B-it,123,PASS,1,1,,472,46,1060.945987701416,811.0570907592773,180.08002976786787,1
625,completed,SambaNova,gemma-4-31B-it,124,PASS,1,1,,472,46,1054.0416240692139,806.1072826385498,181.49966535629937,1
626,completed,SambaNova,gemma-4-31B-it,125,"FAIL
result mismatch (order_matters=False)
predicted: SELECT count(*) FROM cars_data WHERE CAST(Horsepower AS INTEGER) > 150
gold: SELECT count(*) FROM CARS_DATA WHERE horsepower  >  150;",0,1,,472,26,961.2953662872314,811.3045692443848,166.67689280201938,1
627,completed,SambaNova,gemma-4-31B-it,126,"FAIL
result mismatch (order_matters=False)
predicted: SELECT count(*) FROM cars_data WHERE CAST(Horsepower AS INTEGER) > 150
gold: SELECT count(*) FROM CARS_DATA WHERE horsepower  >  150;",0,1,,472,26,954.0712833404541,804.6562671661377,167.31919347941255,1
628,completed,SambaNova,gemma-4-31B-it,127,PASS,1,1,,466,20,911.1411571502686,810.1298809051514,188.09781151456787,1
629,completed,SambaNova,gemma-4-31B-it,128,"FAIL
result mismatch (order_matters=False)
predicted: SELECT Year, AVG(Weight), AVG(Year) FROM cars_data GROUP BY Year
gold: SELECT avg(Weight) ,  YEAR FROM CARS_DATA GROUP BY YEAR;",0,1,,467,24,960.4341983795166,810.5151653289795,153.41614424798746,1
630,completed,SambaNova,gemma-4-31B-it,129,"FAIL
result mismatch (order_matters=False)
predicted: SELECT
  T1.CountryName
FROM countries AS T1
JOIN continents AS T2
  ON T1.Continent = T2.ContId
JOIN car_makers AS T3
  ON T1.CountryId = T3.Country
WHERE
  T2.Continent = 'Europe'
GROUP BY
  T1.CountryName
HAVING
  COUNT(*) >= 3
gold: SELECT T1.CountryName FROM COUNTRIES AS T1 JOIN CONTINENTS AS T2 ON T1.Continent  =  T2.ContId JOIN CAR_MAKERS AS T3 ON T1.CountryId  =  T3.Country WHERE T2.Continent  =  'europe' GROUP BY T1.CountryName HAVING count(*)  >=  3;",0,1,,468,92,1308.6285591125488,811.7718696594238,183.15140347644493,1
631,completed,SambaNova,gemma-4-31B-it,130,"FAIL
result mismatch (order_matters=False)
predicted: SELECT
  T1.CountryName
FROM countries AS T1
JOIN continents AS T2
  ON T1.Continent = T2.ContId
JOIN car_makers AS T3
  ON T1.CountryId = T3.Country
WHERE
  T2.Continent = 'Europe'
GROUP BY
  T1.CountryName
HAVING
  COUNT(*) >= 3
gold: SELECT T1.CountryName FROM COUNTRIES AS T1 JOIN CONTINENTS AS T2 ON T1.Continent  =  T2.ContId JOIN CAR_MAKERS AS T3 ON T1.CountryId  =  T3.Country WHERE T2.Continent  =  'europe' GROUP BY T1.CountryName HAVING count(*)  >=  3;",0,1,,471,92,1301.5949726104736,807.6550960540771,184.23294882451125,1
632,completed,SambaNova,gemma-4-31B-it,131,PASS,1,1,,473,65,1156.4972400665283,808.4335327148438,183.8743846261863,1
633,completed,SambaNova,gemma-4-31B-it,132,"FAIL
result mismatch (order_matters=True)
predicted: SELECT
  T1.Make,
  T2.Horsepower
FROM car_names AS T1
JOIN cars_data AS T2
  ON T1.MakeId = T2.Id
WHERE
  T2.Cylinders = 3
ORDER BY
  CAST(T2.Horsepower AS REAL) DESC
LIMIT 1
gold: SELECT T2.horsepower ,  T1.Make FROM CAR_NAMES AS T1 JOIN CARS_DATA AS T2 ON T1.MakeId  =  T2.Id WHERE T2.cylinders  =  3 ORDER BY T2.horsepower DESC LIMIT 1;",0,1,,476,83,1254.934549331665,809.4515800476074,184.06988741182056,1
634,completed,SambaNova,gemma-4-31B-it,133,"FAIL
result mismatch (order_matters=True)
predicted: SELECT
  T1.Model
FROM model_list AS T1
JOIN cars_data AS T2
  ON T1.ModelId = T2.Id
ORDER BY
  CAST(T2.MPG AS REAL) DESC
LIMIT 1
gold: SELECT T1.Model FROM CAR_NAMES AS T1 JOIN CARS_DATA AS T2 ON T1.MakeId  =  T2.Id ORDER BY T2.mpg DESC LIMIT 1;",0,1,,475,62,1160.0127220153809,812.2971057891846,175.43071738347876,1
635,completed,SambaNova,gemma-4-31B-it,134,"FAIL
result mismatch (order_matters=True)
predicted: SELECT
  T1.Model
FROM model_list AS T1
JOIN cars_data AS T2
  ON T1.ModelId = T2.Id
ORDER BY
  CAST(T2.MPG AS FLOAT) DESC
LIMIT 1
gold: select t1.model from car_names as t1 join cars_data as t2 on t1.makeid  =  t2.id order by t2.mpg desc limit 1;",0,1,,466,62,1157.348394393921,809.3364238739014,175.28132698668463,1
636,completed,SambaNova,gemma-4-31B-it,135,PASS,1,1,,471,24,961.8110656738281,811.3930225372314,152.9071879968109,1
637,completed,SambaNova,gemma-4-31B-it,136,PASS,1,1,,472,34,1004.6446323394775,806.0703277587891,166.1846434244508,1
638,completed,SambaNova,gemma-4-31B-it,137,"FAIL
result mismatch (order_matters=False)
predicted: SELECT
  AVG(T1.Edispl)
FROM cars_data AS T1
JOIN car_names AS T2
  ON T1.Id = T2.MakeId
WHERE
  T2.Make = 'volvo'
gold: SELECT avg(T2.edispl) FROM CAR_NAMES AS T1 JOIN CARS_DATA AS T2 ON T1.MakeId  =  T2.Id WHERE T1.Model  =  'volvo';",0,1,,471,59,1107.729196548462,809.1542720794678,194.25609871006793,1
639,completed,SambaNova,gemma-4-31B-it,138,"FAIL
result mismatch (order_matters=False)
predicted: SELECT
  AVG(T1.Edispl)
FROM cars_data AS T1
JOIN car_names AS T2
  ON T1.Id = T2.MakeId
WHERE
  T2.Make = 'Volvo'
gold: SELECT avg(T2.edispl) FROM CAR_NAMES AS T1 JOIN CARS_DATA AS T2 ON T1.MakeId  =  T2.Id WHERE T1.Model  =  'volvo';",0,1,,468,58,1110.7349395751953,811.8116855621338,190.68439552551294,1
640,completed,SambaNova,gemma-4-31B-it,139,PASS,1,1,,467,23,961.068868637085,811.3486766815186,146.94076805972242,1
641,completed,SambaNova,gemma-4-31B-it,140,PASS,1,1,,467,23,956.2714099884033,806.6513538360596,147.0391107031768,1
642,completed,SambaNova,gemma-4-31B-it,141,PASS,1,1,,468,62,1159.2962741851807,810.9316825866699,175.10390398775758,1
643,completed,SambaNova,gemma-4-31B-it,142,PASS,1,1,,464,62,1476.3312339782715,1128.7412643432617,175.49413196259272,1
644,completed,SambaNova,gemma-4-31B-it,143,PASS,1,1,,466,19,910.1772308349609,809.7515106201172,179.2369520625997,1
645,completed,SambaNova,gemma-4-31B-it,144,PASS,1,1,,469,19,903.8724899291992,803.7400245666504,179.76187777687826,1
646,completed,SambaNova,gemma-4-31B-it,145,PASS,1,1,,468,21,960.7455730438232,810.9564781188965,133.52106847313456,1
647,completed,SambaNova,gemma-4-31B-it,146,PASS,1,1,,469,21,960.1895809173584,809.3583583831787,132.59854069980653,1
648,completed,SambaNova,gemma-4-31B-it,147,PASS,1,1,,472,49,1059.0877532958984,809.9181652069092,192.63988180956144,1
649,completed,SambaNova,gemma-4-31B-it,148,"FAIL
result mismatch (order_matters=False)
predicted: SELECT
  COUNT(*)
FROM model_list
JOIN car_makers
  ON model_list.Maker = car_makers.Id
WHERE
  car_makers.Maker = 'American Motor Company'
gold: SELECT count(*) FROM CAR_MAKERS AS T1 JOIN MODEL_LIST AS T2 ON T1.Id  =  T2.Maker WHERE T1.FullName  =  'American Motor Company';",0,1,,472,49,1060.288429260254,811.6300106048584,193.0358934137719,1
650,completed,SambaNova,gemma-4-31B-it,149,PASS,1,1,,473,57,1108.4661483764648,810.8992576599121,188.19298029142223,1
651,completed,SambaNova,gemma-4-31B-it,150,"FAIL
result mismatch (order_matters=False)
predicted: SELECT T1.Maker, T1.Id FROM car_makers AS T1 JOIN model_list AS T2 ON T1.Id = T2.Maker GROUP BY T1.Id HAVING COUNT(*) > 3
gold: SELECT T1.FullName ,  T1.Id FROM CAR_MAKERS AS T1 JOIN MODEL_LIST AS T2 ON T1.Id  =  T2.Maker GROUP BY T1.Id HAVING count(*)  >  3;",0,1,,472,52,1110.1765632629395,811.6307258605957,170.8280391505456,1
652,completed,SambaNova,gemma-4-31B-it,151,"FAIL
result mismatch (order_matters=False)
predicted: SELECT DISTINCT
  T1.Model
FROM model_list AS T1
JOIN car_makers AS T2
  ON T1.Maker = T2.Id
JOIN cars_data AS T3
  ON T1.ModelId = T3.Id
WHERE
  T2.FullName = 'General Motors' OR T3.Weight > 3500
gold: SELECT DISTINCT T2.Model FROM CAR_NAMES AS T1 JOIN MODEL_LIST AS T2 ON T1.Model  =  T2.Model JOIN CAR_MAKERS AS T3 ON T2.Maker  =  T3.Id JOIN CARS_DATA AS T4 ON T1.MakeId  =  T4.Id WHERE T3.FullName  =  'General Motors' OR T4.weight  >  3500;",0,1,,901,87,1308.7782859802246,813.9355182647705,173.79257738177546,1
653,completed,SambaNova,gemma-4-31B-it,152,"FAIL
result mismatch (order_matters=False)
predicted: SELECT DISTINCT
  T1.Model
FROM model_list AS T1
JOIN car_makers AS T2
  ON T1.Maker = T2.Id
JOIN cars_data AS T3
  ON T1.ModelId = T3.Id
WHERE
  T2.Maker = 'General Motors' OR T3.Weight > 3500
gold: SELECT DISTINCT T2.Model FROM CAR_NAMES AS T1 JOIN MODEL_LIST AS T2 ON T1.Model  =  T2.Model JOIN CAR_MAKERS AS T3 ON T2.Maker  =  T3.Id JOIN CARS_DATA AS T4 ON T1.MakeId  =  T4.Id WHERE T3.FullName  =  'General Motors' OR T4.weight  >  3500;",0,1,,479,87,1251.3041496276855,807.5330257415771,193.7935917211041,1
654,completed,SambaNova,gemma-4-31B-it,153,PASS,1,1,,481,29,957.4794769287109,807.2471618652344,186.37801053767535,1
655,completed,SambaNova,gemma-4-31B-it,154,PASS,1,1,,489,51,1110.7709407806396,813.1308555603027,167.98812553418676,1
656,completed,SambaNova,gemma-4-31B-it,155,PASS,1,1,,468,21,956.3095569610596,807.0168495178223,133.9650163930761,1
657,completed,SambaNova,gemma-4-31B-it,156,PASS,1,1,,468,21,958.4379196166992,809.0450763702393,133.8752216329742,1
658,completed,SambaNova,gemma-4-31B-it,157,"FAIL
result mismatch (order_matters=True)
predicted: SELECT
  T1.Cylinders
FROM cars_data AS T1
JOIN car_names AS T2
  ON T1.Id = T2.MakeId
JOIN model_list AS T3
  ON T2.Model = T3.Model
JOIN car_makers AS T4
  ON T3.Maker = T4.Id
WHERE
  T4.Maker = 'Volvo'
ORDER BY
  T1.Accelerate ASC
LIMIT 1
gold: SELECT T1.cylinders FROM CARS_DATA AS T1 JOIN CAR_NAMES AS T2 ON T1.Id  =  T2.MakeId WHERE T2.Model  =  'volvo' ORDER BY T1.accelerate ASC LIMIT 1;",0,1,,473,111,1400.4967212677002,808.6318969726562,185.85324804699852,1
659,completed,SambaNova,gemma-4-31B-it,158,"FAIL
result mismatch (order_matters=True)
predicted: SELECT
  T1.Cylinders
FROM cars_data AS T1
JOIN car_names AS T2
  ON T1.Id = T2.MakeId
WHERE
  T2.Make = 'volvo'
ORDER BY
  T1.Accelerate ASC
LIMIT 1
gold: SELECT T1.cylinders FROM CARS_DATA AS T1 JOIN CAR_NAMES AS T2 ON T1.Id  =  T2.MakeId WHERE T2.Model  =  'volvo' ORDER BY T1.accelerate ASC LIMIT 1;",0,1,,473,72,1207.972764968872,811.1534118652344,178.92272502509942,1
660,completed,SambaNova,gemma-4-31B-it,159,"FAIL
result mismatch (order_matters=True)
predicted: SELECT
  count(*)
FROM cars_data
WHERE
  Accelerate > (
    SELECT
      Accelerate
    FROM cars_data
    ORDER BY
      CAST(Horsepower AS FLOAT) DESC
    LIMIT 1
  )
gold: SELECT COUNT(*) FROM CARS_DATA WHERE Accelerate  >  ( SELECT Accelerate FROM CARS_DATA ORDER BY Horsepower DESC LIMIT 1 );",0,1,,471,58,1102.2844314575195,804.8310279846191,191.62665255969412,1
661,completed,SambaNova,gemma-4-31B-it,160,"FAIL
result mismatch (order_matters=True)
predicted: SELECT
  count(*)
FROM cars_data
WHERE
  Accelerate > (
    SELECT
      Accelerate
    FROM cars_data
    ORDER BY
      CAST(Horsepower AS FLOAT) DESC
    LIMIT 1
  )
gold: SELECT COUNT(*) FROM CARS_DATA WHERE Accelerate  >  ( SELECT Accelerate FROM CARS_DATA ORDER BY Horsepower DESC LIMIT 1 );",0,1,,474,58,1104.9187183380127,806.2784671783447,190.86509530667706,1
662,completed,SambaNova,gemma-4-31B-it,161,"FAIL
result mismatch (order_matters=False)
predicted: SELECT count(*) FROM (SELECT Country FROM car_makers GROUP BY Country HAVING count(*) > 2)
gold: select count(*) from countries as t1 join car_makers as t2 on t1.countryid  =  t2.country group by t1.countryid having count(*)  >  2",0,1,,467,26,954.4992446899414,804.9404621124268,167.15835452219451,1
663,completed,SambaNova,gemma-4-31B-it,162,"FAIL
result mismatch (order_matters=False)
predicted: SELECT count(*) FROM (SELECT count(*) as maker_count FROM car_makers GROUP BY Country HAVING maker_count > 2)
gold: select count(*) from countries as t1 join car_makers as t2 on t1.countryid  =  t2.country group by t1.countryid having count(*)  >  2",0,1,,470,32,1010.638952255249,809.2124462127686,153.90228728617353,1
664,completed,SambaNova,gemma-4-31B-it,163,PASS,1,1,,465,19,906.7578315734863,806.1184883117676,178.85649306345235,1
665,completed,SambaNova,gemma-4-31B-it,164,PASS,1,1,,469,19,913.0988121032715,811.7692470550537,177.63818478283886,1
666,completed,SambaNova,gemma-4-31B-it,165,"FAIL
result mismatch (order_matters=True)
predicted: SELECT
  T1.Model
FROM model_list AS T1
JOIN cars_data AS T2
  ON T1.ModelId = T2.Id
WHERE
  T2.Cylinders = 4
ORDER BY
  CAST(T2.Horsepower AS REAL) DESC
LIMIT 1
gold: SELECT T1.Model FROM CAR_NAMES AS T1 JOIN CARS_DATA AS T2 ON T1.MakeId  =  T2.Id WHERE T2.Cylinders  =  4 ORDER BY T2.horsepower DESC LIMIT 1;",0,1,,471,75,1201.9076347351074,805.8767318725586,186.85410523552835,1
667,completed,SambaNova,gemma-4-31B-it,166,"FAIL
result mismatch (order_matters=True)
predicted: SELECT
  T1.Model
FROM model_list AS T1
JOIN cars_data AS T2
  ON T1.ModelId = T2.Id
WHERE
  T2.Cylinders = 4
ORDER BY
  CAST(T2.Horsepower AS REAL) DESC
LIMIT 1
gold: SELECT T1.Model FROM CAR_NAMES AS T1 JOIN CARS_DATA AS T2 ON T1.MakeId  =  T2.Id WHERE T2.Cylinders  =  4 ORDER BY T2.horsepower DESC LIMIT 1;",0,1,,472,75,1208.4712982177734,811.680793762207,186.49639839928858,1
668,completed,SambaNova,gemma-4-31B-it,167,"FAIL
result mismatch (order_matters=False)
predicted: SELECT
  T1.MakeId,
  T1.Make
FROM car_names AS T1
JOIN cars_data AS T2
  ON T1.MakeId = T2.Id
WHERE
  T2.Horsepower > (
    SELECT
      MIN(CAST(Horsepower AS FLOAT))
    FROM cars_data
  )
  AND T2.Cylinders <= 3
gold: SELECT T2.MakeId ,  T2.Make FROM CARS_DATA AS T1 JOIN CAR_NAMES AS T2 ON T1.Id  =  T2.MakeId WHERE T1.Horsepower  >  (SELECT min(Horsepower) FROM CARS_DATA) AND T1.Cylinders  <=  3;",0,1,,485,96,1306.3991069793701,810.154914855957,191.4380087623757,1
669,completed,SambaNova,gemma-4-31B-it,168,"FAIL
result mismatch (order_matters=False)
predicted: SELECT
  T1.MakeId,
  T1.Make
FROM car_names AS T1
JOIN cars_data AS T2
  ON T1.MakeId = T2.Id
WHERE
  T2.Horsepower > (
    SELECT
      MIN(CAST(Horsepower AS INTEGER))
    FROM cars_data
  )
  AND T2.Cylinders < 4
gold: select t2.makeid ,  t2.make from cars_data as t1 join car_names as t2 on t1.id  =  t2.makeid where t1.horsepower  >  (select min(horsepower) from cars_data) and t1.cylinders  <  4;",0,1,,484,96,1301.0401725769043,806.6182136535645,192.14356944597145,1
670,completed,SambaNova,gemma-4-31B-it,169,PASS,1,1,,479,30,959.4526290893555,809.5252513885498,193.4269807471205,1
671,completed,SambaNova,gemma-4-31B-it,170,PASS,1,1,,480,30,962.1655941009521,810.877799987793,191.6876385831152,1
672,completed,SambaNova,gemma-4-31B-it,171,"FAIL
result mismatch (order_matters=False)
predicted: SELECT
  T1.Model
FROM model_list AS T1
JOIN car_makers AS T2
  ON T1.Maker = T2.Id
JOIN cars_data AS T3
  ON T1.ModelId = T3.Id
WHERE
  T3.Weight < 3500 AND T2.FullName != 'Ford Motor Company'
gold: SELECT DISTINCT T1.model FROM MODEL_LIST AS T1 JOIN CAR_NAMES AS T2 ON T1.Model  =  T2.Model JOIN CARS_DATA AS T3 ON T2.MakeId  =  T3.Id JOIN CAR_MAKERS AS T4 ON T1.Maker  =  T4.Id WHERE T3.weight  <  3500 AND T4.FullName != 'Ford Motor Company';",0,1,,476,86,1258.467435836792,812.7176761627197,190.6899513802344,1
673,completed,SambaNova,gemma-4-31B-it,172,"FAIL
result mismatch (order_matters=False)
predicted: SELECT DISTINCT
  T1.Model
FROM model_list AS T1
JOIN car_makers AS T2
  ON T1.Maker = T2.Id
JOIN cars_data AS T3
  ON T1.ModelId = T3.Id
WHERE
  T3.Weight < 3500 AND T2.FullName != 'Ford Motor Company'
gold: SELECT DISTINCT T1.model FROM MODEL_LIST AS T1 JOIN CAR_NAMES AS T2 ON T1.Model  =  T2.Model JOIN CARS_DATA AS T3 ON T2.MakeId  =  T3.Id JOIN CAR_MAKERS AS T4 ON T1.Maker  =  T4.Id WHERE T3.weight  <  3500 AND T4.FullName != 'Ford Motor Company';",0,1,,481,87,1250.542163848877,805.638313293457,193.3001925981023,1
674,completed,SambaNova,gemma-4-31B-it,173,PASS,1,1,,472,23,967.4594402313232,815.5338764190674,144.8077561666107,1
675,completed,SambaNova,gemma-4-31B-it,174,PASS,1,1,,468,23,958.8794708251953,808.9399337768555,146.72580983698313,1
676,completed,SambaNova,gemma-4-31B-it,175,"FAIL
result mismatch (order_matters=False)
predicted: SELECT T1.Id, T1.Maker 
FROM car_makers AS T1 
JOIN model_list AS T2 ON T1.Id = T2.Maker 
GROUP BY T1.Id 
HAVING COUNT(*) >= 2 AND (SELECT COUNT(*) FROM car_makers) > 3
gold: select t1.id ,  t1.maker from car_makers as t1 join model_list as t2 on t1.id  =  t2.maker group by t1.id having count(*)  >=  2 intersect select t1.id ,  t1.maker from car_makers as t1 join model_list as t2 on t1.id  =  t2.maker join car_names as t3 on t2.model  =  t3.model group by t1.id having count(*)  >  3;",0,1,,483,74,1202.0130157470703,806.0634136199951,184.3668982310823,1
677,completed,SambaNova,gemma-4-31B-it,176,"FAIL
result mismatch (order_matters=False)
predicted: SELECT
  T1.Id,
  T1.Maker
FROM car_makers AS T1
JOIN model_list AS T2
  ON T1.Id = T2.Maker
JOIN car_names AS T3
  ON T1.Id = T3.MakeId
GROUP BY
  T1.Id
HAVING
  COUNT(DISTINCT T2.ModelId) >= 2 AND COUNT(T3.MakeId) > 3
gold: SELECT T1.Id ,  T1.Maker FROM CAR_MAKERS AS T1 JOIN MODEL_LIST AS T2 ON T1.Id  =  T2.Maker GROUP BY T1.Id HAVING count(*)  >=  2 INTERSECT SELECT T1.Id ,  T1.Maker FROM CAR_MAKERS AS T1 JOIN MODEL_LIST AS T2 ON T1.Id  =  T2.Maker JOIN CAR_NAMES AS T3 ON T2.model  =  T3.model GROUP BY T1.Id HAVING count(*)  >  3;",0,1,,481,108,1355.7765483856201,809.1640472412109,195.75110297693638,1
678,completed,SambaNova,gemma-4-31B-it,177,PASS,1,1,,482,122,1454.4684886932373,811.539888381958,188.201302510756,1
679,completed,SambaNova,gemma-4-31B-it,178,"FAIL
result mismatch (order_matters=False)
predicted: SELECT T1.CountryId, T1.CountryName 
FROM countries AS T1 
JOIN car_makers AS T2 ON T1.CountryId = T2.Country 
GROUP BY T1.CountryId 
HAVING COUNT(*) > 3 OR T2.Maker = 'Fiat'
gold: select t1.countryid ,  t1.countryname from countries as t1 join car_makers as t2 on t1.countryid  =  t2.country group by t1.countryid having count(*)  >  3 union select t1.countryid ,  t1.countryname from countries as t1 join car_makers as t2 on t1.countryid  =  t2.country join model_list as t3 on t2.id  =  t3.maker where t3.model  =  'fiat';",0,1,,479,71,1199.7523307800293,804.7564029693604,177.21701686391228,1
680,completed,SambaNova,gemma-4-31B-it,179,PASS,1,1,,292,17,907.2849750518799,806.006908416748,157.98089884201877,1
681,completed,SambaNova,gemma-4-31B-it,180,"FAIL
result mismatch (order_matters=False)
predicted: SELECT Country FROM airlines WHERE Airline = 'Jetblue Airways'
gold: SELECT Country FROM AIRLINES WHERE Airline  =  ""JetBlue Airways""",0,1,,289,17,912.1360778808594,811.0599517822266,158.29652973034175,1
682,completed,SambaNova,gemma-4-31B-it,181,PASS,1,1,,291,18,905.3661823272705,805.152177810669,169.63696922403457,1
683,completed,SambaNova,gemma-4-31B-it,182,"FAIL
result mismatch (order_matters=False)
predicted: SELECT Abbreviation FROM airlines WHERE Airline = 'Jetblue Airways'
gold: SELECT Abbreviation FROM AIRLINES WHERE Airline  =  ""JetBlue Airways""",0,1,,288,18,912.0736122131348,811.0735416412354,168.31671407494835,1
684,completed,SambaNova,gemma-4-31B-it,183,PASS,1,1,,291,18,913.4130477905273,813.0588531494141,169.39999429814975,1
685,completed,SambaNova,gemma-4-31B-it,184,PASS,1,1,,293,18,906.1527252197266,805.7901859283447,169.38590952391132,1
686,completed,SambaNova,gemma-4-31B-it,185,PASS,1,1,,292,19,910.2914333343506,809.5498085021973,178.674902553835,1
687,completed,SambaNova,gemma-4-31B-it,186,PASS,1,1,,296,19,911.9729995727539,811.1305236816406,178.49621244361222,1
688,completed,SambaNova,gemma-4-31B-it,187,PASS,1,1,,287,11,906.4738750457764,806.6806793212891,100.20723284188999,1
689,completed,SambaNova,gemma-4-31B-it,188,PASS,1,1,,288,11,911.6835594177246,811.5758895874023,99.8924459729162,1
690,completed,SambaNova,gemma-4-31B-it,189,PASS,1,1,,287,11,910.555362701416,810.593843460083,100.03849557205517,1
691,completed,SambaNova,gemma-4-31B-it,190,PASS,1,1,,288,11,904.8824310302734,805.3596019744873,100.47945878221206,1
692,completed,SambaNova,gemma-4-31B-it,191,PASS,1,1,,287,11,908.6823463439941,808.7635040283203,100.08122360352192,1
693,completed,SambaNova,gemma-4-31B-it,192,PASS,1,1,,286,11,911.8051528930664,811.6047382354736,99.79998619938088,1
694,completed,SambaNova,gemma-4-31B-it,193,PASS,1,1,,287,16,906.3920974731445,804.919958114624,147.82382725766848,1
695,completed,SambaNova,gemma-4-31B-it,194,PASS,1,1,,288,16,914.4463539123535,814.1460418701172,149.55088069599944,1
696,completed,SambaNova,gemma-4-31B-it,195,PASS,1,1,,287,16,909.4901084899902,808.6879253387451,148.80630092598068,1
697,completed,SambaNova,gemma-4-31B-it,196,PASS,1,1,,289,16,907.3207378387451,807.04665184021,149.58999476912834,1
698,completed,SambaNova,gemma-4-31B-it,197,PASS,1,1,,290,19,908.6177349090576,807.8534603118896,178.63474006000436,1
699,completed,SambaNova,gemma-4-31B-it,198,PASS,1,1,,290,19,910.0902080535889,809.5273971557617,178.9926100841412,1
700,completed,SambaNova,gemma-4-31B-it,199,PASS,1,1,,292,18,912.9178524017334,811.4056587219238,167.4675660504541,1
701,completed,SambaNova,gemma-4-31B-it,200,PASS,1,1,,292,18,913.0604267120361,811.4056587219238,167.2326870260876,1
702,completed,SambaNova,gemma-4-31B-it,201,PASS,1,1,,290,17,911.0486507415771,810.2908134460449,158.7965802905286,1
703,completed,SambaNova,gemma-4-31B-it,202,PASS,1,1,,289,17,910.8102321624756,809.1568946838379,157.39768508203065,1
704,completed,SambaNova,gemma-4-31B-it,203,PASS,1,1,,289,18,910.1386070251465,809.6959590911865,169.2508147652313,1
705,completed,SambaNova,gemma-4-31B-it,204,PASS,1,1,,291,18,908.9369773864746,807.8641891479492,168.195617200953,1
706,completed,SambaNova,gemma-4-31B-it,205,PASS,1,1,,291,17,909.0912342071533,807.8641891479492,158.06052612364778,1
707,completed,SambaNova,gemma-4-31B-it,206,PASS,1,1,,288,23,960.1871967315674,810.5227947235107,146.99554272642408,1
708,completed,SambaNova,gemma-4-31B-it,207,PASS,1,1,,288,41,1059.6647262573242,810.3868961334229,160.46352770368046,1
709,completed,SambaNova,gemma-4-31B-it,208,PASS,1,1,,289,41,1059.12446975708,810.7810020446777,161.0672524164097,1
710,completed,SambaNova,gemma-4-31B-it,209,PASS,1,1,,289,41,1055.9992790222168,807.4204921722412,160.91477678721293,1
711,completed,SambaNova,gemma-4-31B-it,210,PASS,1,1,,289,41,1056.2191009521484,807.4204921722412,160.77260317554624,1
712,completed,SambaNova,gemma-4-31B-it,211,PASS,1,1,,297,78,1206.063985824585,809.4065189361572,194.12214927913774,1
713,completed,SambaNova,gemma-4-31B-it,212,PASS,1,1,,289,78,1203.6588191986084,806.1206340789795,193.6920851435412,1
714,completed,SambaNova,gemma-4-31B-it,213,PASS,1,1,,293,39,1821.0008144378662,1556.7078590393066,143.77984438781263,1
715,completed,SambaNova,gemma-4-31B-it,214,"FAIL
result mismatch (order_matters=False)
predicted: SELECT
  COUNT(*)
FROM flights
JOIN airlines
  ON flights.Airline = airlines.uid
WHERE
  airlines.Airline = 'Jetblue Airways'
gold: SELECT count(*) FROM FLIGHTS AS T1 JOIN AIRLINES AS T2 ON T1.Airline  =  T2.uid WHERE T2.Airline = ""JetBlue Airways""",0,1,,293,39,1821.26784324646,1556.7078590393066,143.63472281675672,1
716,completed,SambaNova,gemma-4-31B-it,215,PASS,1,1,,293,47,1826.408863067627,1556.7078590393066,170.55924639854032,1
717,completed,SambaNova,gemma-4-31B-it,216,PASS,1,1,,293,47,1061.8197917938232,812.8964900970459,184.79587763155374,1
718,completed,SambaNova,gemma-4-31B-it,217,PASS,1,1,,294,48,1058.7663650512695,810.1670742034912,189.059268189059,1
719,completed,SambaNova,gemma-4-31B-it,218,PASS,1,1,,293,48,1138.8628482818604,890.2695178985596,189.06380121917067,1
720,completed,SambaNova,gemma-4-31B-it,219,PASS,1,1,,292,77,1209.8414897918701,812.4821186065674,191.2626340566623,1
721,completed,SambaNova,gemma-4-31B-it,220,PASS,1,1,,292,77,1209.615707397461,812.4821186065674,191.37137261894256,1
722,completed,SambaNova,gemma-4-31B-it,221,PASS,1,1,,289,60,1108.391284942627,810.0137710571289,197.73608014792015,1
723,completed,SambaNova,gemma-4-31B-it,222,PASS,1,1,,289,60,1109.5163822174072,812.0989799499512,198.37440428903875,1
724,completed,SambaNova,gemma-4-31B-it,223,PASS,1,1,,289,60,1104.4137477874756,806.9655895233154,198.35389247091186,1
725,completed,SambaNova,gemma-4-31B-it,224,PASS,1,1,,289,60,1106.759786605835,808.2187175750732,197.62775082017487,1
726,completed,SambaNova,gemma-4-31B-it,225,"FAIL
result mismatch (order_matters=True)
predicted: SELECT SourceAirport FROM flights GROUP BY SourceAirport ORDER BY COUNT(*) DESC LIMIT 1
gold: SELECT T1.AirportCode FROM AIRPORTS AS T1 JOIN FLIGHTS AS T2 ON T1.AirportCode  =  T2.DestAirport OR T1.AirportCode  =  T2.SourceAirport GROUP BY T1.AirportCode ORDER BY count(*) DESC LIMIT 1",0,1,,294,23,959.2454433441162,809.1950416564941,146.617401570174,1
727,completed,SambaNova,gemma-4-31B-it,226,"FAIL
result mismatch (order_matters=True)
predicted: SELECT SourceAirport FROM flights GROUP BY SourceAirport ORDER BY COUNT(*) DESC LIMIT 1
gold: SELECT T1.AirportCode FROM AIRPORTS AS T1 JOIN FLIGHTS AS T2 ON T1.AirportCode  =  T2.DestAirport OR T1.AirportCode  =  T2.SourceAirport GROUP BY T1.AirportCode ORDER BY count(*) DESC LIMIT 1",0,1,,293,23,960.1986408233643,810.1892471313477,146.65748229852906,1
728,completed,SambaNova,gemma-4-31B-it,227,"FAIL
result mismatch (order_matters=True)
predicted: SELECT SourceAirport FROM flights GROUP BY SourceAirport ORDER BY COUNT(*) ASC LIMIT 1
gold: SELECT T1.AirportCode FROM AIRPORTS AS T1 JOIN FLIGHTS AS T2 ON T1.AirportCode  =  T2.DestAirport OR T1.AirportCode  =  T2.SourceAirport GROUP BY T1.AirportCode ORDER BY count(*) LIMIT 1",0,1,,293,23,957.2901725769043,807.2638511657715,146.6409346911273,1
729,completed,SambaNova,gemma-4-31B-it,228,"FAIL
result mismatch (order_matters=True)
predicted: SELECT SourceAirport FROM flights GROUP BY SourceAirport ORDER BY COUNT(*) ASC LIMIT 1
gold: SELECT T1.AirportCode FROM AIRPORTS AS T1 JOIN FLIGHTS AS T2 ON T1.AirportCode  =  T2.DestAirport OR T1.AirportCode  =  T2.SourceAirport GROUP BY T1.AirportCode ORDER BY count(*) LIMIT 1",0,1,,291,23,956.5513134002686,807.4097633361816,147.51087132020876,1
730,completed,SambaNova,gemma-4-31B-it,229,"FAIL
result mismatch (order_matters=True)
predicted: SELECT T1.Airline FROM airlines AS T1 JOIN flights AS T2 ON T1.uid = T2.Airline GROUP BY T1.uid ORDER BY COUNT(*) DESC LIMIT 1
gold: SELECT T1.Airline FROM AIRLINES AS T1 JOIN FLIGHTS AS T2 ON T1.uid  =  T2.Airline GROUP BY T1.Airline ORDER BY count(*) DESC LIMIT 1",0,1,,288,45,1056.2379360198975,806.999921798706,176.53807801947616,1
731,completed,SambaNova,gemma-4-31B-it,230,"FAIL
result mismatch (order_matters=True)
predicted: SELECT T1.Airline FROM airlines AS T1 JOIN flights AS T2 ON T1.uid = T2.Airline GROUP BY T1.uid ORDER BY COUNT(*) DESC LIMIT 1
gold: SELECT T1.Airline FROM AIRLINES AS T1 JOIN FLIGHTS AS T2 ON T1.uid  =  T2.Airline GROUP BY T1.Airline ORDER BY count(*) DESC LIMIT 1",0,1,,287,45,1058.8037967681885,810.096025466919,176.9144557477501,1
732,completed,SambaNova,gemma-4-31B-it,231,"FAIL
result mismatch (order_matters=True)
predicted: SELECT
  T1.Abbreviation,
  T1.Country
FROM airlines AS T1
JOIN flights AS T2
  ON T1.uid = T2.Airline
GROUP BY
  T1.uid
ORDER BY
  COUNT(*) ASC
LIMIT 1
gold: SELECT T1.Abbreviation ,  T1.Country FROM AIRLINES AS T1 JOIN FLIGHTS AS T2 ON T1.uid  =  T2.Airline GROUP BY T1.Airline ORDER BY count(*) LIMIT 1",0,1,,295,66,1152.057409286499,805.3057193756104,187.4540251460758,1
733,completed,SambaNova,gemma-4-31B-it,232,"FAIL
result mismatch (order_matters=True)
predicted: SELECT
  T1.Abbreviation,
  T1.Country
FROM airlines AS T1
JOIN flights AS T2
  ON T1.uid = T2.Airline
GROUP BY
  T1.uid
ORDER BY
  COUNT(*) ASC
LIMIT 1
gold: SELECT T1.Abbreviation ,  T1.Country FROM AIRLINES AS T1 JOIN FLIGHTS AS T2 ON T1.uid  =  T2.Airline GROUP BY T1.Airline ORDER BY count(*) LIMIT 1",0,1,,300,66,1161.3388061523438,813.1825923919678,186.69780239722297,1
734,completed,SambaNova,gemma-4-31B-it,233,PASS,1,1,,294,41,1056.8866729736328,809.0524673461914,161.39822143893363,1
735,completed,SambaNova,gemma-4-31B-it,234,PASS,1,1,,291,41,1052.5517463684082,804.9507141113281,161.5502150187672,1
736,completed,SambaNova,gemma-4-31B-it,235,PASS,1,1,,293,41,1059.9324703216553,811.7396831512451,161.1650380981291,1
737,completed,SambaNova,gemma-4-31B-it,236,PASS,1,1,,291,41,1059.6396923065186,811.9633197784424,161.50107332287286,1
738,completed,SambaNova,gemma-4-31B-it,237,PASS,1,1,,298,80,1198.368787765503,803.0645847320557,199.84609167769383,1
739,completed,SambaNova,gemma-4-31B-it,238,PASS,1,1,,294,80,1212.0468616485596,814.5096302032471,198.72352512186697,1
740,completed,SambaNova,gemma-4-31B-it,239,PASS,1,1,,299,70,1150.733232498169,803.9860725402832,198.9922570912489,1
741,completed,SambaNova,gemma-4-31B-it,240,PASS,1,1,,294,78,1209.7151279449463,813.0478858947754,194.11736548252946,1
742,completed,SambaNova,gemma-4-31B-it,241,PASS,1,1,,292,44,1057.6953887939453,808.2153797149658,172.3584994194353,1
743,completed,SambaNova,gemma-4-31B-it,242,PASS,1,1,,290,44,1059.5331192016602,810.9195232391357,172.95916513947108,1
744,completed,SambaNova,gemma-4-31B-it,243,PASS,1,1,,293,45,1056.8490028381348,809.3159198760986,177.75401765891726,1
745,completed,SambaNova,gemma-4-31B-it,244,PASS,1,1,,291,45,1058.0124855041504,808.659553527832,176.45671799912418,1
746,completed,SambaNova,gemma-4-31B-it,245,PASS,1,1,,290,50,1059.8905086517334,811.7029666900635,197.43134410657711,1
747,completed,SambaNova,gemma-4-31B-it,246,PASS,1,1,,289,50,1053.9112091064453,806.3106536865234,197.89939451831083,1
748,completed,SambaNova,gemma-4-31B-it,247,PASS,1,1,,293,18,907.9225063323975,806.9310188293457,168.33101898302363,1
749,completed,SambaNova,gemma-4-31B-it,248,PASS,1,1,,291,18,909.2810153961182,808.7239265441895,169.0581956388243,1
750,completed,SambaNova,gemma-4-31B-it,249,PASS,1,1,,293,18,904.4589996337891,804.4626712799072,170.00624202758604,1
751,completed,SambaNova,gemma-4-31B-it,250,PASS,1,1,,291,18,912.092924118042,811.5761280059814,169.12596359565273,1
752,completed,SambaNova,gemma-4-31B-it,251,PASS,1,1,,293,52,1108.9119911193848,810.4393482208252,170.86993134353395,1
753,completed,SambaNova,gemma-4-31B-it,252,PASS,1,1,,290,52,1101.3855934143066,803.8880825042725,171.43000573010792,1
754,completed,SambaNova,gemma-4-31B-it,253,PASS,1,1,,293,52,1106.2641143798828,808.2616329193115,171.13951451020992,1
755,completed,SambaNova,gemma-4-31B-it,254,PASS,1,1,,290,52,1106.1952114105225,807.4648380279541,170.72251282157697,1
756,completed,SambaNova,gemma-4-31B-it,255,PASS,1,1,,295,50,1053.0729293823242,804.746150970459,197.32064464964986,1
757,completed,SambaNova,gemma-4-31B-it,256,PASS,1,1,,290,50,1059.8082542419434,810.9686374664307,196.9139827289024,1
758,completed,SambaNova,gemma-4-31B-it,257,PASS,1,1,,295,34,1008.284330368042,809.1073036193848,165.68175827648494,1
759,completed,SambaNova,gemma-4-31B-it,258,PASS,1,1,,290,34,1012.12477684021,812.7493858337402,165.5169167739922,1
760,completed,SambaNova,gemma-4-31B-it,259,PASS,1,1,,371,11,905.3232669830322,805.7210445404053,100.39936614627467,1
761,completed,SambaNova,gemma-4-31B-it,260,PASS,1,1,,370,11,912.5452041625977,812.6232624053955,100.07811922128927,1
762,completed,SambaNova,gemma-4-31B-it,261,PASS,1,1,,375,14,910.1090431213379,809.4537258148193,129.15363388515297,1
763,completed,SambaNova,gemma-4-31B-it,262,PASS,1,1,,378,14,907.5844287872314,807.7802658081055,130.25508768325574,1
764,completed,SambaNova,gemma-4-31B-it,263,PASS,1,1,,375,16,906.1119556427002,805.9706687927246,149.78836873218847,1
765,completed,SambaNova,gemma-4-31B-it,264,PASS,1,1,,374,16,911.2014770507812,810.774564743042,149.3623537288027,1
766,completed,SambaNova,gemma-4-31B-it,265,PASS,1,1,,380,25,954.9813270568848,805.72509765625,160.79730873797573,1
767,completed,SambaNova,gemma-4-31B-it,266,PASS,1,1,,380,25,960.7470035552979,809.8368644714355,159.03503996284144,1
768,completed,SambaNova,gemma-4-31B-it,267,PASS,1,1,,374,16,911.0887050628662,810.6727600097656,149.378666824954,1
769,completed,SambaNova,gemma-4-31B-it,268,PASS,1,1,,374,16,906.5561294555664,806.1912059783936,149.45460505842584,1
770,completed,SambaNova,gemma-4-31B-it,269,PASS,1,1,,382,23,961.9021415710449,811.8433952331543,146.6092482904136,1
771,completed,SambaNova,gemma-4-31B-it,270,PASS,1,1,,383,23,956.4304351806641,806.2615394592285,146.5017099200767,1
772,completed,SambaNova,gemma-4-31B-it,271,PASS,1,1,,377,21,959.7854614257812,810.6052875518799,134.06607245883455,1
773,completed,SambaNova,gemma-4-31B-it,272,PASS,1,1,,379,21,958.9402675628662,809.3948364257812,133.73862275783233,1
774,completed,SambaNova,gemma-4-31B-it,273,PASS,1,1,,383,20,910.1061820983887,809.5064163208008,188.86723893578798,1
775,completed,SambaNova,gemma-4-31B-it,274,PASS,1,1,,388,20,906.7440032958984,806.4157962799072,189.37844665131522,1
776,completed,SambaNova,gemma-4-31B-it,275,PASS,1,1,,382,25,958.3327770233154,808.2907199859619,159.95515173472404,1
777,completed,SambaNova,gemma-4-31B-it,276,PASS,1,1,,381,25,958.228349685669,807.2917461395264,159.00715556159312,1
778,completed,SambaNova,gemma-4-31B-it,277,PASS,1,1,,380,51,1106.9655418395996,808.4874153137207,167.5164628710736,1
779,completed,SambaNova,gemma-4-31B-it,278,PASS,1,1,,380,51,1102.0967960357666,804.8980236053467,168.23757242034364,1
780,completed,SambaNova,gemma-4-31B-it,279,PASS,1,1,,379,45,1058.0708980560303,809.5061779022217,177.01627154800317,1
781,completed,SambaNova,gemma-4-31B-it,280,PASS,1,1,,378,45,1057.727336883545,808.258056640625,176.37442156066325,1
782,completed,SambaNova,gemma-4-31B-it,281,PASS,1,1,,379,23,963.6995792388916,813.7471675872803,146.71321226305596,1
783,completed,SambaNova,gemma-4-31B-it,282,PASS,1,1,,378,23,955.8601379394531,806.1280250549316,146.9290693638121,1
784,completed,SambaNova,gemma-4-31B-it,283,PASS,1,1,,381,61,1157.0513248443604,809.8020553588867,172.78654059921632,1
785,completed,SambaNova,gemma-4-31B-it,284,PASS,1,1,,378,51,1104.407548904419,807.2102069854736,168.23838220476586,1
786,completed,SambaNova,gemma-4-31B-it,285,PASS,1,1,,378,23,961.6556167602539,811.9478225708008,146.95293667983182,1
787,completed,SambaNova,gemma-4-31B-it,286,PASS,1,1,,376,23,959.949254989624,809.9510669708252,146.66843840302127,1
788,completed,SambaNova,gemma-4-31B-it,287,PASS,1,1,,382,46,1050.278663635254,802.9975891113281,181.97915099906282,1
789,completed,SambaNova,gemma-4-31B-it,288,PASS,1,1,,383,46,1057.997703552246,810.1170063018799,181.5389439321642,1
790,completed,SambaNova,gemma-4-31B-it,289,PASS,1,1,,374,13,914.508581161499,814.0964508056641,119.50747342452613,1
791,completed,SambaNova,gemma-4-31B-it,290,PASS,1,1,,377,13,908.5431098937988,808.3534240722656,119.77280796523775,1
792,completed,SambaNova,gemma-4-31B-it,291,PASS,1,1,,373,10,860.7738018035889,809.3841075897217,175.1323906023828,1
793,completed,SambaNova,gemma-4-31B-it,292,PASS,1,1,,373,10,858.2065105438232,806.7169189453125,174.79260799303586,1
794,completed,SambaNova,gemma-4-31B-it,293,PASS,1,1,,392,38,1008.8603496551514,809.5958232879639,185.68282410598056,1
795,completed,SambaNova,gemma-4-31B-it,294,PASS,1,1,,396,50,1059.2668056488037,809.7331523895264,196.3662991343563,1
796,completed,SambaNova,gemma-4-31B-it,295,PASS,1,1,,373,15,905.8279991149902,805.7317733764648,139.86541347294406,1
797,completed,SambaNova,gemma-4-31B-it,296,PASS,1,1,,373,15,910.2222919464111,809.7012042999268,139.27425904140262,1
798,completed,SambaNova,gemma-4-31B-it,297,PASS,1,1,,407,11,905.977725982666,806.5111637115479,100.53629854767458,1
799,completed,SambaNova,gemma-4-31B-it,298,PASS,1,1,,406,11,908.1039428710938,807.1188926696777,99.02455838814625,1
800,completed,SambaNova,gemma-4-31B-it,299,PASS,1,1,,414,20,913.2928848266602,812.4032020568848,188.3245092895865,1
801,completed,SambaNova,gemma-4-31B-it,300,PASS,1,1,,413,20,904.3757915496826,804.2645454406738,189.78886726983046,1
802,completed,SambaNova,gemma-4-31B-it,301,PASS,1,1,,421,23,963.6719226837158,813.1272792816162,146.13605308585275,1
803,completed,SambaNova,gemma-4-31B-it,302,PASS,1,1,,421,23,963.5250568389893,813.1272792816162,146.27875728820223,1
804,completed,SambaNova,gemma-4-31B-it,303,PASS,1,1,,418,29,958.0700397491455,808.0854415893555,186.68583536937214,1
805,completed,SambaNova,gemma-4-31B-it,304,PASS,1,1,,420,29,955.8734893798828,806.2207698822021,187.09984084474954,1
806,completed,SambaNova,gemma-4-31B-it,305,PASS,1,1,,409,17,912.6899242401123,812.1376037597656,159.12114134777485,1
807,completed,SambaNova,gemma-4-31B-it,306,PASS,1,1,,410,17,910.4793071746826,809.258222579956,158.06983361284367,1
808,completed,SambaNova,gemma-4-31B-it,307,PASS,1,1,,413,45,1056.7107200622559,807.7907562255859,176.76364451374747,1
809,completed,SambaNova,gemma-4-31B-it,308,PASS,1,1,,412,54,1105.1759719848633,807.6364994049072,178.1276263631126,1
810,completed,SambaNova,gemma-4-31B-it,309,PASS,1,1,,412,20,905.6313037872314,804.969310760498,188.75048495169432,1
811,completed,SambaNova,gemma-4-31B-it,310,PASS,1,1,,420,20,914.6196842193604,813.3382797241211,187.59613469709632,1
812,completed,SambaNova,gemma-4-31B-it,311,PASS,1,1,,416,67,1156.8992137908936,809.6771240234375,190.0800725097933,1
813,completed,SambaNova,gemma-4-31B-it,312,PASS,1,1,,419,67,1159.8172187805176,812.1099472045898,189.81483965194496,1
814,completed,SambaNova,gemma-4-31B-it,313,PASS,1,1,,414,23,956.3515186309814,807.3534965515137,147.65296675056766,1
815,completed,SambaNova,gemma-4-31B-it,314,PASS,1,1,,416,23,961.4179134368896,811.4850521087646,146.73234276409525,1
816,completed,SambaNova,gemma-4-31B-it,315,PASS,1,1,,411,25,959.7959518432617,809.1695308685303,159.3345964452422,1
817,completed,SambaNova,gemma-4-31B-it,316,PASS,1,1,,414,25,955.2836418151855,805.741548538208,160.4899294511539,1
818,completed,SambaNova,gemma-4-31B-it,317,PASS,1,1,,407,11,909.168004989624,809.4744682312012,100.30740532590369,1
819,completed,SambaNova,gemma-4-31B-it,318,PASS,1,1,,406,11,907.6404571533203,807.4665069580078,99.82635186595583,1
820,completed,SambaNova,gemma-4-31B-it,319,PASS,1,1,,415,22,955.6179046630859,806.7367076873779,141.0520631656826,1
821,completed,SambaNova,gemma-4-31B-it,320,PASS,1,1,,415,22,961.6146087646484,811.9168281555176,140.28264089520576,1
822,completed,SambaNova,gemma-4-31B-it,321,PASS,1,1,,410,15,911.3621711730957,810.875415802002,139.32184344392985,1
823,completed,SambaNova,gemma-4-31B-it,322,PASS,1,1,,408,19,902.7786254882812,803.0123710632324,180.42172780499462,1
824,completed,SambaNova,gemma-4-31B-it,323,PASS,1,1,,414,24,958.1193923950195,808.2518577575684,153.46886205634834,1
825,completed,SambaNova,gemma-4-31B-it,324,PASS,1,1,,413,24,960.9899520874023,811.0203742980957,153.3644379016181,1
826,completed,SambaNova,gemma-4-31B-it,325,PASS,1,1,,409,20,905.9343338012695,805.3305149078369,188.85962987276136,1
827,completed,SambaNova,gemma-4-31B-it,326,PASS,1,1,,410,61,1154.689073562622,807.7490329742432,172.94054585987087,1
828,completed,SambaNova,gemma-4-31B-it,327,PASS,1,1,,420,25,958.0562114715576,807.5747489929199,159.4880831478298,1
829,completed,SambaNova,gemma-4-31B-it,328,PASS,1,1,,419,25,958.3871364593506,808.6302280426025,160.2597185914928,1
830,completed,SambaNova,gemma-4-31B-it,329,PASS,1,1,,412,24,961.3006114959717,810.3604316711426,152.37824697633351,1
831,completed,SambaNova,gemma-4-31B-it,330,PASS,1,1,,416,24,952.9259204864502,803.5013675689697,153.9238334726805,1
832,completed,SambaNova,gemma-4-31B-it,331,PASS,1,1,,410,29,961.8649482727051,810.8415603637695,185.4017472901847,1
833,completed,SambaNova,gemma-4-31B-it,332,PASS,1,1,,415,29,959.334135055542,809.3428611755371,186.6775264699758,1
834,completed,SambaNova,gemma-4-31B-it,333,PASS,1,1,,411,27,954.6043872833252,805.0615787506104,173.8632586555447,1
835,completed,SambaNova,gemma-4-31B-it,334,PASS,1,1,,415,27,960.6187343597412,810.5838298797607,173.2930086509919,1
836,completed,SambaNova,gemma-4-31B-it,335,PASS,1,1,,411,27,959.648609161377,809.8819255828857,173.60336343679307,1
837,completed,SambaNova,gemma-4-31B-it,336,PASS,1,1,,414,27,956.775426864624,807.3782920837402,174.03278876889712,1
838,completed,SambaNova,gemma-4-31B-it,337,PASS,1,1,,419,59,1107.6328754425049,809.7000122070312,194.67473097843265,1
839,completed,SambaNova,gemma-4-31B-it,338,PASS,1,1,,418,59,1108.1113815307617,809.0274333953857,193.92548601019251,1
840,completed,SambaNova,gemma-4-31B-it,339,PASS,1,1,,412,58,1102.0286083221436,805.0580024719238,191.93818808029962,1
841,completed,SambaNova,gemma-4-31B-it,340,PASS,1,1,,414,58,1108.7658405303955,809.2362880706787,190.29841807567828,1
842,completed,SambaNova,gemma-4-31B-it,341,PASS,1,1,,414,90,1257.1489810943604,811.0597133636475,199.51163688099734,1
843,completed,SambaNova,gemma-4-31B-it,342,PASS,1,1,,416,90,1251.6000270843506,806.7939281463623,200.08718453387877,1
844,completed,SambaNova,gemma-4-31B-it,343,PASS,1,1,,412,62,1160.6066226959229,812.1743202209473,175.06987603246407,1
845,completed,SambaNova,gemma-4-31B-it,344,PASS,1,1,,415,62,1158.3900451660156,810.6575012207031,175.4221773662732,1
846,completed,SambaNova,gemma-4-31B-it,345,PASS,1,1,,413,68,1154.5333862304688,806.6422939300537,192.58900697044396,1
847,completed,SambaNova,gemma-4-31B-it,346,PASS,1,1,,415,68,1156.5732955932617,809.0803623199463,192.8096763547768,1
848,completed,SambaNova,gemma-4-31B-it,347,PASS,1,1,,408,24,957.024097442627,807.71803855896,154.04599231917732,1
849,completed,SambaNova,gemma-4-31B-it,348,PASS,1,1,,412,24,960.4911804199219,810.1353645324707,152.97047117363687,1
850,completed,SambaNova,gemma-4-31B-it,349,PASS,1,1,,413,27,953.406572341919,804.3146133422852,174.38901584265764,1
851,completed,SambaNova,gemma-4-31B-it,350,PASS,1,1,,414,27,964.8129940032959,813.1299018859863,171.410007780511,1
852,completed,SambaNova,gemma-4-31B-it,351,PASS,1,1,,413,27,961.7791175842285,811.8364810943604,173.3996454154443,1
853,completed,SambaNova,gemma-4-31B-it,352,PASS,1,1,,414,27,953.8440704345703,804.8372268676758,174.48863003616117,1
854,completed,SambaNova,gemma-4-31B-it,353,PASS,1,1,,416,76,1207.618236541748,810.3470802307129,188.7879318912353,1
855,completed,SambaNova,gemma-4-31B-it,354,"FAIL
result mismatch (order_matters=False)
predicted: SELECT DISTINCT
  T1.Template_Details
FROM Templates AS T1
JOIN Documents AS T2
  ON T1.Template_ID = T2.Template_ID
gold: SELECT DISTINCT T1.template_type_description FROM Ref_template_types AS T1 JOIN Templates AS T2 ON T1.template_type_code  = T2.template_type_code JOIN Documents AS T3 ON T2.Template_ID  =  T3.template_ID",0,1,,414,44,1061.7351531982422,811.6848468780518,171.96539621486536,1
856,completed,SambaNova,gemma-4-31B-it,355,PASS,1,1,,412,66,1150.862455368042,803.9793968200684,187.38303413284322,1
857,completed,SambaNova,gemma-4-31B-it,356,PASS,1,1,,412,57,1108.332872390747,809.3440532684326,187.2979737650014,1
858,completed,SambaNova,gemma-4-31B-it,357,PASS,1,1,,406,12,906.2099456787109,806.1783313751221,109.96523525668374,1
859,completed,SambaNova,gemma-4-31B-it,358,PASS,1,1,,406,12,914.3726825714111,814.0335083007812,109.62816945584325,1
860,completed,SambaNova,gemma-4-31B-it,359,PASS,1,1,,412,46,1059.180736541748,810.2436065673828,180.76853382472095,1
861,completed,SambaNova,gemma-4-31B-it,360,PASS,1,1,,413,46,1055.7153224945068,807.1162700653076,181.014366548384,1
862,completed,SambaNova,gemma-4-31B-it,361,"FAIL
result mismatch (order_matters=False)
predicted: SELECT Other_Details FROM Paragraphs WHERE Paragraph_Text = 'Korea '
gold: select other_details from paragraphs where paragraph_text like 'korea'",0,1,,411,20,910.1321697235107,809.4666004180908,188.74377933883122,1
863,completed,SambaNova,gemma-4-31B-it,362,"FAIL
result mismatch (order_matters=False)
predicted: SELECT Other_Details FROM Paragraphs WHERE Paragraph_Text LIKE '%Korea %'
gold: select other_details from paragraphs where paragraph_text like 'korea'",0,1,,416,21,956.4025402069092,807.6019287109375,134.4080497985147,1
864,completed,SambaNova,gemma-4-31B-it,363,PASS,1,1,,416,68,1153.613567352295,807.6019287109375,193.6351050591272,1
865,completed,SambaNova,gemma-4-31B-it,364,PASS,1,1,,417,68,1158.3983898162842,810.260534286499,192.45249815778155,1
866,completed,SambaNova,gemma-4-31B-it,365,PASS,1,1,,411,58,1106.2202453613281,808.0441951751709,191.1622344061965,1
867,completed,SambaNova,gemma-4-31B-it,366,PASS,1,1,,415,58,1103.034496307373,805.4900169372559,191.56799723075147,1
868,completed,SambaNova,gemma-4-31B-it,367,PASS,1,1,,418,26,959.000825881958,809.1175556182861,166.79646738438828,1
869,completed,SambaNova,gemma-4-31B-it,368,PASS,1,1,,419,26,958.6527347564697,808.6040019989014,166.61253674425996,1
870,completed,SambaNova,gemma-4-31B-it,369,PASS,1,1,,415,66,1153.3448696136475,804.9294948577881,186.5589314063612,1
871,completed,SambaNova,gemma-4-31B-it,370,PASS,1,1,,420,66,1159.252643585205,812.1752738952637,187.27812780783486,1
872,completed,SambaNova,gemma-4-31B-it,371,PASS,1,1,,420,24,1010.6515884399414,812.1752738952637,115.88284502744844,1
873,completed,SambaNova,gemma-4-31B-it,372,PASS,1,1,,414,24,956.3000202178955,806.4923286437988,153.53016763244045,1
874,completed,SambaNova,gemma-4-31B-it,373,PASS,1,1,,413,76,1210.6332778930664,813.3418560028076,188.77830194057591,1
875,completed,SambaNova,gemma-4-31B-it,374,PASS,1,1,,413,76,1202.8822898864746,806.7214488983154,189.31704560431723,1
876,completed,SambaNova,gemma-4-31B-it,375,PASS,1,1,,411,26,964.5938873291016,814.5198822021484,166.58447929640832,1
877,completed,SambaNova,gemma-4-31B-it,376,PASS,1,1,,411,26,963.5720252990723,813.4765625,166.56066435177095,1
878,completed,SambaNova,gemma-4-31B-it,377,PASS,1,1,,413,27,955.7530879974365,806.5564632415771,174.26667689396845,1
879,completed,SambaNova,gemma-4-31B-it,378,PASS,1,1,,413,34,1008.7807178497314,808.2191944122314,164.53804017041998,1
880,completed,SambaNova,gemma-4-31B-it,379,PASS,1,1,,414,38,1012.1791362762451,811.9106292724609,184.75196401849075,1
881,completed,SambaNova,gemma-4-31B-it,380,PASS,1,1,,418,50,1059.9651336669922,812.0131492614746,197.61890640835549,1
882,completed,SambaNova,gemma-4-31B-it,381,PASS,1,1,,277,11,907.7613353729248,808.0353736877441,100.27479134839976,1
883,completed,SambaNova,gemma-4-31B-it,382,PASS,1,1,,279,11,909.5427989959717,810.0194931030273,100.47897736392362,1
884,completed,SambaNova,gemma-4-31B-it,383,PASS,1,1,,282,14,908.8010787963867,808.3069324493408,129.36076848800602,1
885,completed,SambaNova,gemma-4-31B-it,384,PASS,1,1,,283,14,911.5822315216064,810.9354972839355,129.16464799842709,1
886,completed,SambaNova,gemma-4-31B-it,385,PASS,1,1,,280,12,908.7092876434326,807.8007698059082,109.0096280842357,1
887,completed,SambaNova,gemma-4-31B-it,386,PASS,1,1,,281,12,910.2764129638672,809.4279766082764,109.07457167916897,1
888,completed,SambaNova,gemma-4-31B-it,387,"FAIL
result mismatch (order_matters=False)
predicted: SELECT Name FROM teacher WHERE Hometown != 'Little Lever Urban District'
gold: select name from teacher where hometown != ""little lever urban district""",0,1,,287,18,910.7000827789307,809.9441528320312,168.72456051926048,1
889,completed,SambaNova,gemma-4-31B-it,388,"FAIL
result mismatch (order_matters=False)
predicted: SELECT Name FROM teacher WHERE Hometown != 'Little Lever Urban District'
gold: select name from teacher where hometown != ""little lever urban district""",0,1,,289,18,908.46848487854,808.039665222168,169.27411930327685,1
890,completed,SambaNova,gemma-4-31B-it,389,PASS,1,1,,286,23,956.5186500549316,806.6680431365967,146.81288552931574,1
891,completed,SambaNova,gemma-4-31B-it,390,PASS,1,1,,290,23,960.8182907104492,811.1937046051025,147.03465902662805,1
892,completed,SambaNova,gemma-4-31B-it,391,PASS,1,1,,280,22,955.8713436126709,805.8760166168213,140.00436160641905,1
893,completed,SambaNova,gemma-4-31B-it,392,PASS,1,1,,278,22,962.608814239502,812.5832080841064,139.9761050006913,1
894,completed,SambaNova,gemma-4-31B-it,393,PASS,1,1,,285,16,906.137228012085,805.6247234344482,149.23516295839462,1
895,completed,SambaNova,gemma-4-31B-it,394,PASS,1,1,,281,16,910.9137058258057,810.0860118865967,148.7686508931147,1
896,completed,SambaNova,gemma-4-31B-it,395,PASS,1,1,,279,21,958.2767486572266,808.7091445922852,133.71879642677243,1
897,completed,SambaNova,gemma-4-31B-it,396,PASS,1,1,,282,21,957.8075408935547,807.1026802062988,132.7097208994751,1
898,completed,SambaNova,gemma-4-31B-it,397,PASS,1,1,,282,19,905.5113792419434,805.077075958252,179.2216345560377,1
899,completed,SambaNova,gemma-4-31B-it,398,PASS,1,1,,284,19,909.7902774810791,809.190034866333,178.92600984007507,1
900,completed,SambaNova,gemma-4-31B-it,399,PASS,1,1,,284,61,1152.9731750488281,806.7514896392822,173.29937011029784,1
901,completed,SambaNova,gemma-4-31B-it,400,PASS,1,1,,284,61,1159.0275764465332,811.7873668670654,172.79104880354785,1
902,completed,SambaNova,gemma-4-31B-it,401,PASS,1,1,,294,68,1160.4015827178955,813.2154941558838,192.98008246097388,1
903,completed,SambaNova,gemma-4-31B-it,402,PASS,1,1,,294,68,1156.1977863311768,809.779167175293,193.40761811030396,1
904,completed,SambaNova,gemma-4-31B-it,403,PASS,1,1,,282,76,1204.850196838379,807.8367710113525,188.91048796086946,1
905,completed,SambaNova,gemma-4-31B-it,404,PASS,1,1,,283,76,1210.1902961730957,813.3413791656494,188.98879847161768,1
906,completed,SambaNova,gemma-4-31B-it,405,PASS,1,1,,283,55,1103.6391258239746,806.6940307617188,181.8517998712141,1
907,completed,SambaNova,gemma-4-31B-it,406,PASS,1,1,,286,55,1105.666160583496,806.7996501922607,180.6826731081731,1
908,completed,SambaNova,gemma-4-31B-it,407,PASS,1,1,,282,60,1110.8622550964355,812.0572566986084,197.45318959305948,1
909,completed,SambaNova,gemma-4-31B-it,408,PASS,1,1,,285,60,1108.1485748291016,810.9574317932129,198.52543180560124,1
910,completed,SambaNova,gemma-4-31B-it,409,PASS,1,1,,285,25,1009.2830657958984,810.9574317932129,121.01310110862933,1
911,completed,SambaNova,gemma-4-31B-it,410,PASS,1,1,,285,25,963.2749557495117,812.8664493560791,159.56544330825113,1
912,completed,SambaNova,gemma-4-31B-it,411,PASS,1,1,,300,17,915.6911373138428,812.5178813934326,155.07894809816517,1
913,completed,SambaNova,gemma-4-31B-it,412,PASS,1,1,,316,27,959.2339992523193,806.9043159484863,170.68242666887875,1
914,completed,SambaNova,gemma-4-31B-it,413,PASS,1,1,,307,22,958.7199687957764,809.6342086791992,140.85852319885626,1
915,completed,SambaNova,gemma-4-31B-it,414,PASS,1,1,,317,29,960.1528644561768,810.0354671478271,186.52068648969725,1
916,completed,SambaNova,gemma-4-31B-it,415,PASS,1,1,,304,25,961.9901180267334,811.9707107543945,159.9793015875034,1
917,completed,SambaNova,gemma-4-31B-it,416,PASS,1,1,,309,27,956.366777420044,806.4618110656738,173.44321960979536,1
918,completed,SambaNova,gemma-4-31B-it,417,PASS,1,1,,304,25,958.8322639465332,808.9179992675781,160.09150330955205,1
919,completed,SambaNova,gemma-4-31B-it,418,PASS,1,1,,314,39,1007.4174404144287,807.6560497283936,190.22694960972,1
920,completed,SambaNova,gemma-4-31B-it,419,PASS,1,1,,306,57,1108.8612079620361,810.7280731201172,187.83554545083774,1
921,completed,SambaNova,gemma-4-31B-it,420,"FAIL
result mismatch (order_matters=True)
predicted: SELECT T1.ID, T1.Name, T1.Level_of_membership FROM visitor AS T1 JOIN visit AS T2 ON T1.ID = T2.visitor_ID GROUP BY T1.ID ORDER BY SUM(T2.Total_spent) DESC LIMIT 1
gold: SELECT t2.visitor_id ,  t1.name ,  t1.Level_of_membership FROM visitor AS t1 JOIN visit AS t2 ON t1.id  =  t2.visitor_id GROUP BY t2.visitor_id ORDER BY sum(t2.Total_spent) DESC LIMIT 1",0,1,,315,68,1152.4391174316406,805.5269718170166,193.13247128115432,1
922,completed,SambaNova,gemma-4-31B-it,421,PASS,1,1,,302,58,1105.8604717254639,807.4154853820801,190.98997338965896,1
923,completed,SambaNova,gemma-4-31B-it,422,PASS,1,1,,302,23,960.7429504394531,810.6479644775391,146.57385027893204,1
924,completed,SambaNova,gemma-4-31B-it,423,PASS,1,1,,305,64,1155.301809310913,807.6322078704834,181.20652406475787,1
925,completed,SambaNova,gemma-4-31B-it,424,PASS,1,1,,303,25,957.6215744018555,807.6732158660889,160.05510319924824,1
926,completed,SambaNova,gemma-4-31B-it,425,PASS,1,1,,305,59,1108.9465618133545,811.1798763275146,194.7833751293113,1
927,completed,SambaNova,gemma-4-31B-it,426,PASS,1,1,,319,154,1600.7132530212402,807.8196048736572,192.96408838366906,1
928,completed,SambaNova,gemma-4-31B-it,427,PASS,1,1,,308,48,1054.1117191314697,806.3395023345947,189.6903559551669,1
929,completed,SambaNova,gemma-4-31B-it,428,PASS,1,1,,308,32,1011.2547874450684,812.1185302734375,155.67230418156262,1
930,completed,SambaNova,gemma-4-31B-it,429,PASS,1,1,,574,11,907.3569774627686,807.3914051055908,100.03443949953015,1
931,completed,SambaNova,gemma-4-31B-it,430,PASS,1,1,,573,11,912.3563766479492,812.6511573791504,100.29565225708643,1
932,completed,SambaNova,gemma-4-31B-it,431,PASS,1,1,,574,14,905.1997661590576,805.1743507385254,129.96696834844127,1
933,completed,SambaNova,gemma-4-31B-it,432,PASS,1,1,,573,14,912.3091697692871,811.4585876464844,128.90356928401553,1
934,completed,SambaNova,gemma-4-31B-it,433,PASS,1,1,,584,23,962.6154899597168,812.3116493225098,146.37017861108467,1
935,completed,SambaNova,gemma-4-31B-it,434,PASS,1,1,,581,23,958.9345455169678,808.7472915649414,146.48380219420858,1
936,completed,SambaNova,gemma-4-31B-it,435,PASS,1,1,,579,21,956.531286239624,807.3699474334717,134.0830014001931,1
937,completed,SambaNova,gemma-4-31B-it,436,PASS,1,1,,579,21,958.8212966918945,808.8188171386719,133.3311293224574,1
938,completed,SambaNova,gemma-4-31B-it,437,PASS,1,1,,577,15,907.6745510101318,807.4436187744141,139.67743976555604,1
939,completed,SambaNova,gemma-4-31B-it,438,PASS,1,1,,578,15,910.2795124053955,810.0481033325195,139.67677526932619,1
940,completed,SambaNova,gemma-4-31B-it,439,"FAIL
result mismatch (order_matters=False)
predicted: SELECT MAX(loser_rank) FROM matches
gold: SELECT min(loser_rank) FROM matches",0,1,,578,15,911.4713668823242,810.8558654785156,139.14356937717412,1
941,completed,SambaNova,gemma-4-31B-it,440,PASS,1,1,,578,15,911.7910861968994,810.8558654785156,138.7028224673027,1
942,completed,SambaNova,gemma-4-31B-it,441,PASS,1,1,,578,17,906.8989753723145,806.4596652984619,159.30017826919837,1
943,completed,SambaNova,gemma-4-31B-it,442,PASS,1,1,,576,17,911.1566543579102,809.3147277832031,157.10621880530766,1
944,completed,SambaNova,gemma-4-31B-it,443,PASS,1,1,,576,17,908.505916595459,807.9221248626709,159.0713545827121,1
945,completed,SambaNova,gemma-4-31B-it,444,PASS,1,1,,575,17,913.6126041412354,812.889814376831,158.85183519464474,1
946,completed,SambaNova,gemma-4-31B-it,445,PASS,1,1,,582,26,954.9193382263184,805.5071830749512,167.3223973958001,1
947,completed,SambaNova,gemma-4-31B-it,446,PASS,1,1,,582,26,960.2138996124268,810.265064239502,166.72353565017465,1
948,completed,SambaNova,gemma-4-31B-it,447,PASS,1,1,,589,56,1102.978229522705,805.415153503418,184.8347608707845,1
949,completed,SambaNova,gemma-4-31B-it,448,"FAIL
result mismatch (order_matters=False)
predicted: SELECT
  T1.first_name,
  T1.last_name
FROM players AS T1
JOIN matches AS T2
  ON T1.player_id = T2.winner_id
WHERE
  T2.year = 2013
INTERSECT
SELECT
  T1.first_name,
  T1.last_name
FROM players AS T1
JOIN matches AS T2
  ON T1.player_id = T2.winner_id
WHERE
  T2.year = 2016
gold: SELECT winner_name FROM matches WHERE YEAR  =  2013 INTERSECT SELECT winner_name FROM matches WHERE YEAR  =  2016",0,1,,589,131,1503.201961517334,811.6185665130615,187.97443799123732,1
950,completed,SambaNova,gemma-4-31B-it,449,PASS,1,1,,590,33,1006.6158771514893,807.3782920837402,160.6122659493121,1
951,completed,SambaNova,gemma-4-31B-it,450,PASS,1,1,,585,33,1006.6192150115967,807.530403137207,160.73228675546892,1
952,completed,SambaNova,gemma-4-31B-it,451,PASS,1,1,,590,135,1504.3981075286865,811.9211196899414,193.50823544074817,1
953,completed,SambaNova,gemma-4-31B-it,452,PASS,1,1,,588,135,1501.9793510437012,808.8197708129883,193.31767723011075,1
954,completed,SambaNova,gemma-4-31B-it,453,PASS,1,1,,579,34,1005.9432983398438,807.431697845459,166.23713635784958,1
955,completed,SambaNova,gemma-4-31B-it,454,PASS,1,1,,580,34,1010.4222297668457,811.2015724182129,165.64547291022413,1
956,completed,SambaNova,gemma-4-31B-it,455,PASS,1,1,,583,21,953.1290531158447,804.1808605194092,134.27487538696468,1
957,completed,SambaNova,gemma-4-31B-it,456,PASS,1,1,,581,21,953.3898830413818,804.6367168426514,134.45091967508446,1
958,completed,SambaNova,gemma-4-31B-it,457,PASS,1,1,,589,33,1012.5691890716553,813.3916854858398,160.66071430708956,1
959,completed,SambaNova,gemma-4-31B-it,458,"FAIL
result mismatch (order_matters=True)
predicted: SELECT first_name, last_name FROM players WHERE hand = 'Left' ORDER BY birth_date
gold: SELECT first_name ,  last_name FROM players WHERE hand  =  'L' ORDER BY birth_date",0,1,,585,27,1011.5220546722412,812.4628067016602,130.61437870920992,1
960,completed,SambaNova,gemma-4-31B-it,459,PASS,1,1,,585,67,1160.2730751037598,812.4628067016602,189.75862990824103,1
961,completed,SambaNova,gemma-4-31B-it,460,PASS,1,1,,583,67,1153.9263725280762,807.1372509002686,190.31738853341162,1
962,completed,SambaNova,gemma-4-31B-it,461,PASS,1,1,,578,31,1005.939245223999,806.7519664764404,150.6120279800635,1
963,completed,SambaNova,gemma-4-31B-it,462,PASS,1,1,,574,31,1009.5605850219727,811.0449314117432,151.12158388729756,1
964,completed,SambaNova,gemma-4-31B-it,463,"FAIL
result mismatch (order_matters=True)
predicted: SELECT
  T1.winner_name,
  T2.ranking_points
FROM matches AS T1
JOIN rankings AS T2
  ON T1.winner_id = T2.player_id
GROUP BY
  T1.winner_id
ORDER BY
  COUNT(*) DESC
LIMIT 1
gold: SELECT winner_name ,  winner_rank_points FROM matches GROUP BY winner_name ORDER BY count(*) DESC LIMIT 1",0,1,,582,75,1203.322410583496,808.5823059082031,187.46511723421474,1
965,completed,SambaNova,gemma-4-31B-it,464,"FAIL
result mismatch (order_matters=True)
predicted: SELECT
  T1.winner_name,
  T2.ranking_points
FROM matches AS T1
JOIN rankings AS T2
  ON T1.winner_id = T2.player_id
GROUP BY
  T1.winner_id
ORDER BY
  COUNT(*) DESC
LIMIT 1
gold: SELECT winner_name ,  winner_rank_points FROM matches GROUP BY winner_name ORDER BY count(*) DESC LIMIT 1",0,1,,591,75,1212.1059894561768,814.2600059509277,186.00162642844344,1
966,completed,SambaNova,gemma-4-31B-it,465,PASS,1,1,,588,43,1058.6845874786377,810.2779388427734,169.07760009905047,1
967,completed,SambaNova,gemma-4-31B-it,466,PASS,1,1,,587,43,1055.1505088806152,807.0385456085205,169.27841546253953,1
968,completed,SambaNova,gemma-4-31B-it,467,PASS,1,1,,585,23,960.9928131103516,810.7213973999023,146.40176174549885,1
969,completed,SambaNova,gemma-4-31B-it,468,PASS,1,1,,583,23,962.5816345214844,812.5851154327393,146.67007030332314,1
970,completed,SambaNova,gemma-4-31B-it,469,"FAIL
result mismatch (order_matters=False)
predicted: SELECT
  AVG(T1.ranking),
  T2.first_name
FROM rankings AS T1
JOIN players AS T2
  ON T1.player_id = T2.player_id
GROUP BY
  T1.player_id
gold: SELECT avg(ranking) ,  T1.first_name FROM players AS T1 JOIN rankings AS T2 ON T1.player_id  =  T2.player_id GROUP BY T1.first_name",0,1,,579,63,1153.1970500946045,806.5953254699707,178.87966387687592,1
971,completed,SambaNova,gemma-4-31B-it,470,"FAIL
result mismatch (order_matters=False)
predicted: SELECT
  T1.first_name,
  AVG(T2.ranking)
FROM players AS T1
JOIN rankings AS T2
  ON T1.player_id = T2.player_id
GROUP BY
  T1.player_id
gold: SELECT avg(ranking) ,  T1.first_name FROM players AS T1 JOIN rankings AS T2 ON T1.player_id  =  T2.player_id GROUP BY T1.first_name",0,1,,581,64,1156.968355178833,809.4894886016846,181.30599026232443,1
972,completed,SambaNova,gemma-4-31B-it,471,"FAIL
result mismatch (order_matters=False)
predicted: SELECT
  SUM(T1.ranking_points),
  T2.first_name
FROM rankings AS T1
JOIN players AS T2
  ON T1.player_id = T2.player_id
GROUP BY
  T1.player_id
gold: SELECT sum(ranking_points) ,  T1.first_name FROM players AS T1 JOIN rankings AS T2 ON T1.player_id  =  T2.player_id GROUP BY T1.first_name",0,1,,580,65,1158.8687896728516,811.1283779144287,184.04533334613163,1
973,completed,SambaNova,gemma-4-31B-it,472,"FAIL
result mismatch (order_matters=False)
predicted: SELECT T1.first_name, SUM(T2.ranking_points) FROM players AS T1 JOIN rankings AS T2 ON T1.player_id = T2.player_id GROUP BY T1.player_id
gold: SELECT sum(ranking_points) ,  T1.first_name FROM players AS T1 JOIN rankings AS T2 ON T1.player_id  =  T2.player_id GROUP BY T1.first_name",0,1,,582,55,1104.961633682251,807.5079917907715,181.54089375614674,1
974,completed,SambaNova,gemma-4-31B-it,473,PASS,1,1,,576,20,911.2014770507812,810.7335567474365,189.11509208743382,1
975,completed,SambaNova,gemma-4-31B-it,474,PASS,1,1,,575,20,910.05539894104,809.6103668212891,189.15818531819596,1
976,completed,SambaNova,gemma-4-31B-it,475,PASS,1,1,,581,25,961.0402584075928,810.9047412872314,159.8555788818416,1
977,completed,SambaNova,gemma-4-31B-it,476,PASS,1,1,,579,25,963.2220268249512,813.3881092071533,160.17735090675615,1
978,completed,SambaNova,gemma-4-31B-it,477,PASS,1,1,,581,24,956.1796188354492,807.2588443756104,154.44453658950496,1
979,completed,SambaNova,gemma-4-31B-it,478,PASS,1,1,,581,24,959.7368240356445,808.3271980285645,151.90579758069342,1
980,completed,SambaNova,gemma-4-31B-it,479,PASS,1,1,,578,23,962.4152183532715,812.3419284820557,146.5950404557608,1
981,completed,SambaNova,gemma-4-31B-it,480,PASS,1,1,,578,23,955.8005332946777,806.8642616271973,147.7141850919825,1
982,completed,SambaNova,gemma-4-31B-it,481,PASS,1,1,,577,16,911.1700057983398,810.9931945800781,149.73525127804803,1
983,completed,SambaNova,gemma-4-31B-it,482,PASS,1,1,,576,16,910.7391834259033,810.1377487182617,149.1032413562648,1
984,completed,SambaNova,gemma-4-31B-it,483,PASS,1,1,,582,25,961.3478183746338,811.6681575775146,160.34242643381194,1
985,completed,SambaNova,gemma-4-31B-it,484,PASS,1,1,,582,25,955.2710056304932,805.8817386627197,160.65411181900592,1
986,completed,SambaNova,gemma-4-31B-it,485,"FAIL
result mismatch (order_matters=False)
predicted: SELECT
  COUNT(DISTINCT T1.winner_id)
FROM matches AS T1
JOIN players AS T2
  ON T1.winner_id = T2.player_id
WHERE
  T1.tourney_name = 'WTA Championships' AND T2.hand = 'Left'
gold: SELECT count(DISTINCT winner_name) FROM matches WHERE tourney_name  =  'WTA Championships' AND winner_hand  =  'L'",0,1,,582,73,1207.054853439331,810.105562210083,181.38336959120105,1
987,completed,SambaNova,gemma-4-31B-it,486,"FAIL
result mismatch (order_matters=False)
predicted: SELECT
  count(*)
FROM matches
WHERE
  winner_hand = 'Left' AND tourney_name = 'WTA Championships'
gold: SELECT count(DISTINCT winner_name) FROM matches WHERE tourney_name  =  'WTA Championships' AND winner_hand  =  'L'",0,1,,581,35,1009.2461109161377,809.349536895752,170.08795756816036,1
988,completed,SambaNova,gemma-4-31B-it,487,PASS,1,1,,590,79,1206.0413360595703,809.9102973937988,196.9045401307498,1
989,completed,SambaNova,gemma-4-31B-it,488,PASS,1,1,,592,79,1209.7127437591553,812.6943111419678,196.4644298397325,1
990,completed,SambaNova,gemma-4-31B-it,489,PASS,1,1,,577,16,909.6109867095947,809.4522953033447,149.76234003656307,1
991,completed,SambaNova,gemma-4-31B-it,490,PASS,1,1,,577,16,906.2075614929199,806.1976432800293,149.98512415608192,1
992,completed,SambaNova,gemma-4-31B-it,491,PASS,1,1,,341,27,960.9091281890869,810.4016780853271,172.74892360528074,1
993,completed,SambaNova,gemma-4-31B-it,492,PASS,1,1,,349,16,905.6918621063232,805.159330368042,149.20543371025272,1
994,completed,SambaNova,gemma-4-31B-it,493,"FAIL
result mismatch (order_matters=False)
predicted: SELECT name, date, result FROM battle
gold: SELECT name ,  date FROM battle",0,1,,349,14,905.8284759521484,805.159330368042,129.13589287532832,1
995,completed,SambaNova,gemma-4-31B-it,494,PASS,1,1,,343,17,910.7029438018799,810.0035190582275,158.88869316513717,1
996,completed,SambaNova,gemma-4-31B-it,495,PASS,1,1,,343,13,908.5323810577393,807.1532249450684,118.36752701574498,1
997,completed,SambaNova,gemma-4-31B-it,496,PASS,1,1,,352,62,1154.0758609771729,807.3179721832275,175.91524799093514,1
998,completed,SambaNova,gemma-4-31B-it,497,PASS,1,1,,352,21,956.6199779510498,807.3179721832275,133.95667323519925,1
999,completed,SambaNova,gemma-4-31B-it,498,PASS,1,1,,352,51,1108.949899673462,811.6159439086914,168.1610829526529,1
1000,completed,SambaNova,gemma-4-31B-it,499,PASS,1,1,,354,97,1304.7189712524414,808.9063167572021,193.62152040619566,1
1001,completed,SambaNova,gpt-oss-120b,0,PASS,1,1,,412,52,131.85620307922363,50.7814884185791,629.0493924458613,1
1002,completed,SambaNova,gpt-oss-120b,1,PASS,1,1,,413,49,131.90054893493652,50.7814884185791,591.7228293135981,1
1003,completed,SambaNova,gpt-oss-120b,2,PASS,1,1,,424,93,373.9643096923828,196.17080688476562,517.454229469506,1
1004,completed,SambaNova,gpt-oss-120b,3,PASS,1,1,,423,123,403.4085273742676,196.17080688476562,588.6959174798498,1
1005,completed,SambaNova,gpt-oss-120b,4,PASS,1,1,,421,118,403.0287265777588,196.17080688476562,565.6056107189166,1
1006,completed,SambaNova,gpt-oss-120b,5,PASS,1,1,,420,119,403.06901931762695,196.17080688476562,570.3287554419597,1
1007,completed,SambaNova,gpt-oss-120b,6,PASS,1,1,,420,168,409.6417427062988,170.66335678100586,698.8079668937335,1
1008,completed,SambaNova,gpt-oss-120b,7,PASS,1,1,,421,179,456.76732063293457,191.24293327331543,670.3715683897674,1
1009,completed,SambaNova,gpt-oss-120b,8,PASS,1,1,,419,74,339.7972583770752,191.24293327331543,491.40272387904,1
1010,completed,SambaNova,gpt-oss-120b,9,PASS,1,1,,418,74,339.7557735443115,191.24293327331543,491.53998985403945,1
1011,completed,SambaNova,gpt-oss-120b,10,PASS,1,1,,417,128,427.7217388153076,191.24293327331543,537.0460143729382,1
1012,completed,SambaNova,gpt-oss-120b,11,PASS,1,1,,413,69,355.38458824157715,206.6516876220703,457.19541350141304,1
1013,completed,SambaNova,gpt-oss-120b,12,PASS,1,1,,416,107,384.45186614990234,206.6516876220703,596.1748794498945,1
1014,completed,SambaNova,gpt-oss-120b,13,PASS,1,1,,419,138,235.62145233154297,49.721479415893555,736.9554597093063,1
1015,completed,SambaNova,gpt-oss-120b,14,PASS,1,1,,425,107,210.49213409423828,50.93955993652344,664.3578178514432,1
1016,completed,SambaNova,gpt-oss-120b,15,PASS,1,1,,425,100,383.8655948638916,206.6516876220703,558.6469004653641,1
1017,completed,SambaNova,gpt-oss-120b,16,"FAIL
result mismatch (order_matters=False)
predicted: SELECT 
    MAX(Capacity) AS max_capacity,
    AVG(Capacity) AS avg_capacity
FROM stadium
gold: select max(capacity), average from stadium",0,1,,418,95,383.9271068572998,206.6516876220703,530.2483582073494,1
1018,completed,SambaNova,gpt-oss-120b,17,PASS,1,1,,417,96,184.93103981018066,51.99742317199707,714.642408763837,1
1019,completed,SambaNova,gpt-oss-120b,18,PASS,1,1,,419,166,404.15120124816895,165.62414169311523,691.7454158357947,1
1020,completed,SambaNova,gpt-oss-120b,19,PASS,1,1,,420,92,183.8817596435547,50.58097839355469,682.6666666666666,1
1021,completed,SambaNova,gpt-oss-120b,20,PASS,1,1,,420,76,183.38441848754883,50.58097839355469,564.7444068234779,1
1022,completed,SambaNova,gpt-oss-120b,21,PASS,1,1,,418,85,186.0818862915039,53.16662788391113,631.9816175085697,1
1023,completed,SambaNova,gpt-oss-120b,22,"FAIL
result mismatch (order_matters=False)
predicted: SELECT
    s.Name AS stadium_name,
    COUNT(c.concert_ID) AS concert_count
FROM stadium AS s
LEFT JOIN concert AS c
    ON s.Stadium_ID = c.Stadium_ID
GROUP BY s.Stadium_ID, s.Name
gold: SELECT T2.name ,  count(*) FROM concert AS T1 JOIN stadium AS T2 ON T1.stadium_id  =  T2.stadium_id GROUP BY T1.stadium_id",0,1,,418,173,438.5716915130615,173.7067699432373,649.3876160745469,1
1024,completed,SambaNova,gpt-oss-120b,23,"FAIL
result mismatch (order_matters=False)
predicted: SELECT
    s.Stadium_ID,
    s.Name,
    COUNT(c.concert_ID) AS concert_count
FROM stadium AS s
LEFT JOIN concert AS c
    ON s.Stadium_ID = c.Stadium_ID
GROUP BY s.Stadium_ID, s.Name
gold: SELECT T2.name ,  count(*) FROM concert AS T1 JOIN stadium AS T2 ON T1.stadium_id  =  T2.stadium_id GROUP BY T1.stadium_id",0,1,,415,222,366.96839332580566,49.47829246520996,696.0846949273458,1
1025,completed,SambaNova,gpt-oss-120b,24,PASS,1,1,,424,382,702.4939060211182,173.7067699432373,720.5167713154912,1
1026,completed,SambaNova,gpt-oss-120b,25,PASS,1,1,,423,216,342.3500061035156,50.850629806518555,737.5659005902814,1
1027,completed,SambaNova,gpt-oss-120b,26,PASS,1,1,,413,123,235.34297943115234,49.942970275878906,658.0366449595177,1
1028,completed,SambaNova,gpt-oss-120b,27,PASS,1,1,,415,143,261.71875,49.82805252075195,670.156838829166,1
1029,completed,SambaNova,gpt-oss-120b,28,PASS,1,1,,413,135,261.19184494018555,49.82805252075195,633.9780265396087,1
1030,completed,SambaNova,gpt-oss-120b,29,PASS,1,1,,417,154,261.65103912353516,49.81827735900879,722.2678811603043,1
1031,completed,SambaNova,gpt-oss-120b,30,PASS,1,1,,423,268,420.66311836242676,50.53353309631348,721.3689762412106,1
1032,completed,SambaNova,gpt-oss-120b,31,PASS,1,1,,424,191,530.6460857391357,205.8699131011963,585.0182864609715,1
1033,completed,SambaNova,gpt-oss-120b,32,PASS,1,1,,424,177,501.2533664703369,205.8699131011963,595.8356772952101,1
1034,completed,SambaNova,gpt-oss-120b,33,PASS,1,1,,422,246,589.6692276000977,205.8699131011963,638.3544491732054,1
1035,completed,SambaNova,gpt-oss-120b,34,PASS,1,1,,420,317,474.9882221221924,51.894187927246094,746.8788837953663,1
1036,completed,SambaNova,gpt-oss-120b,35,"FAIL
result mismatch (order_matters=False)
predicted: SELECT s.Name AS singer_name,
       COUNT(sic.concert_ID) AS concert_count
FROM singer s
LEFT JOIN singer_in_concert sic
       ON s.Singer_ID = sic.Singer_ID
GROUP BY s.Singer_ID, s.Name
gold: SELECT T2.name ,  count(*) FROM singer_in_concert AS T1 JOIN singer AS T2 ON T1.singer_id  =  T2.singer_id GROUP BY T2.singer_id",0,1,,416,203,344.0694808959961,51.90277099609375,691.3860927865674,1
1037,completed,SambaNova,gpt-oss-120b,36,"FAIL
result mismatch (order_matters=False)
predicted: SELECT s.Name,
       COUNT(sic.concert_ID) AS concert_count
FROM singer AS s
LEFT JOIN singer_in_concert AS sic
       ON s.Singer_ID = sic.Singer_ID
GROUP BY s.Singer_ID, s.Name
gold: SELECT T2.name ,  count(*) FROM singer_in_concert AS T1 JOIN singer AS T2 ON T1.singer_id  =  T2.singer_id GROUP BY T2.singer_id",0,1,,420,231,370.6533908843994,52.72245407104492,723.4275541263997,1
1038,completed,SambaNova,gpt-oss-120b,37,PASS,1,1,,417,194,315.75679779052734,50.96006393432617,728.8609537941255,1
1039,completed,SambaNova,gpt-oss-120b,38,"FAIL
result mismatch (order_matters=False)
predicted: SELECT DISTINCT s.Name
FROM singer AS s
JOIN singer_in_concert AS sic ON s.Singer_ID = sic.Singer_ID
JOIN concert AS c ON sic.concert_ID = c.concert_ID
WHERE c.Year = '2014'
gold: SELECT T2.name FROM singer_in_concert AS T1 JOIN singer AS T2 ON T1.singer_id  =  T2.singer_id JOIN concert AS T3 ON T1.concert_id  =  T3.concert_id WHERE T3.year  =  2014",0,1,,422,208,370.16916275024414,52.72245407104492,652.0779530563258,1
1040,completed,SambaNova,gpt-oss-120b,39,PASS,1,1,,426,94,376.1322498321533,198.533296585083,523.6517349886697,1
1041,completed,SambaNova,gpt-oss-120b,40,PASS,1,1,,430,93,376.18303298950195,198.533296585083,517.872989074199,1
1042,completed,SambaNova,gpt-oss-120b,41,PASS,1,1,,431,273,419.9090003967285,49.81207847595215,734.9426160810514,1
1043,completed,SambaNova,gpt-oss-120b,42,PASS,1,1,,430,265,611.872673034668,198.533296585083,638.7003393377405,1
1044,completed,SambaNova,gpt-oss-120b,43,PASS,1,1,,419,171,493.8373565673828,198.533296585083,575.6778285073007,1
1045,completed,SambaNova,gpt-oss-120b,44,PASS,1,1,,421,138,239.25089836120605,52.73723602294922,734.5306412542583,1
1046,completed,SambaNova,gpt-oss-120b,45,PASS,1,1,,326,56,310.2908134460449,190.63663482666016,459.65799635759345,1
1047,completed,SambaNova,gpt-oss-120b,46,PASS,1,1,,324,52,310.35399436950684,190.63663482666016,426.00338158767335,1
1048,completed,SambaNova,gpt-oss-120b,47,PASS,1,1,,321,122,398.74768257141113,190.63663482666016,581.4203585597579,1
1049,completed,SambaNova,gpt-oss-120b,48,PASS,1,1,,321,167,399.5521068572998,161.03053092956543,695.9538119532363,1
1050,completed,SambaNova,gpt-oss-120b,49,PASS,1,1,,331,85,212.10837364196777,52.73723602294922,527.0715968709749,1
1051,completed,SambaNova,gpt-oss-120b,50,PASS,1,1,,325,72,156.81004524230957,49.64900016784668,662.5541954230131,1
1052,completed,SambaNova,gpt-oss-120b,51,PASS,1,1,,327,140,235.44740676879883,49.18479919433594,746.2582093640639,1
1053,completed,SambaNova,gpt-oss-120b,52,PASS,1,1,,329,115,209.84292030334473,50.13895034790039,713.8207023394895,1
1054,completed,SambaNova,gpt-oss-120b,53,PASS,1,1,,330,181,490.2691841125488,195.3747272491455,610.3878720357804,1
1055,completed,SambaNova,gpt-oss-120b,54,PASS,1,1,,323,177,291.057825088501,50.351858139038086,731.1825387234869,1
1056,completed,SambaNova,gpt-oss-120b,55,PASS,1,1,,322,61,156.21066093444824,50.351858139038086,566.7927315970127,1
1057,completed,SambaNova,gpt-oss-120b,56,PASS,1,1,,322,59,314.1002655029297,195.3747272491455,488.52168499772074,1
1058,completed,SambaNova,gpt-oss-120b,57,PASS,1,1,,326,154,375.46658515930176,162.98770904541016,720.0715798119616,1
1059,completed,SambaNova,gpt-oss-120b,58,PASS,1,1,,331,170,490.31686782836914,195.3747272491455,572.9937392741115,1
1060,completed,SambaNova,gpt-oss-120b,59,PASS,1,1,,327,268,539.3276214599609,169.30007934570312,721.5679094437658,1
1061,completed,SambaNova,gpt-oss-120b,60,PASS,1,1,,329,240,582.5238227844238,198.85849952697754,622.9387581103512,1
1062,completed,SambaNova,gpt-oss-120b,61,PASS,1,1,,328,229,369.1878318786621,51.59282684326172,717.8954214805306,1
1063,completed,SambaNova,gpt-oss-120b,62,PASS,1,1,,335,266,612.2634410858154,198.85849952697754,641.0179786452404,1
1064,completed,SambaNova,gpt-oss-120b,63,PASS,1,1,,326,231,367.9947853088379,49.84760284423828,722.9358381182338,1
1065,completed,SambaNova,gpt-oss-120b,64,PASS,1,1,,328,197,524.0628719329834,198.85849952697754,602.6979236161718,1
1066,completed,SambaNova,gpt-oss-120b,65,"FAIL
result mismatch (order_matters=False)
predicted: SELECT s.Fname, s.Age
FROM Student s
WHERE EXISTS (
    SELECT 1
    FROM Has_Pet hp
    JOIN Pets p ON hp.PetID = p.PetID
    WHERE hp.StuID = s.StuID AND p.PetType = 'dog'
)
AND NOT EXISTS (
    SELECT 1
    FROM Has_Pet hp
    JOIN Pets p ON hp.PetID = p.PetID
    WHERE hp.StuID = s.StuID AND p.PetType = 'cat'
)
gold: SELECT T1.fname ,  T1.age FROM student AS T1 JOIN has_pet AS T2 ON T1.stuid  =  T2.stuid JOIN pets AS T3 ON T3.petid  =  T2.petid WHERE T3.pettype  =  'dog' AND T1.stuid NOT IN (SELECT T1.stuid FROM student AS T1 JOIN has_pet AS T2 ON T1.stuid  =  T2.stuid JOIN pets AS T3 ON T3.petid  =  T2.petid WHERE T3.pettype  =  'cat')",0,1,,335,330,585.0024223327637,84.1214656829834,656.8427001109552,1
1067,completed,SambaNova,gpt-oss-120b,66,"FAIL
result mismatch (order_matters=False)
predicted: SELECT DISTINCT s.Fname
FROM Student s
WHERE EXISTS (
    SELECT 1
    FROM Has_Pet hp
    JOIN Pets p ON hp.PetID = p.PetID
    WHERE hp.StuID = s.StuID
      AND p.PetType = 'dog'
)
AND NOT EXISTS (
    SELECT 1
    FROM Has_Pet hp
    JOIN Pets p ON hp.PetID = p.PetID
    WHERE hp.StuID = s.StuID
      AND p.PetType = 'cat'
)
gold: SELECT T1.fname ,  T1.age FROM student AS T1 JOIN has_pet AS T2 ON T1.stuid  =  T2.stuid JOIN pets AS T3 ON T3.petid  =  T2.petid WHERE T3.pettype  =  'dog' AND T1.stuid NOT IN (SELECT T1.stuid FROM student AS T1 JOIN has_pet AS T2 ON T1.stuid  =  T2.stuid JOIN pets AS T3 ON T3.petid  =  T2.petid WHERE T3.pettype  =  'cat')",0,1,,332,299,555.3183555603027,84.1214656829834,632.4320181264083,1
1068,completed,SambaNova,gpt-oss-120b,67,PASS,1,1,,323,114,291.5360927581787,84.1214656829834,544.8024644811255,1
1069,completed,SambaNova,gpt-oss-120b,68,PASS,1,1,,329,117,209.2602252960205,49.826622009277344,727.5756026875506,1
1070,completed,SambaNova,gpt-oss-120b,69,PASS,1,1,,329,49,203.20916175842285,84.1214656829834,403.0643095957877,1
1071,completed,SambaNova,gpt-oss-120b,70,PASS,1,1,,329,119,209.5162868499756,50.05335807800293,739.983900388137,1
1072,completed,SambaNova,gpt-oss-120b,71,PASS,1,1,,325,97,208.9977264404297,50.05335807800293,603.9849098717339,1
1073,completed,SambaNova,gpt-oss-120b,72,PASS,1,1,,325,97,344.01750564575195,195.18470764160156,645.019117340809,1
1074,completed,SambaNova,gpt-oss-120b,73,PASS,1,1,,322,67,343.33086013793945,195.18470764160156,445.50600125529076,1
1075,completed,SambaNova,gpt-oss-120b,74,PASS,1,1,,324,81,343.4159755706787,195.18470764160156,539.6971982879945,1
1076,completed,SambaNova,gpt-oss-120b,75,PASS,1,1,,326,114,327.3952007293701,167.65213012695312,707.3859264997142,1
1077,completed,SambaNova,gpt-oss-120b,76,PASS,1,1,,329,90,375.17523765563965,197.30734825134277,500.3713728097454,1
1078,completed,SambaNova,gpt-oss-120b,77,PASS,1,1,,329,100,375.2279281616211,197.30734825134277,556.4280425003317,1
1079,completed,SambaNova,gpt-oss-120b,78,PASS,1,1,,332,125,433.70985984802246,197.30734825134277,524.5291141895872,1
1080,completed,SambaNova,gpt-oss-120b,79,PASS,1,1,,329,159,434.04269218444824,197.30734825134277,667.4119604407114,1
1081,completed,SambaNova,gpt-oss-120b,80,PASS,1,1,,334,133,354.2187213897705,167.5255298614502,707.042388206087,1
1082,completed,SambaNova,gpt-oss-120b,81,PASS,1,1,,328,224,490.70286750793457,172.8804111480713,701.6496019636261,1
1083,completed,SambaNova,gpt-oss-120b,82,PASS,1,1,,332,199,463.747501373291,172.8804111480713,680.723281023947,1
1084,completed,SambaNova,gpt-oss-120b,83,PASS,1,1,,330,127,354.28929328918457,167.5255298614502,674.6490737147409,1
1085,completed,SambaNova,gpt-oss-120b,84,PASS,1,1,,332,201,343.0171012878418,52.48737335205078,688.3977120723471,1
1086,completed,SambaNova,gpt-oss-120b,85,PASS,1,1,,326,133,264.0707492828369,52.48737335205078,623.8675388333925,1
1087,completed,SambaNova,gpt-oss-120b,86,PASS,1,1,,328,149,262.61353492736816,50.21834373474121,696.8142695178761,1
1088,completed,SambaNova,gpt-oss-120b,87,PASS,1,1,,474,42,159.15465354919434,50.21834373474121,376.36670518611896,1
1089,completed,SambaNova,gpt-oss-120b,88,PASS,1,1,,475,53,131.4713954925537,50.8427619934082,644.9321753735426,1
1090,completed,SambaNova,gpt-oss-120b,89,PASS,1,1,,489,173,293.11108589172363,51.79929733276367,712.7708141700465,1
1091,completed,SambaNova,gpt-oss-120b,90,PASS,1,1,,485,213,549.8580932617188,195.7225799560547,598.6408932024193,1
1092,completed,SambaNova,gpt-oss-120b,91,PASS,1,1,,474,43,315.18077850341797,195.7225799560547,351.5874214639832,1
1093,completed,SambaNova,gpt-oss-120b,92,PASS,1,1,,473,38,286.0279083251953,195.7225799560547,409.7211168842141,1
1094,completed,SambaNova,gpt-oss-120b,93,PASS,1,1,,487,237,550.2514839172363,195.7225799560547,665.6720999702758,1
1095,completed,SambaNova,gpt-oss-120b,94,PASS,1,1,,489,201,343.48082542419434,51.64361000061035,685.3135564280661,1
1096,completed,SambaNova,gpt-oss-120b,95,"FAIL
result mismatch (order_matters=True)
predicted: SELECT cn.Model
FROM cars_data cd
JOIN car_names cn ON cd.Id = cn.MakeId
WHERE CAST(cd.Horsepower AS REAL) = (
    SELECT MIN(CAST(Horsepower AS REAL)) FROM cars_data
)
gold: SELECT T1.Model FROM CAR_NAMES AS T1 JOIN CARS_DATA AS T2 ON T1.MakeId  =  T2.Id ORDER BY T2.horsepower ASC LIMIT 1;",0,1,,478,266,422.29413986206055,51.64361000061035,714.9591829777161,1
1097,completed,SambaNova,gpt-oss-120b,96,"FAIL
result mismatch (order_matters=True)
predicted: SELECT cn.Model
FROM cars_data cd
JOIN car_names cn ON cn.MakeId = cd.Id
ORDER BY CAST(cd.Horsepower AS REAL) ASC
LIMIT 1
gold: SELECT T1.Model FROM CAR_NAMES AS T1 JOIN CARS_DATA AS T2 ON T1.MakeId  =  T2.Id ORDER BY T2.horsepower ASC LIMIT 1;",0,1,,482,344,646.204948425293,170.3643798828125,720.8296700103216,1
1098,completed,SambaNova,gpt-oss-120b,97,PASS,1,1,,482,253,540.654182434082,170.3643798828125,680.5480417330926,1
1099,completed,SambaNova,gpt-oss-120b,98,"FAIL
result mismatch (order_matters=False)
predicted: SELECT DISTINCT cn.Model
FROM cars_data cd
JOIN car_names cn ON cd.Id = cn.MakeId
WHERE cd.Weight < (SELECT AVG(Weight) FROM cars_data)
gold: SELECT T1.model FROM CAR_NAMES AS T1 JOIN CARS_DATA AS T2 ON T1.MakeId  =  T2.Id WHERE T2.Weight  <  (SELECT avg(Weight) FROM CARS_DATA)",0,1,,483,351,527.8704166412354,51.087379455566406,734.086518819886,1
1100,completed,SambaNova,gpt-oss-120b,99,"FAIL
result mismatch (order_matters=False)
predicted: SELECT DISTINCT cm.Maker
FROM car_makers cm
JOIN cars_data cd ON cd.Id = cm.Id
WHERE cd.Year = 1970
gold: SELECT DISTINCT T1.Maker FROM CAR_MAKERS AS T1 JOIN MODEL_LIST AS T2 ON T1.Id  =  T2.Maker JOIN CAR_NAMES AS T3 ON T2.model  =  T3.model JOIN CARS_DATA AS T4 ON T3.MakeId  =  T4.id WHERE T4.year  =  '1970';",0,1,,486,486,827.8729915618896,167.95635223388672,734.9413109114485,1
1101,completed,SambaNova,gpt-oss-120b,100,"FAIL
result mismatch (order_matters=False)
predicted: SELECT DISTINCT cm.Maker
FROM cars_data cd
JOIN car_names cn ON cd.Id = cn.MakeId
JOIN car_makers cm ON cn.Make = cm.Maker
WHERE cd.Year = 1970
gold: SELECT DISTINCT T1.Maker FROM CAR_MAKERS AS T1 JOIN MODEL_LIST AS T2 ON T1.Id  =  T2.Maker JOIN CAR_NAMES AS T3 ON T2.model  =  T3.model JOIN CARS_DATA AS T4 ON T3.MakeId  =  T4.id WHERE T4.year  =  '1970';",0,1,,486,389,581.2366008758545,51.49245262145996,732.4290438668028,1
1102,completed,SambaNova,gpt-oss-120b,101,PASS,1,1,,485,338,643.1519985198975,167.95635223388672,709.1815815946395,1
1103,completed,SambaNova,gpt-oss-120b,102,"FAIL
result mismatch (order_matters=False)
predicted: SELECT cm.Maker, cd.Year
FROM cars_data cd
JOIN car_names cn ON cd.Id = cn.MakeId
JOIN model_list ml ON cn.Model = ml.Model
JOIN car_makers cm ON ml.Maker = cm.Id
WHERE cd.Year = (SELECT MIN(Year) FROM cars_data)
gold: SELECT T2.Make ,  T1.Year FROM CARS_DATA AS T1 JOIN CAR_NAMES AS T2 ON T1.Id  =  T2.MakeId WHERE T1.Year  =  (SELECT min(YEAR) FROM CARS_DATA);",0,1,,486,492,712.496280670166,50.843238830566406,742.0807718723222,1
1104,completed,SambaNova,gpt-oss-120b,103,PASS,1,1,,480,248,614.2997741699219,201.47180557250977,598.3121755029956,1
1105,completed,SambaNova,gpt-oss-120b,104,PASS,1,1,,482,330,702.8646469116211,201.47180557250977,656.1721127116863,1
1106,completed,SambaNova,gpt-oss-120b,105,"FAIL
result mismatch (order_matters=False)
predicted: SELECT cont.Continent,
       COUNT(cm.Id) AS maker_count
FROM continents AS cont
LEFT JOIN countries AS co ON co.Continent = cont.ContId
LEFT JOIN car_makers AS cm ON cm.Country = co.CountryId
GROUP BY cont.Continent
gold: SELECT T1.Continent ,  count(*) FROM CONTINENTS AS T1 JOIN COUNTRIES AS T2 ON T1.ContId  =  T2.continent JOIN car_makers AS T3 ON T2.CountryId  =  T3.Country GROUP BY T1.Continent;",0,1,,486,332,702.908992767334,201.47180557250977,660.1026179404521,1
1107,completed,SambaNova,gpt-oss-120b,106,"FAIL
result mismatch (order_matters=False)
predicted: SELECT 
    cont.Continent,
    COUNT(cm.Id) AS maker_count
FROM continents AS cont
LEFT JOIN countries AS cnt ON cnt.Continent = cont.ContId
LEFT JOIN car_makers AS cm ON cm.Country = cnt.CountryId
GROUP BY cont.Continent
gold: SELECT T1.Continent ,  count(*) FROM CONTINENTS AS T1 JOIN COUNTRIES AS T2 ON T1.ContId  =  T2.continent JOIN car_makers AS T3 ON T2.CountryId  =  T3.Country GROUP BY T1.Continent;",0,1,,486,237,372.3926544189453,54.15964126586914,741.5949642109554,1
1108,completed,SambaNova,gpt-oss-120b,107,PASS,1,1,,483,176,319.17381286621094,54.15964126586914,660.3420448922676,1
1109,completed,SambaNova,gpt-oss-120b,108,PASS,1,1,,481,184,527.1286964416504,201.86758041381836,562.6248911485043,1
1110,completed,SambaNova,gpt-oss-120b,109,PASS,1,1,,488,182,527.1971225738525,201.86758041381836,556.3589423765382,1
1111,completed,SambaNova,gpt-oss-120b,110,PASS,1,1,,493,225,585.6935977935791,201.86758041381836,583.5977496501298,1
1112,completed,SambaNova,gpt-oss-120b,111,"FAIL
result mismatch (order_matters=False)
predicted: SELECT cd.Accelerate
FROM cars_data AS cd
JOIN car_names AS cn ON cd.Id = cn.MakeId
WHERE cn.Make = 'amc' AND cn.Model = 'hornet sportabout (sw)'
gold: SELECT T1.Accelerate FROM CARS_DATA AS T1 JOIN CAR_NAMES AS T2 ON T1.Id  =  T2.MakeId WHERE T2.Make  =  'amc hornet sportabout (sw)';",0,1,,485,407,820.9750652313232,201.86758041381836,655.7827355611395,1
1113,completed,SambaNova,gpt-oss-120b,112,"FAIL
result mismatch (order_matters=False)
predicted: SELECT cd.Accelerate
FROM cars_data AS cd
JOIN car_names AS cn ON cd.Id = cn.MakeId
WHERE cn.Make = 'amc' AND cn.Model = 'hornet sportabout (sw)'
gold: SELECT T1.Accelerate FROM CARS_DATA AS T1 JOIN CAR_NAMES AS T2 ON T1.Id  =  T2.MakeId WHERE T2.Make  =  'amc hornet sportabout (sw)';",0,1,,485,339,506.1230659484863,54.09717559814453,747.7447801453004,1
1114,completed,SambaNova,gpt-oss-120b,113,"FAIL
result mismatch (order_matters=False)
predicted: SELECT COUNT(*) AS maker_count
FROM car_makers cm
JOIN countries c ON cm.Country = c.CountryId
WHERE c.CountryName = 'France'
gold: SELECT count(*) FROM CAR_MAKERS AS T1 JOIN COUNTRIES AS T2 ON T1.Country  =  T2.CountryId WHERE T2.CountryName  =  'france';",0,1,,477,134,382.1718692779541,170.57561874389648,628.5555611893648,1
1115,completed,SambaNova,gpt-oss-120b,114,"FAIL
result mismatch (order_matters=False)
predicted: SELECT COUNT(*) AS maker_count
FROM car_makers cm
JOIN countries c ON cm.Country = c.CountryId
WHERE c.CountryName = 'France'
gold: SELECT count(*) FROM CAR_MAKERS AS T1 JOIN COUNTRIES AS T2 ON T1.Country  =  T2.CountryId WHERE T2.CountryName  =  'france';",0,1,,479,296,567.824125289917,170.57561874389648,742.6082040306545,1
1116,completed,SambaNova,gpt-oss-120b,115,"FAIL
result mismatch (order_matters=False)
predicted: SELECT COUNT(DISTINCT ml.Model) AS model_count
FROM model_list AS ml
JOIN car_makers AS cm ON ml.Maker = cm.Id
JOIN countries AS c ON cm.Country = c.CountryId
WHERE c.CountryName = 'USA'
gold: SELECT count(*) FROM MODEL_LIST AS T1 JOIN CAR_MAKERS AS T2 ON T1.Maker  =  T2.Id JOIN COUNTRIES AS T3 ON T2.Country  =  T3.CountryId WHERE T3.CountryName  =  'usa';",0,1,,478,287,479.41088676452637,54.09717559814453,672.4448154179478,1
1117,completed,SambaNova,gpt-oss-120b,116,"FAIL
result mismatch (order_matters=False)
predicted: SELECT COUNT(*) AS model_count
FROM model_list ml
JOIN car_makers cm ON ml.Maker = cm.Id
JOIN countries c ON cm.Country = c.CountryId
WHERE c.CountryName = 'United States'
gold: SELECT count(*) FROM MODEL_LIST AS T1 JOIN CAR_MAKERS AS T2 ON T1.Maker  =  T2.Id JOIN COUNTRIES AS T3 ON T2.Country  =  T3.CountryId WHERE T3.CountryName  =  'usa';",0,1,,482,280,605.0925254821777,191.96391105651855,675.3344848501288,1
1118,completed,SambaNova,gpt-oss-120b,117,PASS,1,1,,486,120,399.4293212890625,191.96391105651855,573.5895919547032,1
1119,completed,SambaNova,gpt-oss-120b,118,PASS,1,1,,484,117,354.69841957092285,168.86568069458008,624.2172434276448,1
1120,completed,SambaNova,gpt-oss-120b,119,PASS,1,1,,486,133,355.23128509521484,168.86568069458008,708.285203294468,1
1121,completed,SambaNova,gpt-oss-120b,120,PASS,1,1,,486,125,359.2972755432129,173.59018325805664,667.7181709872232,1
1122,completed,SambaNova,gpt-oss-120b,121,"FAIL
result mismatch (order_matters=False)
predicted: SELECT cm.Maker, ml.Model
FROM car_makers AS cm
JOIN model_list AS ml ON ml.Maker = cm.Id
gold: SELECT Maker ,  Model FROM MODEL_LIST;",0,1,,476,151,458.2250118255615,191.96391105651855,563.3567936388546,1
1123,completed,SambaNova,gpt-oss-120b,122,"FAIL
result mismatch (order_matters=False)
predicted: SELECT cm.Maker, ml.Model
FROM car_makers AS cm
JOIN model_list AS ml ON cm.Id = ml.Maker
gold: SELECT Maker ,  Model FROM MODEL_LIST;",0,1,,475,201,516.1924362182617,191.96391105651855,616.8488719498968,1
1124,completed,SambaNova,gpt-oss-120b,123,PASS,1,1,,484,213,344.07997131347656,52.374839782714844,726.7612979158152,1
1125,completed,SambaNova,gpt-oss-120b,124,PASS,1,1,,484,155,262.9067897796631,50.643205642700195,725.5130484399606,1
1126,completed,SambaNova,gpt-oss-120b,125,"FAIL
result mismatch (order_matters=False)
predicted: SELECT COUNT(*) AS NumCars
FROM cars_data
WHERE CAST(Horsepower AS INTEGER) > 150
gold: SELECT count(*) FROM CARS_DATA WHERE horsepower  >  150;",0,1,,482,96,210.07394790649414,50.643205642700195,595.870022625957,1
1127,completed,SambaNova,gpt-oss-120b,126,"FAIL
result mismatch (order_matters=False)
predicted: SELECT COUNT(*) AS NumCars
FROM cars_data
WHERE CAST(Horsepower AS REAL) > 150
gold: SELECT count(*) FROM CARS_DATA WHERE horsepower  >  150;",0,1,,482,96,211.43269538879395,52.374839782714844,597.2669481680674,1
1128,completed,SambaNova,gpt-oss-120b,127,PASS,1,1,,478,84,326.9624710083008,167.62113571166992,520.8943419828048,1
1129,completed,SambaNova,gpt-oss-120b,128,"FAIL
result mismatch (order_matters=False)
predicted: SELECT
    Year,
    AVG(Weight) AS avg_weight,
    AVG(Year)   AS avg_year
FROM cars_data
GROUP BY Year
gold: SELECT avg(Weight) ,  YEAR FROM CARS_DATA GROUP BY YEAR;",0,1,,479,229,368.818998336792,50.890207290649414,717.1417198479179,1
1130,completed,SambaNova,gpt-oss-120b,129,"FAIL
result mismatch (order_matters=False)
predicted: SELECT c.CountryName
FROM countries c
JOIN continents ct ON c.Continent = ct.ContId
JOIN car_makers cm ON cm.Country = c.CountryId
WHERE ct.Continent = 'Europe'
GROUP BY c.CountryId, c.CountryName
HAVING COUNT(DISTINCT cm.Id) >= 3
gold: SELECT T1.CountryName FROM COUNTRIES AS T1 JOIN CONTINENTS AS T2 ON T1.Continent  =  T2.ContId JOIN CAR_MAKERS AS T3 ON T1.CountryId  =  T3.Country WHERE T2.Continent  =  'europe' GROUP BY T1.CountryName HAVING count(*)  >=  3;",0,1,,480,284,564.6140575408936,167.62113571166992,712.8590572749291,1
1131,completed,SambaNova,gpt-oss-120b,130,"FAIL
result mismatch (order_matters=False)
predicted: SELECT c.CountryName
FROM countries c
JOIN continents ct ON c.Continent = ct.ContId
JOIN car_makers m ON m.Country = c.CountryId
WHERE ct.Continent = 'Europe'
GROUP BY c.CountryId, c.CountryName
HAVING COUNT(m.Id) >= 3
gold: SELECT T1.CountryName FROM COUNTRIES AS T1 JOIN CONTINENTS AS T2 ON T1.Continent  =  T2.ContId JOIN CAR_MAKERS AS T3 ON T1.CountryId  =  T3.Country WHERE T2.Continent  =  'europe' GROUP BY T1.CountryName HAVING count(*)  >=  3;",0,1,,483,324,733.0231666564941,202.24714279174805,608.5429361487281,1
1132,completed,SambaNova,gpt-oss-120b,131,"FAIL
result mismatch (order_matters=True)
predicted: WITH max_hp AS (
    SELECT MAX(CAST(Horsepower AS INTEGER)) AS hp
    FROM cars_data
    WHERE Cylinders = 3
)
SELECT n.Make,
       CAST(c.Horsepower AS INTEGER) AS Horsepower
FROM cars_data c
JOIN car_names n ON c.Id = n.MakeId
JOIN max_hp m ON CAST(c.Horsepower AS INTEGER) = m.hp
WHERE c.Cylinders = 3
gold: SELECT T2.horsepower ,  T1.Make FROM CAR_NAMES AS T1 JOIN CARS_DATA AS T2 ON T1.MakeId  =  T2.Id WHERE T2.cylinders  =  3 ORDER BY T2.horsepower DESC LIMIT 1;",0,1,,485,492,939.3351078033447,202.24714279174805,666.1348757638107,1
1133,completed,SambaNova,gpt-oss-120b,132,"FAIL
result mismatch (order_matters=True)
predicted: SELECT cn.Make,
       CAST(c.Horsepower AS INTEGER) AS Horsepower
FROM cars_data AS c
JOIN car_names AS cn ON c.Id = cn.MakeId
WHERE c.Cylinders = 3
ORDER BY CAST(c.Horsepower AS INTEGER) DESC
LIMIT 1
gold: SELECT T2.horsepower ,  T1.Make FROM CAR_NAMES AS T1 JOIN CARS_DATA AS T2 ON T1.MakeId  =  T2.Id WHERE T2.cylinders  =  3 ORDER BY T2.horsepower DESC LIMIT 1;",0,1,,488,530,880.173921585083,167.28782653808594,742.0540303358359,1
1134,completed,SambaNova,gpt-oss-120b,133,"FAIL
result mismatch (order_matters=True)
predicted: SELECT cn.Model
FROM cars_data cd
JOIN car_names cn ON cd.Id = cn.MakeId
ORDER BY CAST(cd.MPG AS REAL) DESC
LIMIT 1
gold: SELECT T1.Model FROM CAR_NAMES AS T1 JOIN CARS_DATA AS T2 ON T1.MakeId  =  T2.Id ORDER BY T2.mpg DESC LIMIT 1;",0,1,,487,275,645.2796459197998,202.24714279174805,618.4647809481474,1
1135,completed,SambaNova,gpt-oss-120b,134,"FAIL
result mismatch (order_matters=True)
predicted: SELECT cn.Model
FROM cars_data cd
JOIN car_names cn ON cd.Id = cn.MakeId
ORDER BY CAST(cd.MPG AS REAL) DESC
LIMIT 1
gold: select t1.model from car_names as t1 join cars_data as t2 on t1.makeid  =  t2.id order by t2.mpg desc limit 1;",0,1,,478,237,587.0952606201172,202.24714279174805,613.2289312773747,1
1136,completed,SambaNova,gpt-oss-120b,135,PASS,1,1,,481,164,289.3977165222168,50.774335861206055,683.0847821721142,1
1137,completed,SambaNova,gpt-oss-120b,136,PASS,1,1,,482,153,288.9218330383301,50.774335861206055,638.259909517121,1
1138,completed,SambaNova,gpt-oss-120b,137,PASS,1,1,,483,253,420.2549457550049,50.23956298828125,681.05276628154,1
1139,completed,SambaNova,gpt-oss-120b,138,"FAIL
result mismatch (order_matters=False)
predicted: SELECT AVG(cars_data.Edispl) AS avg_edispl
FROM cars_data
JOIN car_names ON cars_data.Id = car_names.MakeId
JOIN model_list ON car_names.Model = model_list.Model
JOIN car_makers ON model_list.Maker = car_makers.Id
WHERE car_makers.Maker = 'Volvo'
gold: SELECT avg(T2.edispl) FROM CAR_NAMES AS T1 JOIN CARS_DATA AS T2 ON T1.MakeId  =  T2.Id WHERE T1.Model  =  'volvo';",0,1,,480,497,711.0714912414551,50.23956298828125,750.5690612000448,1
1140,completed,SambaNova,gpt-oss-120b,139,PASS,1,1,,479,95,184.92937088012695,50.7655143737793,700.6357930353068,1
1141,completed,SambaNova,gpt-oss-120b,140,PASS,1,1,,479,87,184.9961280822754,50.7655143737793,640.6884213966508,1
1142,completed,SambaNova,gpt-oss-120b,141,"FAIL
result mismatch (order_matters=True)
predicted: SELECT Model, COUNT(DISTINCT Make) AS version_count
FROM car_names
GROUP BY Model
ORDER BY version_count DESC
LIMIT 1
gold: SELECT Model FROM CAR_NAMES GROUP BY Model ORDER BY count(*) DESC LIMIT 1;",0,1,,479,370,555.2654266357422,53.03478240966797,734.722192367653,1
1143,completed,SambaNova,gpt-oss-120b,142,"FAIL
result mismatch (order_matters=True)
predicted: SELECT
    ml.Model,
    COUNT(*) AS version_count
FROM
    car_names cn
JOIN
    model_list ml ON cn.Model = ml.Model
GROUP BY
    ml.Model
ORDER BY
    version_count DESC
LIMIT 1
gold: SELECT Model FROM CAR_NAMES GROUP BY Model ORDER BY count(*) DESC LIMIT 1;",0,1,,476,384,674.1924285888672,85.14714241027832,650.2046769352818,1
1144,completed,SambaNova,gpt-oss-120b,143,PASS,1,1,,478,83,263.3671760559082,85.14714241027832,460.10540073765,1
1145,completed,SambaNova,gpt-oss-120b,144,PASS,1,1,,481,84,212.4631404876709,53.03478240966797,520.6100156873653,1
1146,completed,SambaNova,gpt-oss-120b,145,PASS,1,1,,478,75,233.7193489074707,85.14714241027832,498.07431514048625,1
1147,completed,SambaNova,gpt-oss-120b,146,PASS,1,1,,479,133,236.25779151916504,50.6739616394043,711.26886477945,1
1148,completed,SambaNova,gpt-oss-120b,147,PASS,1,1,,484,156,350.94475746154785,85.14714241027832,583.1504544166138,1
1149,completed,SambaNova,gpt-oss-120b,148,"FAIL
result mismatch (order_matters=False)
predicted: SELECT COUNT(*) AS model_count
FROM model_list ml
JOIN car_makers cm ON ml.Maker = cm.Id
WHERE cm.Maker = 'American Motor Company'
gold: SELECT count(*) FROM CAR_MAKERS AS T1 JOIN MODEL_LIST AS T2 ON T1.Id  =  T2.Maker WHERE T1.FullName  =  'American Motor Company';",0,1,,484,280,639.0054225921631,197.01027870178223,631.2286545600482,1
1150,completed,SambaNova,gpt-oss-120b,149,PASS,1,1,,485,224,487.45203018188477,169.38233375549316,701.104199819951,1
1151,completed,SambaNova,gpt-oss-120b,150,"FAIL
result mismatch (order_matters=False)
predicted: SELECT cm.Id, cm.Maker
FROM car_makers AS cm
JOIN model_list AS ml ON ml.Maker = cm.Id
GROUP BY cm.Id, cm.Maker
HAVING COUNT(*) > 3
gold: SELECT T1.FullName ,  T1.Id FROM CAR_MAKERS AS T1 JOIN MODEL_LIST AS T2 ON T1.Id  =  T2.Maker GROUP BY T1.Id HAVING count(*)  >  3;",0,1,,484,204,551.6009330749512,197.01027870178223,572.4911175644355,1
1152,completed,SambaNova,gpt-oss-120b,151,PASS,1,1,,489,506,962.7749919891357,197.01027870178223,659.4714946214798,1
1153,completed,SambaNova,gpt-oss-120b,152,PASS,1,1,,489,412,608.6330413818359,52.77395248413086,739.396023576825,1
1154,completed,SambaNova,gpt-oss-120b,153,PASS,1,1,,489,84,209.51271057128906,50.63581466674805,522.4170545846351,1
1155,completed,SambaNova,gpt-oss-120b,154,PASS,1,1,,497,223,368.42942237854004,50.63581466674805,698.5665998711104,1
1156,completed,SambaNova,gpt-oss-120b,155,PASS,1,1,,480,119,240.1573657989502,54.171085357666016,634.4554002586905,1
1157,completed,SambaNova,gpt-oss-120b,156,PASS,1,1,,480,158,266.9949531555176,54.171085357666016,737.699214023893,1
1158,completed,SambaNova,gpt-oss-120b,157,PASS,1,1,,485,407,633.7556838989258,52.31428146362305,698.2646889256838,1
1159,completed,SambaNova,gpt-oss-120b,158,PASS,1,1,,485,516,739.9036884307861,52.31428146362305,748.9935051087758,1
1160,completed,SambaNova,gpt-oss-120b,159,"FAIL
result mismatch (order_matters=True)
predicted: SELECT COUNT(*)
FROM cars_data
WHERE Accelerate > (
    SELECT Accelerate
    FROM cars_data
    WHERE CAST(Horsepower AS REAL) = (
        SELECT MAX(CAST(Horsepower AS REAL)) FROM cars_data
    )
    LIMIT 1
)
gold: SELECT COUNT(*) FROM CARS_DATA WHERE Accelerate  >  ( SELECT Accelerate FROM CARS_DATA ORDER BY Horsepower DESC LIMIT 1 );",0,1,,483,437,758.8582038879395,176.95045471191406,749.2596560492121,1
1161,completed,SambaNova,gpt-oss-120b,160,"FAIL
result mismatch (order_matters=True)
predicted: SELECT COUNT(*)
FROM cars_data
WHERE Accelerate > (
    SELECT Accelerate
    FROM cars_data
    ORDER BY CAST(Horsepower AS REAL) DESC
    LIMIT 1
)
gold: SELECT COUNT(*) FROM CARS_DATA WHERE Accelerate  >  ( SELECT Accelerate FROM CARS_DATA ORDER BY Horsepower DESC LIMIT 1 );",0,1,,486,418,809.2293739318848,191.07723236083984,674.5912081452745,1
1162,completed,SambaNova,gpt-oss-120b,161,"FAIL
result mismatch (order_matters=False)
predicted: SELECT COUNT(*) AS NumCountries
FROM (
    SELECT Country
    FROM car_makers
    GROUP BY Country
    HAVING COUNT(*) > 2
) AS sub
gold: select count(*) from countries as t1 join car_makers as t2 on t1.countryid  =  t2.country group by t1.countryid having count(*)  >  2",0,1,,479,155,456.86793327331543,191.07723236083984,579.4032653185708,1
1163,completed,SambaNova,gpt-oss-120b,162,"FAIL
result mismatch (order_matters=False)
predicted: SELECT COUNT(*) AS NumCountries
FROM (
    SELECT Country
    FROM car_makers
    GROUP BY Country
    HAVING COUNT(*) > 2
) AS sub
gold: select count(*) from countries as t1 join car_makers as t2 on t1.countryid  =  t2.country group by t1.countryid having count(*)  >  2",0,1,,482,163,485.706090927124,191.07723236083984,549.8443050973366,1
1164,completed,SambaNova,gpt-oss-120b,163,PASS,1,1,,477,81,187.46662139892578,54.75902557373047,602.8290958218952,1
1165,completed,SambaNova,gpt-oss-120b,164,PASS,1,1,,481,77,226.22179985046387,78.16433906555176,513.314220013591,1
1166,completed,SambaNova,gpt-oss-120b,165,"FAIL
result mismatch (order_matters=True)
predicted: SELECT cn.Model
FROM cars_data cd
JOIN car_names cn ON cd.Id = cn.MakeId
WHERE cd.Cylinders = 4
ORDER BY CAST(cd.Horsepower AS REAL) DESC
LIMIT 1
gold: SELECT T1.Model FROM CAR_NAMES AS T1 JOIN CARS_DATA AS T2 ON T1.MakeId  =  T2.Id WHERE T2.Cylinders  =  4 ORDER BY T2.horsepower DESC LIMIT 1;",0,1,,483,298,548.5866069793701,78.16433906555176,631.34766412548,1
1167,completed,SambaNova,gpt-oss-120b,166,"FAIL
result mismatch (order_matters=True)
predicted: SELECT cn.Model
FROM cars_data cd
JOIN car_names cn ON cd.Id = cn.MakeId
WHERE cd.Cylinders = 4
ORDER BY CAST(cd.Horsepower AS INTEGER) DESC
LIMIT 1
gold: SELECT T1.Model FROM CAR_NAMES AS T1 JOIN CARS_DATA AS T2 ON T1.MakeId  =  T2.Id WHERE T2.Cylinders  =  4 ORDER BY T2.horsepower DESC LIMIT 1;",0,1,,484,406,696.2897777557373,78.16433906555176,655.2068150733278,1
1168,completed,SambaNova,gpt-oss-120b,167,"FAIL
result mismatch (order_matters=False)
predicted: SELECT cd.Id AS MakeId, cn.Make
FROM cars_data cd
JOIN car_names cn ON cd.Id = cn.MakeId
WHERE CAST(cd.Horsepower AS INTEGER) > (
        SELECT MIN(CAST(Horsepower AS INTEGER)) FROM cars_data
      )
  AND cd.Cylinders <= 3
gold: SELECT T2.MakeId ,  T2.Make FROM CARS_DATA AS T1 JOIN CAR_NAMES AS T2 ON T1.Id  =  T2.MakeId WHERE T1.Horsepower  >  (SELECT min(Horsepower) FROM CARS_DATA) AND T1.Cylinders  <=  3;",0,1,,497,511,855.5092811584473,167.9229736328125,741.7250669742083,1
1169,completed,SambaNova,gpt-oss-120b,168,"FAIL
result mismatch (order_matters=False)
predicted: SELECT cn.MakeId, cn.Make
FROM cars_data cd
JOIN car_names cn ON cd.Id = cn.MakeId
WHERE CAST(cd.Horsepower AS INTEGER) <> (
        SELECT MIN(CAST(Horsepower AS INTEGER)) FROM cars_data
      )
  AND cd.Cylinders < 4
gold: select t2.makeid ,  t2.make from cars_data as t1 join car_names as t2 on t1.id  =  t2.makeid where t1.horsepower  >  (select min(horsepower) from cars_data) and t1.cylinders  <  4;",0,1,,496,494,830.094575881958,167.84167289733887,744.4285978636925,1
1170,completed,SambaNova,gpt-oss-120b,169,"FAIL
result mismatch (order_matters=False)
predicted: SELECT MAX(CAST(MPG AS REAL)) AS max_mpg
FROM cars_data
WHERE Cylinders = 8 OR Year < 1980
gold: select max(mpg) from cars_data where cylinders  =  8 or year  <  1980",0,1,,489,140,429.7761917114258,193.6178207397461,588.5880709122481,1
1171,completed,SambaNova,gpt-oss-120b,170,"FAIL
result mismatch (order_matters=False)
predicted: SELECT MAX(CAST(MPG AS REAL)) AS max_mpg
FROM cars_data
WHERE Cylinders = 8 OR Year < 1980
gold: select max(mpg) from cars_data where cylinders  =  8 or year  <  1980",0,1,,490,149,458.8489532470703,193.6178207397461,558.0038760944213,1
1172,completed,SambaNova,gpt-oss-120b,171,PASS,1,1,,487,382,782.275915145874,193.6178207397461,647.2347932026224,1
1173,completed,SambaNova,gpt-oss-120b,172,PASS,1,1,,491,491,959.3842029571533,194.49138641357422,640.6126314719844,1
1174,completed,SambaNova,gpt-oss-120b,173,PASS,1,1,,484,172,489.7801876068115,194.49138641357422,579.0940913065559,1
1175,completed,SambaNova,gpt-oss-120b,174,PASS,1,1,,480,175,289.3860340118408,50.894737243652344,729.5863721564923,1
1176,completed,SambaNova,gpt-oss-120b,175,"FAIL
result mismatch (order_matters=False)
predicted: WITH qualified AS (
    SELECT cm.Id, cm.Maker, COUNT(DISTINCT ml.ModelId) AS model_cnt
    FROM car_makers cm
    JOIN model_list ml ON cm.Id = ml.Maker
    GROUP BY cm.Id, cm.Maker
    HAVING COUNT(DISTINCT ml.ModelId) >= 2
)
SELECT Id, Maker
FROM qualified
WHERE (SELECT COUNT(*) FROM qualified) > 3
gold: select t1.id ,  t1.maker from car_makers as t1 join model_list as t2 on t1.id  =  t2.maker group by t1.id having count(*)  >=  2 intersect select t1.id ,  t1.maker from car_makers as t1 join model_list as t2 on t1.id  =  t2.maker join car_names as t3 on t2.model  =  t3.model group by t1.id having count(*)  >  3;",0,1,,495,603,1106.4715385437012,194.49138641357422,660.1020851099652,1
1177,completed,SambaNova,gpt-oss-120b,176,"FAIL
result mismatch (order_matters=False)
predicted: SELECT cm.Id, cm.Maker
FROM car_makers cm
JOIN model_list ml ON ml.Maker = cm.Id
JOIN car_names cn ON cn.Model = ml.Model
JOIN cars_data cd ON cd.Id = cn.MakeId
GROUP BY cm.Id, cm.Maker
HAVING COUNT(DISTINCT ml.Model) >= 2
   AND COUNT(cd.Id) > 3
gold: SELECT T1.Id ,  T1.Maker FROM CAR_MAKERS AS T1 JOIN MODEL_LIST AS T2 ON T1.Id  =  T2.Maker GROUP BY T1.Id HAVING count(*)  >=  2 INTERSECT SELECT T1.Id ,  T1.Maker FROM CAR_MAKERS AS T1 JOIN MODEL_LIST AS T2 ON T1.Id  =  T2.Maker JOIN CAR_NAMES AS T3 ON T2.model  =  T3.model GROUP BY T1.Id HAVING count(*)  >  3;",0,1,,493,604,869.5154190063477,50.383567810058594,736.1452238969313,1
1178,completed,SambaNova,gpt-oss-120b,177,PASS,1,1,,494,493,737.8334999084473,50.383567810058594,715.6884843936306,1
1179,completed,SambaNova,gpt-oss-120b,178,PASS,1,1,,491,444,761.7027759552002,84.35702323913574,654.0234410913927,1
1180,completed,SambaNova,gpt-oss-120b,179,PASS,1,1,,329,67,232.39946365356445,84.35702323913574,445.81810334415036,1
1181,completed,SambaNova,gpt-oss-120b,180,"FAIL
result mismatch (order_matters=False)
predicted: SELECT Country
FROM airlines
WHERE Airline = 'Jetblue Airways'
gold: SELECT Country FROM AIRLINES WHERE Airline  =  ""JetBlue Airways""",0,1,,326,99,261.51561737060547,84.35702323913574,553.1766634322804,1
1182,completed,SambaNova,gpt-oss-120b,181,PASS,1,1,,328,70,232.47718811035156,84.35702323913574,465.8379907961388,1
1183,completed,SambaNova,gpt-oss-120b,182,"FAIL
result mismatch (order_matters=False)
predicted: SELECT Abbreviation
FROM airlines
WHERE Airline = 'Jetblue Airways'
gold: SELECT Abbreviation FROM AIRLINES WHERE Airline  =  ""JetBlue Airways""",0,1,,325,103,333.4391117095947,174.06535148620605,640.00497859265,1
1184,completed,SambaNova,gpt-oss-120b,183,PASS,1,1,,329,63,306.9479465484619,174.06535148620605,466.5772817798511,1
1185,completed,SambaNova,gpt-oss-120b,184,PASS,1,1,,331,91,300.0049591064453,166.5780544281006,674.5266272718013,1
1186,completed,SambaNova,gpt-oss-120b,185,PASS,1,1,,329,72,299.56579208374023,166.5780544281006,533.8838095272243,1
1187,completed,SambaNova,gpt-oss-120b,186,PASS,1,1,,332,94,183.8970184326172,50.7504940032959,698.4786151843383,1
1188,completed,SambaNova,gpt-oss-120b,187,PASS,1,1,,324,40,130.45239448547363,50.7504940032959,489.323338139482,1
1189,completed,SambaNova,gpt-oss-120b,188,PASS,1,1,,325,51,312.3748302459717,193.40085983276367,420.2599932266294,1
1190,completed,SambaNova,gpt-oss-120b,189,PASS,1,1,,324,42,130.65099716186523,50.721168518066406,512.9499299030574,1
1191,completed,SambaNova,gpt-oss-120b,190,PASS,1,1,,324,42,241.09816551208496,160.2914333343506,507.38346787518293,1
1192,completed,SambaNova,gpt-oss-120b,191,PASS,1,1,,324,49,241.0569190979004,160.2914333343506,594.3132706528316,1
1193,completed,SambaNova,gpt-oss-120b,192,PASS,1,1,,323,48,312.41607666015625,193.40085983276367,394.90748538620875,1
1194,completed,SambaNova,gpt-oss-120b,193,PASS,1,1,,325,79,341.52984619140625,193.40085983276367,526.5681074138337,1
1195,completed,SambaNova,gpt-oss-120b,194,"FAIL
result mismatch (order_matters=False)
predicted: SELECT *
FROM airlines
WHERE Abbreviation = 'UAL'
gold: SELECT Airline FROM AIRLINES WHERE Abbreviation  =  ""UAL""",0,1,,325,100,341.8741226196289,193.40085983276367,666.7867206644164,1
1196,completed,SambaNova,gpt-oss-120b,195,PASS,1,1,,324,73,227.09250450134277,78.48715782165527,484.50477461751717,1
1197,completed,SambaNova,gpt-oss-120b,196,PASS,1,1,,326,73,227.13065147399902,78.48715782165527,484.3804342247087,1
1198,completed,SambaNova,gpt-oss-120b,197,PASS,1,1,,328,117,210.44254302978516,50.59814453125,725.7057556575124,1
1199,completed,SambaNova,gpt-oss-120b,198,PASS,1,1,,328,119,256.85644149780273,78.48715782165527,661.5488808837977,1
1200,completed,SambaNova,gpt-oss-120b,199,PASS,1,1,,329,70,318.87245178222656,199.06091690063477,575.9044825541365,1
1201,completed,SambaNova,gpt-oss-120b,200,PASS,1,1,,329,72,184.03887748718262,50.59814453125,532.071417978849,1
1202,completed,SambaNova,gpt-oss-120b,201,PASS,1,1,,328,76,318.93277168273926,199.06091690063477,625.6681364973477,1
1203,completed,SambaNova,gpt-oss-120b,202,PASS,1,1,,326,55,318.037748336792,199.06091690063477,453.8698782626121,1
1204,completed,SambaNova,gpt-oss-120b,203,PASS,1,1,,327,65,310.5578422546387,190.74153900146484,534.1510150314598,1
1205,completed,SambaNova,gpt-oss-120b,204,PASS,1,1,,328,65,310.59908866882324,190.74153900146484,533.9671983752355,1
1206,completed,SambaNova,gpt-oss-120b,205,PASS,1,1,,325,62,310.6567859649658,190.74153900146484,508.69261036143956,1
1207,completed,SambaNova,gpt-oss-120b,206,PASS,1,1,,326,65,310.62841415405273,190.74153900146484,533.8365848517029,1
1208,completed,SambaNova,gpt-oss-120b,207,PASS,1,1,,325,131,373.183012008667,162.35756874084473,616.6238665740851,1
1209,completed,SambaNova,gpt-oss-120b,208,PASS,1,1,,326,144,373.66580963134766,162.35756874084473,676.7365030221451,1
1210,completed,SambaNova,gpt-oss-120b,209,PASS,1,1,,325,140,385.66088676452637,173.73895645141602,655.9019153639754,1
1211,completed,SambaNova,gpt-oss-120b,210,PASS,1,1,,326,216,465.23499488830566,173.73895645141602,737.5743463029895,1
1212,completed,SambaNova,gpt-oss-120b,211,PASS,1,1,,335,227,493.76368522644043,175.86350440979004,710.9149778381095,1
1213,completed,SambaNova,gpt-oss-120b,212,PASS,1,1,,326,195,496.5541362762451,200.1020908355713,654.4060092809291,1
1214,completed,SambaNova,gpt-oss-120b,213,PASS,1,1,,329,148,466.0611152648926,200.1020908355713,552.7167213649684,1
1215,completed,SambaNova,gpt-oss-120b,214,"FAIL
result mismatch (order_matters=False)
predicted: SELECT COUNT(*) 
FROM flights AS f
JOIN airlines AS a ON f.Airline = a.uid
WHERE a.Airline = 'Jetblue Airways'
gold: SELECT count(*) FROM FLIGHTS AS T1 JOIN AIRLINES AS T2 ON T1.Airline  =  T2.uid WHERE T2.Airline = ""JetBlue Airways""",0,1,,326,183,496.6161251068115,200.1020908355713,613.7989402333417,1
1216,completed,SambaNova,gpt-oss-120b,215,PASS,1,1,,331,152,414.3998622894287,175.86350440979004,633.027188568847,1
1217,completed,SambaNova,gpt-oss-120b,216,PASS,1,1,,330,213,345.5028533935547,52.791595458984375,724.2632261427688,1
1218,completed,SambaNova,gpt-oss-120b,217,PASS,1,1,,332,151,292.1593189239502,52.791595458984375,626.6509027561278,1
1219,completed,SambaNova,gpt-oss-120b,218,PASS,1,1,,330,211,431.5824508666992,77.57306098937988,593.2046041851453,1
1220,completed,SambaNova,gpt-oss-120b,219,PASS,1,1,,330,226,432.7220916748047,77.57306098937988,633.536855121801,1
1221,completed,SambaNova,gpt-oss-120b,220,PASS,1,1,,329,237,432.7559471130371,77.57306098937988,664.4464280799734,1
1222,completed,SambaNova,gpt-oss-120b,221,PASS,1,1,,326,182,402.6141166687012,77.57306098937988,556.8527324085817,1
1223,completed,SambaNova,gpt-oss-120b,222,PASS,1,1,,326,188,323.03380966186523,58.17365646362305,706.0329677451876,1
1224,completed,SambaNova,gpt-oss-120b,223,PASS,1,1,,326,155,466.4182662963867,200.63543319702148,579.4204170531426,1
1225,completed,SambaNova,gpt-oss-120b,224,PASS,1,1,,326,146,466.4919376373291,200.63543319702148,545.4070055771633,1
1226,completed,SambaNova,gpt-oss-120b,225,"FAIL
result mismatch (order_matters=True)
predicted: SELECT AirportCode
FROM (
    SELECT SourceAirport AS AirportCode FROM flights
    UNION ALL
    SELECT DestAirport FROM flights
) AS all_airports
GROUP BY AirportCode
ORDER BY COUNT(*) DESC
LIMIT 1
gold: SELECT T1.AirportCode FROM AIRPORTS AS T1 JOIN FLIGHTS AS T2 ON T1.AirportCode  =  T2.DestAirport OR T1.AirportCode  =  T2.SourceAirport GROUP BY T1.AirportCode ORDER BY count(*) DESC LIMIT 1",0,1,,331,180,467.1363830566406,200.63543319702148,671.6673996632629,1
1227,completed,SambaNova,gpt-oss-120b,226,"FAIL
result mismatch (order_matters=True)
predicted: SELECT AirportCode
FROM (
    SELECT SourceAirport AS AirportCode FROM flights
    UNION ALL
    SELECT DestAirport FROM flights
) AS all_airports
GROUP BY AirportCode
ORDER BY COUNT(*) DESC
LIMIT 1
gold: SELECT T1.AirportCode FROM AIRPORTS AS T1 JOIN FLIGHTS AS T2 ON T1.AirportCode  =  T2.DestAirport OR T1.AirportCode  =  T2.SourceAirport GROUP BY T1.AirportCode ORDER BY count(*) DESC LIMIT 1",0,1,,330,185,314.79883193969727,50.26555061340332,695.5646528764804,1
1228,completed,SambaNova,gpt-oss-120b,227,"FAIL
result mismatch (order_matters=True)
predicted: SELECT AirportCode
FROM (
    SELECT AirportCode, COUNT(*) AS flight_count
    FROM (
        SELECT SourceAirport AS AirportCode FROM flights
        UNION ALL
        SELECT DestAirport AS AirportCode FROM flights
    )
    GROUP BY AirportCode
)
ORDER BY flight_count ASC
LIMIT 1
gold: SELECT T1.AirportCode FROM AIRPORTS AS T1 JOIN FLIGHTS AS T2 ON T1.AirportCode  =  T2.DestAirport OR T1.AirportCode  =  T2.SourceAirport GROUP BY T1.AirportCode ORDER BY count(*) LIMIT 1",0,1,,331,204,476.38940811157227,159.67440605163574,640.9547974667249,1
1229,completed,SambaNova,gpt-oss-120b,228,"FAIL
result mismatch (order_matters=True)
predicted: SELECT a.AirportCode
FROM airports a
LEFT JOIN (
    SELECT AirportCode, COUNT(*) AS cnt
    FROM (
        SELECT SourceAirport AS AirportCode FROM flights
        UNION ALL
        SELECT DestAirport FROM flights
    )
    GROUP BY AirportCode
) f ON a.AirportCode = f.AirportCode
ORDER BY COALESCE(f.cnt, 0) ASC
LIMIT 1
gold: SELECT T1.AirportCode FROM AIRPORTS AS T1 JOIN FLIGHTS AS T2 ON T1.AirportCode  =  T2.DestAirport OR T1.AirportCode  =  T2.SourceAirport GROUP BY T1.AirportCode ORDER BY count(*) LIMIT 1",0,1,,328,364,553.8275241851807,51.17440223693848,722.1680004553475,1
1230,completed,SambaNova,gpt-oss-120b,229,"FAIL
result mismatch (order_matters=True)
predicted: SELECT a.Airline
FROM airlines a
JOIN (
    SELECT Airline, COUNT(*) AS cnt
    FROM flights
    GROUP BY Airline
) f ON a.uid = f.Airline
ORDER BY f.cnt DESC
LIMIT 1
gold: SELECT T1.Airline FROM AIRLINES AS T1 JOIN FLIGHTS AS T2 ON T1.uid  =  T2.Airline GROUP BY T1.Airline ORDER BY count(*) DESC LIMIT 1",0,1,,325,307,581.7873477935791,159.67440605163574,724.9244686439195,1
1231,completed,SambaNova,gpt-oss-120b,230,"FAIL
result mismatch (order_matters=True)
predicted: SELECT a.Airline
FROM airlines a
JOIN flights f ON a.uid = f.Airline
GROUP BY a.uid
ORDER BY COUNT(*) DESC
LIMIT 1
gold: SELECT T1.Airline FROM AIRLINES AS T1 JOIN FLIGHTS AS T2 ON T1.uid  =  T2.Airline GROUP BY T1.Airline ORDER BY count(*) DESC LIMIT 1",0,1,,324,205,368.7112331390381,51.17440223693848,642.4451595755065,1
1232,completed,SambaNova,gpt-oss-120b,231,"FAIL
result mismatch (order_matters=True)
predicted: SELECT a.Abbreviation, a.Country
FROM airlines a
JOIN (
    SELECT Airline, COUNT(*) AS cnt
    FROM flights
    GROUP BY Airline
) f ON a.uid = f.Airline
WHERE f.cnt = (
    SELECT MIN(cnt) FROM (
        SELECT Airline, COUNT(*) AS cnt
        FROM flights
        GROUP BY Airline
    )
)
gold: SELECT T1.Abbreviation ,  T1.Country FROM AIRLINES AS T1 JOIN FLIGHTS AS T2 ON T1.uid  =  T2.Airline GROUP BY T1.Airline ORDER BY count(*) LIMIT 1",0,1,,333,341,732.3973178863525,202.09455490112305,641.1431803335145,1
1233,completed,SambaNova,gpt-oss-120b,232,"FAIL
result mismatch (order_matters=True)
predicted: SELECT a.Abbreviation, a.Country
FROM airlines a
LEFT JOIN flights f ON a.uid = f.Airline
GROUP BY a.uid, a.Abbreviation, a.Country
ORDER BY COUNT(f.FlightNo) ASC
LIMIT 1
gold: SELECT T1.Abbreviation ,  T1.Country FROM AIRLINES AS T1 JOIN FLIGHTS AS T2 ON T1.uid  =  T2.Airline GROUP BY T1.Airline ORDER BY count(*) LIMIT 1",0,1,,338,341,732.33962059021,202.09455490112305,641.2129447317884,1
1234,completed,SambaNova,gpt-oss-120b,233,PASS,1,1,,332,224,586.1949920654297,202.09455490112305,580.5773137003937,1
1235,completed,SambaNova,gpt-oss-120b,234,PASS,1,1,,328,170,289.5545959472656,51.23424530029297,709.1295373693962,1
1236,completed,SambaNova,gpt-oss-120b,235,PASS,1,1,,331,192,346.2984561920166,52.4592399597168,650.0153466547555,1
1237,completed,SambaNova,gpt-oss-120b,236,PASS,1,1,,328,173,378.6897659301758,82.91029930114746,581.5143355293333,1
1238,completed,SambaNova,gpt-oss-120b,237,PASS,1,1,,335,287,525.4056453704834,82.91029930114746,646.3344813465808,1
1239,completed,SambaNova,gpt-oss-120b,238,PASS,1,1,,331,303,478.7757396697998,52.4592399597168,708.3938815536707,1
1240,completed,SambaNova,gpt-oss-120b,239,PASS,1,1,,336,268,524.7387886047363,82.91029930114746,604.306889356198,1
1241,completed,SambaNova,gpt-oss-120b,240,PASS,1,1,,331,268,524.8112678527832,82.91029930114746,604.2077727847326,1
1242,completed,SambaNova,gpt-oss-120b,241,"FAIL
result mismatch (order_matters=False)
predicted: SELECT *
FROM airlines
WHERE uid IN (
    SELECT Airline
    FROM flights
    GROUP BY Airline
    HAVING COUNT(*) >= 10
)
gold: SELECT T1.Airline FROM AIRLINES AS T1 JOIN FLIGHTS AS T2 ON T1.uid  =  T2.Airline GROUP BY T1.Airline HAVING count(*)  >  10",0,1,,328,164,376.24359130859375,80.7182788848877,551.5601985602526,1
1243,completed,SambaNova,gpt-oss-120b,242,PASS,1,1,,326,257,493.2525157928467,80.7182788848877,620.5545554686082,1
1244,completed,SambaNova,gpt-oss-120b,243,PASS,1,1,,328,233,369.3268299102783,50.99630355834961,728.8022379088884,1
1245,completed,SambaNova,gpt-oss-120b,244,PASS,1,1,,326,274,493.73674392700195,80.7182788848877,660.9873967067381,1
1246,completed,SambaNova,gpt-oss-120b,245,PASS,1,1,,327,190,317.3081874847412,52.56342887878418,713.8951531852813,1
1247,completed,SambaNova,gpt-oss-120b,246,PASS,1,1,,326,178,374.5908737182617,79.75292205810547,600.3297709923664,1
1248,completed,SambaNova,gpt-oss-120b,247,PASS,1,1,,330,76,185.1065158843994,52.56342887878418,565.8537287336803,1
1249,completed,SambaNova,gpt-oss-120b,248,PASS,1,1,,328,76,156.38279914855957,49.791812896728516,703.6242241234692,1
1250,completed,SambaNova,gpt-oss-120b,249,PASS,1,1,,330,108,286.5779399871826,79.75292205810547,517.3455371665513,1
1251,completed,SambaNova,gpt-oss-120b,250,PASS,1,1,,328,76,156.85415267944336,49.82328414916992,700.7324244854317,1
1252,completed,SambaNova,gpt-oss-120b,251,PASS,1,1,,331,186,375.1413822174072,79.75292205810547,626.2939313886205,1
1253,completed,SambaNova,gpt-oss-120b,252,PASS,1,1,,327,142,389.5089626312256,176.7258644104004,662.6466161032721,1
1254,completed,SambaNova,gpt-oss-120b,253,PASS,1,1,,330,145,377.84767150878906,166.20159149169922,680.3811343369666,1
1255,completed,SambaNova,gpt-oss-120b,254,PASS,1,1,,327,175,466.1247730255127,200.41847229003906,654.8583888239342,1
1256,completed,SambaNova,gpt-oss-120b,255,PASS,1,1,,333,117,407.78398513793945,200.41847229003906,559.3987081404628,1
1257,completed,SambaNova,gpt-oss-120b,256,PASS,1,1,,328,143,465.8069610595703,200.41847229003906,535.0646543050166,1
1258,completed,SambaNova,gpt-oss-120b,257,PASS,1,1,,332,154,384.8717212677002,172.1045970916748,719.096056745218,1
1259,completed,SambaNova,gpt-oss-120b,258,"FAIL
result mismatch (order_matters=False)
predicted: SELECT a.*
FROM airports a
WHERE NOT EXISTS (SELECT 1 FROM flights f WHERE f.SourceAirport = a.AirportCode)
  AND NOT EXISTS (SELECT 1 FROM flights f WHERE f.DestAirport = a.AirportCode)
gold: SELECT AirportName FROM Airports WHERE AirportCode NOT IN (SELECT SourceAirport FROM Flights UNION SELECT DestAirport FROM Flights)",0,1,,327,214,340.55542945861816,49.043893814086914,730.6743437410034,1
1260,completed,SambaNova,gpt-oss-120b,259,PASS,1,1,,375,39,283.53428840637207,194.3671703338623,426.1660668352968,1
1261,completed,SambaNova,gpt-oss-120b,260,PASS,1,1,,375,44,312.97945976257324,194.3671703338623,362.52567256822164,1
1262,completed,SambaNova,gpt-oss-120b,261,PASS,1,1,,379,79,313.05909156799316,194.3671703338623,657.1635136492376,1
1263,completed,SambaNova,gpt-oss-120b,262,PASS,1,1,,382,71,160.21728515625,53.8945198059082,658.3726426729454,1
1264,completed,SambaNova,gpt-oss-120b,263,PASS,1,1,,379,73,345.39103507995605,197.1108913421631,485.56737392512366,1
1265,completed,SambaNova,gpt-oss-120b,264,PASS,1,1,,378,73,345.34311294555664,197.1108913421631,485.72435345832844,1
1266,completed,SambaNova,gpt-oss-120b,265,PASS,1,1,,383,102,374.7529983520508,197.1108913421631,568.5588946227612,1
1267,completed,SambaNova,gpt-oss-120b,266,PASS,1,1,,383,124,354.5830249786377,168.49708557128906,660.9849212236755,1
1268,completed,SambaNova,gpt-oss-120b,267,PASS,1,1,,378,68,156.55994415283203,49.46613311767578,625.6197193132435,1
1269,completed,SambaNova,gpt-oss-120b,268,PASS,1,1,,378,67,340.1622772216797,191.85495376586914,445.021853689277,1
1270,completed,SambaNova,gpt-oss-120b,269,PASS,1,1,,386,107,398.7126350402832,191.85495376586914,512.4296054512092,1
1271,completed,SambaNova,gpt-oss-120b,270,PASS,1,1,,387,128,399.2750644683838,191.85495376586914,612.2839273870869,1
1272,completed,SambaNova,gpt-oss-120b,271,PASS,1,1,,381,90,184.87071990966797,51.49340629577637,667.2798963221164,1
1273,completed,SambaNova,gpt-oss-120b,272,PASS,1,1,,383,79,226.7308235168457,78.40776443481445,525.8791214443702,1
1274,completed,SambaNova,gpt-oss-120b,273,PASS,1,1,,387,82,256.34002685546875,78.40776443481445,455.22941650967033,1
1275,completed,SambaNova,gpt-oss-120b,274,PASS,1,1,,392,95,334.134578704834,175.37379264831543,592.0857557768463,1
1276,completed,SambaNova,gpt-oss-120b,275,PASS,1,1,,386,107,334.50841903686523,175.37379264831543,666.1026729731714,1
1277,completed,SambaNova,gpt-oss-120b,276,PASS,1,1,,385,92,382.69758224487305,204.7741413116455,511.4559358940859,1
1278,completed,SambaNova,gpt-oss-120b,277,PASS,1,1,,384,150,314.7087097167969,78.40776443481445,630.5518575991961,1
1279,completed,SambaNova,gpt-oss-120b,278,PASS,1,1,,384,192,314.1052722930908,49.32689666748047,721.3580019467638,1
1280,completed,SambaNova,gpt-oss-120b,279,PASS,1,1,,383,176,471.7550277709961,204.7741413116455,655.4776348255357,1
1281,completed,SambaNova,gpt-oss-120b,280,PASS,1,1,,382,161,470.8859920501709,204.7741413116455,601.2509384905667,1
1282,completed,SambaNova,gpt-oss-120b,281,PASS,1,1,,383,138,437.1769428253174,201.10797882080078,580.3388877386645,1
1283,completed,SambaNova,gpt-oss-120b,282,PASS,1,1,,382,136,437.2293949127197,201.10797882080078,571.7397525154868,1
1284,completed,SambaNova,gpt-oss-120b,283,PASS,1,1,,385,150,437.6955032348633,201.10797882080078,629.7880683650435,1
1285,completed,SambaNova,gpt-oss-120b,284,PASS,1,1,,382,152,319.66185569763184,82.66234397888184,637.1321143445789,1
1286,completed,SambaNova,gpt-oss-120b,285,PASS,1,1,,382,143,319.69618797302246,82.66234397888184,599.0705698698039,1
1287,completed,SambaNova,gpt-oss-120b,286,PASS,1,1,,381,126,318.9971446990967,82.66234397888184,528.910679337409,1
1288,completed,SambaNova,gpt-oss-120b,287,"FAIL
result mismatch (order_matters=False)
predicted: SELECT
    s.Name AS shop_name,
    COUNT(h.Employee_ID) AS employee_count
FROM shop s
LEFT JOIN hiring h ON s.Shop_ID = h.Shop_ID
GROUP BY s.Shop_ID, s.Name
gold: SELECT count(*) ,  t2.name FROM hiring AS t1 JOIN shop AS t2 ON t1.shop_id  =  t2.shop_id GROUP BY t2.name",0,1,,386,160,458.3086967468262,192.98434257507324,599.2665109704714,1
1289,completed,SambaNova,gpt-oss-120b,288,"FAIL
result mismatch (order_matters=False)
predicted: SELECT s.Name AS shop_name,
       COUNT(h.Employee_ID) AS employee_count
FROM shop s
LEFT JOIN hiring h ON s.Shop_ID = h.Shop_ID
GROUP BY s.Shop_ID, s.Name
gold: SELECT count(*) ,  t2.name FROM hiring AS t1 JOIN shop AS t2 ON t1.shop_id  =  t2.shop_id GROUP BY t2.name",0,1,,387,166,458.8921070098877,192.98434257507324,620.5159159256091,1
1290,completed,SambaNova,gpt-oss-120b,289,PASS,1,1,,378,58,131.5743923187256,51.85556411743164,715.0130187071015,1
1291,completed,SambaNova,gpt-oss-120b,290,PASS,1,1,,381,51,311.91086769104004,192.98434257507324,420.42765439622787,1
1292,completed,SambaNova,gpt-oss-120b,291,PASS,1,1,,377,50,311.9783401489258,192.98434257507324,411.7854765706867,1
1293,completed,SambaNova,gpt-oss-120b,292,PASS,1,1,,377,76,305.90200424194336,172.76763916015625,563.3406517838275,1
1294,completed,SambaNova,gpt-oss-120b,293,PASS,1,1,,391,189,438.19737434387207,172.76763916015625,708.2853768055669,1
1295,completed,SambaNova,gpt-oss-120b,294,PASS,1,1,,395,218,462.310791015625,170.65882682800293,744.0375058143004,1
1296,completed,SambaNova,gpt-oss-120b,295,PASS,1,1,,377,73,303.74765396118164,170.65882682800293,540.9920693639548,1
1297,completed,SambaNova,gpt-oss-120b,296,PASS,1,1,,377,68,274.6551036834717,167.37675666809082,624.5435529538313,1
1298,completed,SambaNova,gpt-oss-120b,297,PASS,1,1,,402,39,128.7233829498291,49.104928970336914,477.2762858443332,1
1299,completed,SambaNova,gpt-oss-120b,298,PASS,1,1,,401,41,128.77225875854492,49.104928970336914,502.08787097971265,1
1300,completed,SambaNova,gpt-oss-120b,299,PASS,1,1,,409,62,274.69801902770996,167.37675666809082,568.3869035717935,1
1301,completed,SambaNova,gpt-oss-120b,300,PASS,1,1,,408,72,348.9227294921875,200.5939483642578,478.666375197706,1
1302,completed,SambaNova,gpt-oss-120b,301,PASS,1,1,,416,95,339.48516845703125,191.11323356628418,633.5429949688021,1
1303,completed,SambaNova,gpt-oss-120b,302,PASS,1,1,,412,130,408.3137512207031,200.5939483642578,621.0288967448694,1
1304,completed,SambaNova,gpt-oss-120b,303,PASS,1,1,,413,102,407.83071517944336,200.5939483642578,487.3652564270709,1
1305,completed,SambaNova,gpt-oss-120b,304,PASS,1,1,,415,102,407.991886138916,200.86121559143066,487.61489417785396,1
1306,completed,SambaNova,gpt-oss-120b,305,PASS,1,1,,404,98,339.51854705810547,191.11323356628418,653.6154111850296,1
1307,completed,SambaNova,gpt-oss-120b,306,PASS,1,1,,405,73,338.84477615356445,191.11323356628418,487.3705285887891,1
1308,completed,SambaNova,gpt-oss-120b,307,PASS,1,1,,410,131,437.48974800109863,200.86121559143066,549.3842973041596,1
1309,completed,SambaNova,gpt-oss-120b,308,PASS,1,1,,407,213,344.64430809020996,51.383018493652344,722.9048207884867,1
1310,completed,SambaNova,gpt-oss-120b,309,"FAIL
result mismatch (order_matters=False)
predicted: SELECT
    t.Template_ID,
    COUNT(d.Document_ID) AS Document_Count
FROM
    Templates t
LEFT JOIN
    Documents d ON d.Template_ID = t.Template_ID
GROUP BY
    t.Template_ID
ORDER BY
    t.Template_ID
gold: SELECT template_id ,  count(*) FROM Documents GROUP BY template_id",0,1,,407,157,291.92304611206055,51.383018493652344,648.5407087733348,1
1311,completed,SambaNova,gpt-oss-120b,310,PASS,1,1,,415,97,258.64529609680176,81.37798309326172,541.5550017282818,1
1312,completed,SambaNova,gpt-oss-120b,311,"FAIL
result mismatch (order_matters=True)
predicted: SELECT t.Template_ID, t.Template_Type_Code
FROM Templates t
JOIN Documents d ON d.Template_ID = t.Template_ID
GROUP BY t.Template_ID, t.Template_Type_Code
ORDER BY COUNT(d.Document_ID) DESC
LIMIT 1
gold: SELECT T1.template_id ,  T2.Template_Type_Code FROM Documents AS T1 JOIN Templates AS T2 ON T1.template_id  =  T2.template_id GROUP BY T1.template_id ORDER BY count(*) DESC LIMIT 1",0,1,,411,201,525.0329971313477,200.86121559143066,616.9568463051833,1
1313,completed,SambaNova,gpt-oss-120b,312,"FAIL
result mismatch (order_matters=True)
predicted: SELECT t.Template_ID, t.Template_Type_Code
FROM Templates t
JOIN Documents d ON d.Template_ID = t.Template_ID
GROUP BY t.Template_ID, t.Template_Type_Code
ORDER BY COUNT(d.Document_ID) DESC
LIMIT 1
gold: SELECT T1.template_id ,  T2.Template_Type_Code FROM Documents AS T1 JOIN Templates AS T2 ON T1.template_id  =  T2.template_id GROUP BY T1.template_id ORDER BY count(*) DESC LIMIT 1",0,1,,414,177,347.26643562316895,81.37798309326172,661.931717324969,1
1314,completed,SambaNova,gpt-oss-120b,313,PASS,1,1,,409,94,325.85597038269043,166.73731803894043,584.4695051783659,1
1315,completed,SambaNova,gpt-oss-120b,314,PASS,1,1,,411,105,326.3065814971924,166.73731803894043,651.7545907405249,1
1316,completed,SambaNova,gpt-oss-120b,315,PASS,1,1,,406,106,287.7938747406006,81.37798309326172,508.6817645774691,1
1317,completed,SambaNova,gpt-oss-120b,316,PASS,1,1,,409,131,316.9116973876953,81.37798309326172,551.9379694301043,1
1318,completed,SambaNova,gpt-oss-120b,317,PASS,1,1,,402,39,296.3907718658447,206.5258026123047,422.856651659101,1
1319,completed,SambaNova,gpt-oss-120b,318,PASS,1,1,,401,43,325.11281967163086,206.5258026123047,354.17030499205856,1
1320,completed,SambaNova,gpt-oss-120b,319,PASS,1,1,,410,73,325.7870674133301,206.5258026123047,603.7165555817663,1
1321,completed,SambaNova,gpt-oss-120b,320,PASS,1,1,,410,79,275.32958984375,168.52068901062012,730.2762166035327,1
1322,completed,SambaNova,gpt-oss-120b,321,PASS,1,1,,405,52,310.43148040771484,191.84541702270508,430.0674003691298,1
1323,completed,SambaNova,gpt-oss-120b,322,PASS,1,1,,403,65,311.1553192138672,191.84541702270508,536.4181750602492,1
1324,completed,SambaNova,gpt-oss-120b,323,PASS,1,1,,409,56,157.68694877624512,51.53679847717285,518.1339813937192,1
1325,completed,SambaNova,gpt-oss-120b,324,PASS,1,1,,408,76,311.1879825592041,191.84541702270508,628.4430007251892,1
1326,completed,SambaNova,gpt-oss-120b,325,PASS,1,1,,404,71,227.28466987609863,79.09083366394043,472.35432855511044,1
1327,completed,SambaNova,gpt-oss-120b,326,PASS,1,1,,405,93,227.71096229553223,79.09083366394043,619.0278587906147,1
1328,completed,SambaNova,gpt-oss-120b,327,PASS,1,1,,415,119,210.94584465026855,51.53679847717285,740.23402581475,1
1329,completed,SambaNova,gpt-oss-120b,328,PASS,1,1,,414,70,227.33759880065918,79.09083366394043,465.4401729195615,1
1330,completed,SambaNova,gpt-oss-120b,329,PASS,1,1,,407,166,293.35832595825195,54.438114166259766,690.6071226140201,1
1331,completed,SambaNova,gpt-oss-120b,330,PASS,1,1,,411,192,374.8164176940918,78.83095741271973,645.3019679359589,1
1332,completed,SambaNova,gpt-oss-120b,331,PASS,1,1,,405,137,315.7670497894287,78.83095741271973,573.9944414368543,1
1333,completed,SambaNova,gpt-oss-120b,332,PASS,1,1,,410,109,237.1358871459961,51.40042304992676,581.4721519426056,1
1334,completed,SambaNova,gpt-oss-120b,333,PASS,1,1,,406,170,289.6864414215088,51.40042304992676,709.2317088301096,1
1335,completed,SambaNova,gpt-oss-120b,334,PASS,1,1,,410,199,374.85194206237793,78.83095741271973,668.8714998848262,1
1336,completed,SambaNova,gpt-oss-120b,335,PASS,1,1,,406,112,211.4698886871338,51.95808410644531,695.8732633724989,1
1337,completed,SambaNova,gpt-oss-120b,336,PASS,1,1,,409,140,359.06291007995605,173.0787754058838,747.3755771888308,1
1338,completed,SambaNova,gpt-oss-120b,337,PASS,1,1,,414,117,211.10224723815918,51.581382751464844,727.1776038405031,1
1339,completed,SambaNova,gpt-oss-120b,338,PASS,1,1,,413,120,211.60244941711426,51.76830291748047,744.5217596245784,1
1340,completed,SambaNova,gpt-oss-120b,339,PASS,1,1,,407,109,211.66038513183594,51.1937141418457,673.0369573550694,1
1341,completed,SambaNova,gpt-oss-120b,340,PASS,1,1,,409,117,209.9757194519043,50.09269714355469,725.5304429777601,1
1342,completed,SambaNova,gpt-oss-120b,341,"FAIL
result mismatch (order_matters=False)
predicted: SELECT 
    r.Template_Type_Code,
    COUNT(d.Document_ID) AS Document_Count
FROM Ref_Template_Types r
LEFT JOIN Templates t
    ON r.Template_Type_Code = t.Template_Type_Code
LEFT JOIN Documents d
    ON t.Template_ID = d.Template_ID
GROUP BY r.Template_Type_Code
gold: SELECT T1.template_type_code ,  count(*) FROM Templates AS T1 JOIN Documents AS T2 ON T1.template_id  =  T2.template_id GROUP BY T1.template_type_code",0,1,,409,213,460.2398872375488,168.49040985107422,726.650830360076,1
1343,completed,SambaNova,gpt-oss-120b,342,"FAIL
result mismatch (order_matters=False)
predicted: SELECT rtt.Template_Type_Code,
       COUNT(DISTINCT d.Document_ID) AS Document_Count
FROM Ref_Template_Types rtt
LEFT JOIN Templates t ON t.Template_Type_Code = rtt.Template_Type_Code
LEFT JOIN Documents d ON d.Template_ID = t.Template_ID
GROUP BY rtt.Template_Type_Code
gold: SELECT T1.template_type_code ,  count(*) FROM Templates AS T1 JOIN Documents AS T2 ON T1.template_id  =  T2.template_id GROUP BY T1.template_type_code",0,1,,411,242,395.4932689666748,50.83632469177246,699.2460300111511,1
1344,completed,SambaNova,gpt-oss-120b,343,PASS,1,1,,407,149,263.49925994873047,51.0561466217041,696.6570847235456,1
1345,completed,SambaNova,gpt-oss-120b,344,PASS,1,1,,410,144,262.73632049560547,50.441741943359375,673.5923308790829,1
1346,completed,SambaNova,gpt-oss-120b,345,PASS,1,1,,408,195,341.74656867980957,50.83632469177246,666.8723567121195,1
1347,completed,SambaNova,gpt-oss-120b,346,PASS,1,1,,410,171,288.571834564209,49.83949661254883,712.0945635543625,1
1348,completed,SambaNova,gpt-oss-120b,347,PASS,1,1,,403,71,182.24501609802246,49.83949661254883,528.6788668026772,1
1349,completed,SambaNova,gpt-oss-120b,348,PASS,1,1,,407,62,156.41307830810547,49.660682678222656,571.415748003359,1
1350,completed,SambaNova,gpt-oss-120b,349,PASS,1,1,,408,57,132.2786808013916,51.70416831970215,695.0088591938547,1
1351,completed,SambaNova,gpt-oss-120b,350,PASS,1,1,,409,77,157.5143337249756,50.49705505371094,710.1656942095918,1
1352,completed,SambaNova,gpt-oss-120b,351,PASS,1,1,,408,74,157.25088119506836,50.32014846801758,682.6849319955406,1
1353,completed,SambaNova,gpt-oss-120b,352,PASS,1,1,,409,54,130.71203231811523,50.17399787902832,658.0741679272708,1
1354,completed,SambaNova,gpt-oss-120b,353,PASS,1,1,,411,139,235.7649803161621,49.98445510864258,742.8119812119812,1
1355,completed,SambaNova,gpt-oss-120b,354,"FAIL
result mismatch (order_matters=False)
predicted: SELECT DISTINCT t.Template_Details
FROM Templates t
JOIN Documents d ON t.Template_ID = d.Template_ID
gold: SELECT DISTINCT T1.template_type_description FROM Ref_template_types AS T1 JOIN Templates AS T2 ON T1.template_type_code  = T2.template_type_code JOIN Documents AS T3 ON T2.Template_ID  =  T3.template_ID",0,1,,409,183,314.8024082183838,49.75128173828125,686.6599754431256,1
1356,completed,SambaNova,gpt-oss-120b,355,PASS,1,1,,407,125,261.7988586425781,49.75128173828125,584.774425675068,1
1357,completed,SambaNova,gpt-oss-120b,356,PASS,1,1,,407,164,290.19904136657715,51.198720932006836,682.007453812697,1
1358,completed,SambaNova,gpt-oss-120b,357,PASS,1,1,,401,48,133.5310935974121,53.43890190124512,586.8237465431889,1
1359,completed,SambaNova,gpt-oss-120b,358,PASS,1,1,,401,43,130.2468776702881,50.03929138183594,523.6412407294562,1
1360,completed,SambaNova,gpt-oss-120b,359,PASS,1,1,,408,105,209.4278335571289,50.48251152038574,654.3130597826495,1
1361,completed,SambaNova,gpt-oss-120b,360,PASS,1,1,,408,105,208.6629867553711,49.62563514709473,653.9344308006434,1
1362,completed,SambaNova,gpt-oss-120b,361,"FAIL
result mismatch (order_matters=False)
predicted: SELECT *
FROM Paragraphs
WHERE Paragraph_Text = 'Korea '
gold: select other_details from paragraphs where paragraph_text like 'korea'",0,1,,407,110,211.30895614624023,51.254987716674805,681.0202900277812,1
1363,completed,SambaNova,gpt-oss-120b,362,"FAIL
result mismatch (order_matters=False)
predicted: SELECT *
FROM Paragraphs
WHERE Paragraph_Text LIKE '%Korea %'
gold: select other_details from paragraphs where paragraph_text like 'korea'",0,1,,411,148,264.6324634552002,51.1631965637207,688.6237168497412,1
1364,completed,SambaNova,gpt-oss-120b,363,PASS,1,1,,411,139,264.01495933532715,51.1631965637207,648.338534776789,1
1365,completed,SambaNova,gpt-oss-120b,364,PASS,1,1,,413,145,263.23723793029785,50.54116249084473,677.022364904855,1
1366,completed,SambaNova,gpt-oss-120b,365,PASS,1,1,,406,122,235.84890365600586,50.34756660461426,652.2864035555601,1
1367,completed,SambaNova,gpt-oss-120b,366,PASS,1,1,,411,106,235.59141159057617,50.50921440124512,567.3155041086396,1
1368,completed,SambaNova,gpt-oss-120b,367,"FAIL
result mismatch (order_matters=True)
predicted: SELECT d.Document_ID,
       COUNT(p.Paragraph_ID) AS Paragraph_Count
FROM Documents d
LEFT JOIN Paragraphs p ON d.Document_ID = p.Document_ID
GROUP BY d.Document_ID
ORDER BY d.Document_ID
gold: SELECT document_id ,  count(*) FROM Paragraphs GROUP BY document_id ORDER BY document_id",0,1,,413,143,262.27450370788574,50.50921440124512,670.5537081404356,1
1369,completed,SambaNova,gpt-oss-120b,368,"FAIL
result mismatch (order_matters=True)
predicted: SELECT d.Document_ID,
       COUNT(p.Paragraph_ID) AS Paragraph_Count
FROM Documents d
LEFT JOIN Paragraphs p ON p.Document_ID = d.Document_ID
GROUP BY d.Document_ID
ORDER BY d.Document_ID
gold: SELECT document_id ,  count(*) FROM Paragraphs GROUP BY document_id ORDER BY document_id",0,1,,414,176,289.7779941558838,50.62675476074219,731.7545183650642,1
1370,completed,SambaNova,gpt-oss-120b,369,"FAIL
result mismatch (order_matters=False)
predicted: SELECT d.Document_ID,
       d.Document_Name,
       COUNT(p.Paragraph_ID) AS Paragraph_Count
FROM Documents d
LEFT JOIN Paragraphs p ON p.Document_ID = d.Document_ID
GROUP BY d.Document_ID, d.Document_Name
gold: SELECT T1.document_id ,  T2.document_name ,  count(*) FROM Paragraphs AS T1 JOIN Documents AS T2 ON T1.document_id  =  T2.document_id GROUP BY T1.document_id",0,1,,410,150,264.1608715057373,51.550865173339844,700.8136755663857,1
1371,completed,SambaNova,gpt-oss-120b,370,"FAIL
result mismatch (order_matters=False)
predicted: SELECT d.Document_ID,
       d.Document_Name,
       COUNT(p.Paragraph_ID) AS Paragraph_Count
FROM Documents d
LEFT JOIN Paragraphs p ON d.Document_ID = p.Document_ID
GROUP BY d.Document_ID, d.Document_Name
gold: SELECT T1.document_id ,  T2.document_name ,  count(*) FROM Paragraphs AS T1 JOIN Documents AS T2 ON T1.document_id  =  T2.document_id GROUP BY T1.document_id",0,1,,415,142,260.1664066314697,49.20673370361328,668.3741875548835,1
1372,completed,SambaNova,gpt-oss-120b,371,PASS,1,1,,405,75,181.48469924926758,49.20673370361328,559.4280173175155,1
1373,completed,SambaNova,gpt-oss-120b,372,PASS,1,1,,409,84,209.26976203918457,49.80945587158203,520.5057107614099,1
1374,completed,SambaNova,gpt-oss-120b,373,PASS,1,1,,408,204,341.39347076416016,49.80945587158203,696.197286654369,1
1375,completed,SambaNova,gpt-oss-120b,374,PASS,1,1,,408,173,289.7369861602783,50.966739654541016,720.3577603035523,1
1376,completed,SambaNova,gpt-oss-120b,375,"FAIL
result mismatch (order_matters=True)
predicted: SELECT Document_ID
FROM (
    SELECT d.Document_ID, COUNT(p.Paragraph_ID) AS para_cnt
    FROM Documents d
    LEFT JOIN Paragraphs p ON d.Document_ID = p.Document_ID
    GROUP BY d.Document_ID
) 
ORDER BY para_cnt ASC, Document_ID ASC
LIMIT 1
gold: SELECT document_id FROM Paragraphs GROUP BY document_id ORDER BY count(*) ASC LIMIT 1",0,1,,406,183,315.2453899383545,50.104618072509766,686.4278123625887,1
1377,completed,SambaNova,gpt-oss-120b,376,"FAIL
result mismatch (order_matters=True)
predicted: SELECT d.Document_ID
FROM Documents d
LEFT JOIN Paragraphs p ON d.Document_ID = p.Document_ID
GROUP BY d.Document_ID
ORDER BY COUNT(p.Paragraph_ID) ASC
LIMIT 1
gold: SELECT document_id FROM Paragraphs GROUP BY document_id ORDER BY count(*) ASC LIMIT 1",0,1,,407,146,262.74728775024414,50.36187171936035,682.7210771332575,1
1378,completed,SambaNova,gpt-oss-120b,377,PASS,1,1,,408,101,209.47027206420898,50.55832862854004,629.2793218558944,1
1379,completed,SambaNova,gpt-oss-120b,378,PASS,1,1,,408,143,262.01725006103516,49.77226257324219,669.0381793264586,1
1380,completed,SambaNova,gpt-oss-120b,379,PASS,1,1,,409,158,263.1244659423828,50.37665367126465,737.9629351954268,1
1381,completed,SambaNova,gpt-oss-120b,380,PASS,1,1,,414,205,341.79162979125977,50.21166801452637,699.6365551217318,1
1382,completed,SambaNova,gpt-oss-120b,381,PASS,1,1,,300,39,130.44238090515137,50.21166801452637,473.6340813997718,1
1383,completed,SambaNova,gpt-oss-120b,382,PASS,1,1,,302,41,129.29344177246094,49.56412315368652,501.69750216052796,1
1384,completed,SambaNova,gpt-oss-120b,383,PASS,1,1,,305,96,369.873046875,193.070650100708,537.3230325676982,1
1385,completed,SambaNova,gpt-oss-120b,384,PASS,1,1,,306,95,184.84997749328613,50.92620849609375,701.8918352123934,1
1386,completed,SambaNova,gpt-oss-120b,385,PASS,1,1,,303,77,156.47006034851074,50.15420913696289,714.8510700325843,1
1387,completed,SambaNova,gpt-oss-120b,386,PASS,1,1,,304,54,312.2727870941162,193.070650100708,444.62290137408246,1
1388,completed,SambaNova,gpt-oss-120b,387,"FAIL
result mismatch (order_matters=False)
predicted: SELECT Name
FROM teacher
WHERE Hometown <> 'Little Lever Urban District'
gold: select name from teacher where hometown != ""little lever urban district""",0,1,,310,104,209.99407768249512,50.47035217285156,645.6719818380459,1
1389,completed,SambaNova,gpt-oss-120b,388,PASS,1,1,,312,103,209.47813987731934,49.8960018157959,639.169278210047,1
1390,completed,SambaNova,gpt-oss-120b,389,PASS,1,1,,307,69,158.48684310913086,51.3916015625,634.9488457000379,1
1391,completed,SambaNova,gpt-oss-120b,390,PASS,1,1,,311,87,369.91143226623535,193.070650100708,486.3131623083519,1
1392,completed,SambaNova,gpt-oss-120b,391,PASS,1,1,,303,126,399.6729850769043,193.070650100708,605.027043931531,1
1393,completed,SambaNova,gpt-oss-120b,392,PASS,1,1,,301,125,236.37652397155762,50.34804344177246,666.5646015430754,1
1394,completed,SambaNova,gpt-oss-120b,393,PASS,1,1,,308,93,362.72692680358887,213.52744102478027,616.6241091232174,1
1395,completed,SambaNova,gpt-oss-120b,394,PASS,1,1,,304,65,361.7584705352783,213.52744102478027,431.7584530806175,1
1396,completed,SambaNova,gpt-oss-120b,395,PASS,1,1,,302,84,362.6680374145508,213.52744102478027,556.5218458901975,1
1397,completed,SambaNova,gpt-oss-120b,396,"FAIL
result mismatch (order_matters=True)
predicted: SELECT Hometown
FROM teacher
GROUP BY Hometown
HAVING COUNT(*) = (
    SELECT MAX(cnt)
    FROM (
        SELECT COUNT(*) AS cnt
        FROM teacher
        GROUP BY Hometown
    )
)
gold: SELECT Hometown FROM teacher GROUP BY Hometown ORDER BY COUNT(*) DESC LIMIT 1",0,1,,305,182,314.0256404876709,48.86960983276367,682.6169465312527,1
1398,completed,SambaNova,gpt-oss-120b,397,PASS,1,1,,305,87,184.8776340484619,50.829410552978516,641.560162137454,1
1399,completed,SambaNova,gpt-oss-120b,398,PASS,1,1,,307,79,339.95676040649414,191.21789932250977,524.4090174655689,1
1400,completed,SambaNova,gpt-oss-120b,399,PASS,1,1,,307,140,426.56636238098145,191.21789932250977,590.6135871618836,1
1401,completed,SambaNova,gpt-oss-120b,400,PASS,1,1,,307,143,427.11806297302246,191.21789932250977,601.9495612151153,1
1402,completed,SambaNova,gpt-oss-120b,401,PASS,1,1,,316,136,235.08501052856445,48.851966857910156,724.8982100015619,1
1403,completed,SambaNova,gpt-oss-120b,402,PASS,1,1,,317,150,261.6157531738281,49.15428161621094,701.303624170714,1
1404,completed,SambaNova,gpt-oss-120b,403,"FAIL
result mismatch (order_matters=False)
predicted: SELECT t.Name
FROM teacher t
JOIN course_arrange ca ON t.Teacher_ID = ca.Teacher_ID
JOIN course c ON ca.Course_ID = c.Course_ID
WHERE c.Course = 'math'
gold: SELECT T3.Name FROM course_arrange AS T1 JOIN course AS T2 ON T1.Course_ID  =  T2.Course_ID JOIN teacher AS T3 ON T1.Teacher_ID  =  T3.Teacher_ID WHERE T2.Course  =  ""Math""",0,1,,305,152,261.4436149597168,49.22819137573242,711.5411191601805,1
1405,completed,SambaNova,gpt-oss-120b,404,"FAIL
result mismatch (order_matters=False)
predicted: SELECT DISTINCT t.Name
FROM teacher t
JOIN course_arrange ca ON t.Teacher_ID = ca.Teacher_ID
JOIN course c ON ca.Course_ID = c.Course_ID
WHERE c.Course = 'math'
gold: SELECT T3.Name FROM course_arrange AS T1 JOIN course AS T2 ON T1.Course_ID  =  T2.Course_ID JOIN teacher AS T3 ON T1.Teacher_ID  =  T3.Teacher_ID WHERE T2.Course  =  ""Math""",0,1,,306,188,313.74120712280273,49.00193214416504,706.3553377755884,1
1406,completed,SambaNova,gpt-oss-120b,405,"FAIL
result mismatch (order_matters=False)
predicted: SELECT t.Name,
       COUNT(ca.Course_ID) AS course_count
FROM teacher t
LEFT JOIN course_arrange ca ON t.Teacher_ID = ca.Teacher_ID
GROUP BY t.Teacher_ID, t.Name
gold: SELECT T2.Name ,  COUNT(*) FROM course_arrange AS T1 JOIN teacher AS T2 ON T1.Teacher_ID  =  T2.Teacher_ID GROUP BY T2.Name",0,1,,306,167,287.7626419067383,49.52883720397949,696.7944797217843,1
1407,completed,SambaNova,gpt-oss-120b,406,"FAIL
result mismatch (order_matters=False)
predicted: SELECT t.Name,
       COUNT(ca.Course_ID) AS Course_Count
FROM teacher t
LEFT JOIN course_arrange ca ON t.Teacher_ID = ca.Teacher_ID
GROUP BY t.Teacher_ID, t.Name
gold: SELECT T2.Name ,  COUNT(*) FROM course_arrange AS T1 JOIN teacher AS T2 ON T1.Teacher_ID  =  T2.Teacher_ID GROUP BY T2.Name",0,1,,309,194,314.5265579223633,49.23534393310547,727.502419314252,1
1408,completed,SambaNova,gpt-oss-120b,407,PASS,1,1,,305,134,235.2771759033203,49.68142509460449,716.6112339343177,1
1409,completed,SambaNova,gpt-oss-120b,408,PASS,1,1,,308,172,289.2875671386719,50.75383186340332,716.8797310898835,1
1410,completed,SambaNova,gpt-oss-120b,409,PASS,1,1,,308,115,208.7843418121338,48.892974853515625,712.9840851851907,1
1411,completed,SambaNova,gpt-oss-120b,410,PASS,1,1,,308,137,236.62066459655762,50.69422721862793,731.4720914248197,1
1412,completed,SambaNova,gpt-oss-120b,411,PASS,1,1,,321,60,130.97333908081055,49.94034767150879,728.0985062243105,1
1413,completed,SambaNova,gpt-oss-120b,412,PASS,1,1,,338,117,211.74359321594238,51.27596855163574,722.8872505757373,1
1414,completed,SambaNova,gpt-oss-120b,413,PASS,1,1,,329,105,211.7929458618164,51.27596855163574,647.9065438606654,1
1415,completed,SambaNova,gpt-oss-120b,414,PASS,1,1,,339,115,209.69605445861816,49.83043670654297,713.0989239774804,1
1416,completed,SambaNova,gpt-oss-120b,415,PASS,1,1,,326,91,182.70063400268555,49.60203170776367,676.1904215986931,1
1417,completed,SambaNova,gpt-oss-120b,416,PASS,1,1,,329,105,209.72943305969238,50.023794174194336,651.198046141398,1
1418,completed,SambaNova,gpt-oss-120b,417,PASS,1,1,,326,97,182.5401782989502,48.8896369934082,718.2911424244209,1
1419,completed,SambaNova,gpt-oss-120b,418,PASS,1,1,,334,203,345.11280059814453,53.52282524108887,692.7535823295997,1
1420,completed,SambaNova,gpt-oss-120b,419,"FAIL
result mismatch (order_matters=False)
predicted: SELECT v.ID, v.Name, v.Age
FROM visitor v
WHERE EXISTS (
    SELECT 1
    FROM visit vi
    WHERE vi.visitor_ID = v.ID
    GROUP BY vi.visitor_ID, vi.Museum_ID
    HAVING COUNT(*) > 1
)
gold: SELECT t1.id ,  t1.name ,  t1.age FROM visitor AS t1 JOIN visit AS t2 ON t1.id  =  t2.visitor_id GROUP BY t1.id HAVING count(*)  >  1",0,1,,328,320,477.1106243133545,52.449941635131836,751.1879790428238,1
1421,completed,SambaNova,gpt-oss-120b,420,"FAIL
result mismatch (order_matters=True)
predicted: SELECT v.ID,
       v.Name,
       v.Level_of_membership
FROM visitor v
JOIN (
    SELECT visitor_ID,
           SUM(Total_spent) AS total_spent
    FROM visit
    GROUP BY visitor_ID
) vt ON v.ID = vt.visitor_ID
WHERE vt.total_spent = (
    SELECT MAX(total_spent)
    FROM (
        SELECT visitor_ID,
               SUM(Total_spent) AS total_spent
        FROM visit
        GROUP BY visitor_ID
    )
)
gold: SELECT t2.visitor_id ,  t1.name ,  t1.Level_of_membership FROM visitor AS t1 JOIN visit AS t2 ON t1.id  =  t2.visitor_id GROUP BY t2.visitor_id ORDER BY sum(t2.Total_spent) DESC LIMIT 1",0,1,,337,407,605.2134037017822,49.65090751647949,730.7908701320661,1
1422,completed,SambaNova,gpt-oss-120b,421,PASS,1,1,,324,229,367.6321506500244,49.83830451965332,717.4462399956786,1
1423,completed,SambaNova,gpt-oss-120b,422,PASS,1,1,,324,122,236.8643283843994,51.35083198547363,652.2436499164631,1
1424,completed,SambaNova,gpt-oss-120b,423,PASS,1,1,,327,202,342.47779846191406,50.85158348083496,689.2384486526391,1
1425,completed,SambaNova,gpt-oss-120b,424,PASS,1,1,,325,121,235.12840270996094,49.709320068359375,647.1825784617283,1
1426,completed,SambaNova,gpt-oss-120b,425,PASS,1,1,,327,178,289.77394104003906,50.26841163635254,739.0226039485983,1
1427,completed,SambaNova,gpt-oss-120b,426,PASS,1,1,,337,353,526.2718200683594,49.690961837768555,738.5944985429668,1
1428,completed,SambaNova,gpt-oss-120b,427,PASS,1,1,,328,351,527.5716781616211,50.83727836608887,734.1614117842395,1
1429,completed,SambaNova,gpt-oss-120b,428,PASS,1,1,,326,132,235.40210723876953,49.69143867492676,705.3983544029159,1
1430,completed,SambaNova,gpt-oss-120b,429,PASS,1,1,,547,40,105.02934455871582,51.041364669799805,722.3830208176928,1
1431,completed,SambaNova,gpt-oss-120b,430,PASS,1,1,,546,39,106.16326332092285,52.459001541137695,707.5788539058477,1
1432,completed,SambaNova,gpt-oss-120b,431,PASS,1,1,,547,42,131.70576095581055,51.61786079406738,511.9375076284633,1
1433,completed,SambaNova,gpt-oss-120b,432,PASS,1,1,,546,44,131.87646865844727,51.505327224731445,535.0179085793278,1
1434,completed,SambaNova,gpt-oss-120b,433,PASS,1,1,,557,67,156.47482872009277,49.852609634399414,619.0079381761425,1
1435,completed,SambaNova,gpt-oss-120b,434,PASS,1,1,,554,79,348.0713367462158,199.35131072998047,524.4754327267598,1
1436,completed,SambaNova,gpt-oss-120b,435,PASS,1,1,,552,117,405.9019088745117,199.35131072998047,561.6057326487645,1
1437,completed,SambaNova,gpt-oss-120b,436,PASS,1,1,,552,124,406.27193450927734,199.35131072998047,594.4308390022676,1
1438,completed,SambaNova,gpt-oss-120b,437,PASS,1,1,,550,92,376.77884101867676,199.35131072998047,512.8854572451743,1
1439,completed,SambaNova,gpt-oss-120b,438,PASS,1,1,,551,87,183.03275108337402,50.034523010253906,646.6251561841764,1
1440,completed,SambaNova,gpt-oss-120b,439,PASS,1,1,,550,115,211.37666702270508,51.60403251647949,713.5139277906691,1
1441,completed,SambaNova,gpt-oss-120b,440,PASS,1,1,,551,115,332.8721523284912,172.48249053955078,710.7690029923164,1
1442,completed,SambaNova,gpt-oss-120b,441,PASS,1,1,,551,72,157.66406059265137,50.59933662414551,663.1502643287564,1
1443,completed,SambaNova,gpt-oss-120b,442,PASS,1,1,,549,50,130.6159496307373,50.58908462524414,612.2943838501803,1
1444,completed,SambaNova,gpt-oss-120b,443,PASS,1,1,,549,72,156.74495697021484,50.341129302978516,667.2692285285352,1
1445,completed,SambaNova,gpt-oss-120b,444,PASS,1,1,,548,51,328.8440704345703,209.52248573303223,419.03566840036683,1
1446,completed,SambaNova,gpt-oss-120b,445,PASS,1,1,,554,148,446.17700576782227,209.52248573303223,621.1586407831545,1
1447,completed,SambaNova,gpt-oss-120b,446,PASS,1,1,,554,113,416.5506362915039,209.52248573303223,540.9892311643264,1
1448,completed,SambaNova,gpt-oss-120b,447,PASS,1,1,,558,196,315.4935836791992,50.904273986816406,736.9912269951918,1
1449,completed,SambaNova,gpt-oss-120b,448,PASS,1,1,,558,293,446.18868827819824,49.59297180175781,736.266146781104,1
1450,completed,SambaNova,gpt-oss-120b,449,PASS,1,1,,559,75,159.41858291625977,52.614688873291016,692.8586327594828,1
1451,completed,SambaNova,gpt-oss-120b,450,PASS,1,1,,554,83,184.13257598876953,50.9333610534668,615.6192440010167,1
1452,completed,SambaNova,gpt-oss-120b,451,PASS,1,1,,564,306,476.32455825805664,51.22709274291992,717.482518110049,1
1453,completed,SambaNova,gpt-oss-120b,452,PASS,1,1,,562,272,423.33292961120605,52.243709564208984,730.2825987930311,1
1454,completed,SambaNova,gpt-oss-120b,453,PASS,1,1,,552,122,236.70148849487305,50.971031188964844,651.4817319418236,1
1455,completed,SambaNova,gpt-oss-120b,454,PASS,1,1,,553,149,264.80627059936523,52.54840850830078,697.2651026537898,1
1456,completed,SambaNova,gpt-oss-120b,455,PASS,1,1,,556,77,157.74869918823242,51.22113227844238,713.4303561477052,1
1457,completed,SambaNova,gpt-oss-120b,456,"FAIL
result mismatch (order_matters=True)
predicted: SELECT first_name || ' ' || last_name AS full_name
FROM players
ORDER BY birth_date
gold: SELECT first_name ,  last_name FROM players ORDER BY birth_date",0,1,,554,95,185.0581169128418,52.111148834228516,707.0488432983035,1
1458,completed,SambaNova,gpt-oss-120b,457,PASS,1,1,,562,203,342.4496650695801,50.63438415527344,692.2187192086029,1
1459,completed,SambaNova,gpt-oss-120b,458,"FAIL
result mismatch (order_matters=True)
predicted: SELECT first_name || ' ' || last_name AS full_name
FROM players
WHERE lower(hand) IN ('l', 'left')
ORDER BY birth_date
gold: SELECT first_name ,  last_name FROM players WHERE hand  =  'L' ORDER BY birth_date",0,1,,557,194,317.1844482421875,51.950693130493164,727.660021699442,1
1460,completed,SambaNova,gpt-oss-120b,459,PASS,1,1,,558,243,394.5796489715576,50.81057548522949,703.9609396673213,1
1461,completed,SambaNova,gpt-oss-120b,460,PASS,1,1,,556,217,368.12376976013184,50.81057548522949,680.7154694389094,1
1462,completed,SambaNova,gpt-oss-120b,461,PASS,1,1,,551,132,235.42523384094238,50.07743835449219,706.7793801171847,1
1463,completed,SambaNova,gpt-oss-120b,462,PASS,1,1,,547,95,208.40907096862793,49.6523380279541,592.1008719367328,1
1464,completed,SambaNova,gpt-oss-120b,463,"FAIL
result mismatch (order_matters=True)
predicted: WITH win_counts AS (
  SELECT winner_id, COUNT(*) AS wins
  FROM matches
  GROUP BY winner_id
),
top_winner AS (
  SELECT winner_id
  FROM win_counts
  ORDER BY wins DESC, winner_id
  LIMIT 1
),
latest_rank AS (
  SELECT r.player_id, r.ranking_points
  FROM rankings r
  JOIN (
    SELECT player_id, MAX(ranking_date) AS max_date
    FROM rankings
    GROUP BY player_id
  ) mr ON r.player_id = mr.player_id AND r.ranking_date = mr.max_date
)
SELECT p.first_name || ' ' || p.last_name AS name,
       lr.ranking_points
FROM top_winner tw
JOIN players p ON p.player_id = tw.winner_id
LEFT JOIN latest_rank lr ON lr.player_id = tw.winner_id
gold: SELECT winner_name ,  winner_rank_points FROM matches GROUP BY winner_name ORDER BY count(*) DESC LIMIT 1",0,1,,555,657,921.4861392974854,49.6523380279541,752.4369886149834,1
1465,completed,SambaNova,gpt-oss-120b,464,"FAIL
predicted query error: OperationalError: interrupted
query:
SELECT 
    p.first_name || ' ' || p.last_name AS winner_name,
    r.ranking_points
FROM (
    SELECT winner_id, COUNT(*) AS wins
    FROM matches
    GROUP BY winner_id
) wc
JOIN players p ON p.player_id = wc.winner_id
JOIN rankings r ON r.player_id = wc.winner_id
WHERE r.ranking_date = (
    SELECT MAX(ranking_date)
    FROM rankings
    WHERE player_id = wc.winner_id
)
ORDER BY wc.wins DESC
LIMIT 1",0,1,,564,598,845.3354835510254,52.25563049316406,752.7615254607208,1
1466,completed,SambaNova,gpt-oss-120b,465,PASS,1,1,,561,166,316.9820308685303,52.25563049316406,623.2850209349723,1
1467,completed,SambaNova,gpt-oss-120b,466,PASS,1,1,,560,199,525.2833366394043,199.8422145843506,608.4049819816718,1
1468,completed,SambaNova,gpt-oss-120b,467,PASS,1,1,,558,118,211.78960800170898,52.00076103210449,732.2163105805256,1
1469,completed,SambaNova,gpt-oss-120b,468,PASS,1,1,,556,119,210.54315567016602,51.331520080566406,741.151860936653,1
1470,completed,SambaNova,gpt-oss-120b,469,"FAIL
result mismatch (order_matters=False)
predicted: SELECT
    p.first_name,
    AVG(r.ranking) AS average_ranking
FROM rankings r
JOIN players p ON r.player_id = p.player_id
GROUP BY p.player_id, p.first_name
gold: SELECT avg(ranking) ,  T1.first_name FROM players AS T1 JOIN rankings AS T2 ON T1.player_id  =  T2.player_id GROUP BY T1.first_name",0,1,,552,219,525.7444381713867,199.8422145843506,668.912281728512,1
1471,completed,SambaNova,gpt-oss-120b,470,"FAIL
result mismatch (order_matters=False)
predicted: SELECT
    p.first_name,
    AVG(r.ranking) AS average_ranking
FROM players p
LEFT JOIN rankings r ON p.player_id = r.player_id
GROUP BY p.player_id, p.first_name
gold: SELECT avg(ranking) ,  T1.first_name FROM players AS T1 JOIN rankings AS T2 ON T1.player_id  =  T2.player_id GROUP BY T1.first_name",0,1,,554,168,496.0775375366211,199.8422145843506,563.7410094639763,1
1472,completed,SambaNova,gpt-oss-120b,471,"FAIL
result mismatch (order_matters=False)
predicted: SELECT
    p.player_id,
    p.first_name,
    COALESCE(SUM(r.ranking_points), 0) AS total_ranking_points
FROM players p
LEFT JOIN rankings r ON p.player_id = r.player_id
GROUP BY p.player_id, p.first_name
gold: SELECT sum(ranking_points) ,  T1.first_name FROM players AS T1 JOIN rankings AS T2 ON T1.player_id  =  T2.player_id GROUP BY T1.first_name",0,1,,553,182,316.43152236938477,51.11122131347656,682.1943111012065,1
1473,completed,SambaNova,gpt-oss-120b,472,"FAIL
result mismatch (order_matters=False)
predicted: SELECT
    p.first_name,
    COALESCE(SUM(r.ranking_points), 0) AS total_ranking_points
FROM players p
LEFT JOIN rankings r ON p.player_id = r.player_id
GROUP BY p.player_id, p.first_name
gold: SELECT sum(ranking_points) ,  T1.first_name FROM players AS T1 JOIN rankings AS T2 ON T1.player_id  =  T2.player_id GROUP BY T1.first_name",0,1,,555,158,384.17744636535645,171.6136932373047,738.6019379579769,1
1474,completed,SambaNova,gpt-oss-120b,473,PASS,1,1,,549,74,273.8072872161865,167.15025901794434,684.4368461524706,1
1475,completed,SambaNova,gpt-oss-120b,474,PASS,1,1,,548,69,158.311128616333,50.17733573913574,628.8505950884805,1
1476,completed,SambaNova,gpt-oss-120b,475,PASS,1,1,,554,100,184.26036834716797,51.227569580078125,744.177382701889,1
1477,completed,SambaNova,gpt-oss-120b,476,PASS,1,1,,552,98,353.6198139190674,205.1403522491455,653.2890065000129,1
1478,completed,SambaNova,gpt-oss-120b,477,PASS,1,1,,553,70,353.14345359802246,205.1403522491455,466.20644683216005,1
1479,completed,SambaNova,gpt-oss-120b,478,PASS,1,1,,553,73,353.2094955444336,205.1403522491455,486.25931370733616,1
1480,completed,SambaNova,gpt-oss-120b,479,PASS,1,1,,551,100,187.64638900756836,53.93409729003906,740.3956564377797,1
1481,completed,SambaNova,gpt-oss-120b,480,PASS,1,1,,551,97,184.71884727478027,51.12266540527344,718.5834105182005,1
1482,completed,SambaNova,gpt-oss-120b,481,PASS,1,1,,550,71,186.9659423828125,53.93409729003906,526.1898002781481,1
1483,completed,SambaNova,gpt-oss-120b,482,PASS,1,1,,549,71,184.0987205505371,51.720380783081055,528.7874143380731,1
1484,completed,SambaNova,gpt-oss-120b,483,PASS,1,1,,555,232,368.8945770263672,51.720380783081055,728.3064093360645,1
1485,completed,SambaNova,gpt-oss-120b,484,"FAIL
result mismatch (order_matters=True)
predicted: SELECT winner_name AS name, winner_rank AS rank
FROM (
    SELECT
        winner_id,
        winner_name,
        winner_rank,
        winner_age,
        ROW_NUMBER() OVER (PARTITION BY winner_id ORDER BY winner_age ASC) AS rn
    FROM matches
) AS sub
WHERE rn = 1
ORDER BY winner_age ASC
LIMIT 3
gold: SELECT DISTINCT winner_name ,  winner_rank FROM matches ORDER BY winner_age LIMIT 3",0,1,,555,639,896.4319229125977,51.085710525512695,754.7203626765162,1
1486,completed,SambaNova,gpt-oss-120b,485,PASS,1,1,,556,256,421.3135242462158,51.085710525512695,688.7651077246453,1
1487,completed,SambaNova,gpt-oss-120b,486,PASS,1,1,,555,215,466.1729335784912,174.46255683898926,733.6043454878621,1
1488,completed,SambaNova,gpt-oss-120b,487,PASS,1,1,,563,223,570.2056884765625,185.96839904785156,577.7679733533216,1
1489,completed,SambaNova,gpt-oss-120b,488,PASS,1,1,,565,359,717.4994945526123,185.96839904785156,673.5259762366876,1
1490,completed,SambaNova,gpt-oss-120b,489,PASS,1,1,,550,74,273.5099792480469,166.75782203674316,683.8269305931199,1
1491,completed,SambaNova,gpt-oss-120b,490,PASS,1,1,,550,71,334.6385955810547,185.96839904785156,470.84083852923817,1
1492,completed,SambaNova,gpt-oss-120b,491,PASS,1,1,,363,71,335.79182624816895,187.6213550567627,472.4288141702281,1
1493,completed,SambaNova,gpt-oss-120b,492,PASS,1,1,,371,91,336.43269538879395,187.6213550567627,604.7926172776212,1
1494,completed,SambaNova,gpt-oss-120b,493,"FAIL
result mismatch (order_matters=False)
predicted: SELECT name, date, result
FROM battle
gold: SELECT name ,  date FROM battle",0,1,,364,43,306.4844608306885,187.6213550567627,353.3476575976636,1
1495,completed,SambaNova,gpt-oss-120b,494,PASS,1,1,,364,260,496.34408950805664,151.8106460571289,751.7412458012647,1
1496,completed,SambaNova,gpt-oss-120b,495,PASS,1,1,,364,106,211.50708198547363,52.1852970123291,659.043582882899,1
1497,completed,SambaNova,gpt-oss-120b,496,PASS,1,1,,371,298,449.31960105895996,52.43110656738281,748.321012380224,1
1498,completed,SambaNova,gpt-oss-120b,497,PASS,1,1,,374,63,156.95476531982422,50.611019134521484,583.0150076899278,1
1499,completed,SambaNova,gpt-oss-120b,498,PASS,1,1,,374,141,261.2426280975342,49.588680267333984,661.4570691226382,1
1500,completed,SambaNova,gpt-oss-120b,499,PASS,1,1,,374,200,315.75846672058105,50.45032501220703,750.0712142439272,1
1501,completed,Anthropic,claude-opus-4-8,0,PASS,1,1,,624,25,1721.6276249382645,1518.3162089670077,122.96407400720864,1
1502,completed,Anthropic,claude-opus-4-8,1,PASS,1,1,,625,25,1205.7948330184445,1008.3244580309838,126.60126867935251,1
1503,completed,Anthropic,claude-opus-4-8,2,PASS,1,1,,643,37,1685.4088749969378,1412.5437500188127,135.59812747402657,1
1504,completed,Anthropic,claude-opus-4-8,3,PASS,1,1,,638,37,1160.6913330033422,843.9328749664128,116.80824635055632,1
1505,completed,Anthropic,claude-opus-4-8,4,PASS,1,1,,637,49,1671.6052920091897,1306.7582920193672,134.30287216659823,1
1506,completed,Anthropic,claude-opus-4-8,5,PASS,1,1,,636,49,2838.83199992124,2480.9601668966934,136.92052706656878,1
1507,completed,Anthropic,claude-opus-4-8,6,PASS,1,1,,635,54,1928.2870000461116,1568.4770829975605,150.07924307076138,1
1508,completed,Anthropic,claude-opus-4-8,7,PASS,1,1,,636,54,3021.9724170165136,2645.6797500140965,143.50532108470009,1
1509,completed,Anthropic,claude-opus-4-8,8,PASS,1,1,,635,35,2129.2737920302898,1867.9048750782385,133.91033795507076,1
1510,completed,Anthropic,claude-opus-4-8,9,PASS,1,1,,631,35,1315.3770409990102,963.1424159742892,99.36558621272279,1
1511,completed,Anthropic,claude-opus-4-8,10,PASS,1,1,,631,36,1714.2572499578819,1399.0542920073494,114.21212616174051,1
1512,completed,Anthropic,claude-opus-4-8,11,PASS,1,1,,625,36,1752.2424169583246,1417.8548749769107,107.65951323031337,1
1513,completed,Anthropic,claude-opus-4-8,12,PASS,1,1,,628,47,1666.6022499557585,1328.6362079670653,139.06722617289583,1
1514,completed,Anthropic,claude-opus-4-8,13,PASS,1,1,,631,47,2335.8535000588745,2014.5833339774981,146.29431849608812,1
1515,completed,Anthropic,claude-opus-4-8,14,PASS,1,1,,642,47,1469.6144169429317,1164.638499962166,154.1105293339087,1
1516,completed,Anthropic,claude-opus-4-8,15,PASS,1,1,,641,47,1368.6339169507846,937.6127920113504,109.04337926964553,1
1517,completed,Anthropic,claude-opus-4-8,16,"FAIL
result mismatch (order_matters=False)
predicted: SELECT MAX(Capacity), AVG(Capacity) FROM stadium
gold: select max(capacity), average from stadium",0,1,,636,37,4616.3193749962375,4225.646000006236,94.70827133010269,1
1518,completed,Anthropic,claude-opus-4-8,17,PASS,1,1,,635,37,4152.145083993673,3920.350749976933,159.62426414326347,1
1519,completed,Anthropic,claude-opus-4-8,18,PASS,1,1,,637,44,1404.7597920289263,1092.959375004284,141.11591132516858,1
1520,completed,Anthropic,claude-opus-4-8,19,PASS,1,1,,638,44,1358.6916249478236,997.0573339378461,121.66987781251652,1
1521,completed,Anthropic,claude-opus-4-8,20,PASS,1,1,,634,44,2790.9879999933764,2445.3311670804396,127.29388170689688,1
1522,completed,Anthropic,claude-opus-4-8,21,PASS,1,1,,634,44,1159.9168330430984,697.8442500112578,95.22313509989844,1
1523,completed,Anthropic,claude-opus-4-8,22,PASS,1,1,,636,89,1909.9827089812607,1011.2690000096336,99.03042438491364,1
1524,completed,Anthropic,claude-opus-4-8,23,PASS,1,1,,630,101,1964.741291012615,1086.7205410031602,115.03144999581434,1
1525,completed,Anthropic,claude-opus-4-8,24,PASS,1,1,,643,129,5023.128916975111,3886.655875016004,113.50907169572945,1
1526,completed,Anthropic,claude-opus-4-8,25,PASS,1,1,,642,124,2424.5697089936584,1290.588125004433,109.34921849769493,1
1527,completed,Anthropic,claude-opus-4-8,26,PASS,1,1,,627,51,1689.9851660709828,1323.7361250212416,139.24951135387016,1
1528,completed,Anthropic,claude-opus-4-8,27,PASS,1,1,,628,51,2102.347792009823,1733.212332939729,138.1606636449298,1
1529,completed,Anthropic,claude-opus-4-8,28,PASS,1,1,,628,54,1598.139874986373,1132.3444579029456,115.93072413232484,1
1530,completed,Anthropic,claude-opus-4-8,29,PASS,1,1,,632,54,1850.3661670256406,1420.7815419649705,125.70282279626186,1
1531,completed,Anthropic,claude-opus-4-8,30,PASS,1,1,,640,57,1694.6856250287965,1146.619249950163,104.00200156745971,1
1532,completed,Anthropic,claude-opus-4-8,31,PASS,1,1,,641,64,1565.5761250527576,1004.8065830487758,114.1288804154516,1
1533,completed,Anthropic,claude-opus-4-8,32,PASS,1,1,,638,64,2127.435875008814,1718.0482080439106,156.3310406355907,1
1534,completed,Anthropic,claude-opus-4-8,33,PASS,1,1,,639,116,2253.587207989767,1302.0667500095442,121.9101481498688,1
1535,completed,Anthropic,claude-opus-4-8,34,PASS,1,1,,635,99,2641.8104589683935,1809.2445000074804,118.90949772142653,1
1536,completed,Anthropic,claude-opus-4-8,35,"FAIL
result mismatch (order_matters=False)
predicted: SELECT T1.Name, COUNT(T2.concert_ID)
FROM singer AS T1
LEFT JOIN singer_in_concert AS T2 ON T1.Singer_ID = T2.Singer_ID
GROUP BY T1.Singer_ID
gold: SELECT T2.name ,  count(*) FROM singer_in_concert AS T1 JOIN singer AS T2 ON T1.singer_id  =  T2.singer_id GROUP BY T2.singer_id",0,1,,631,101,1624.7770830523223,673.2013750588521,106.13974185298673,1
1537,completed,Anthropic,claude-opus-4-8,36,"FAIL
result mismatch (order_matters=False)
predicted: SELECT T1.Name, COUNT(T2.concert_ID)
FROM singer AS T1
LEFT JOIN singer_in_concert AS T2 ON T1.Singer_ID = T2.Singer_ID
GROUP BY T1.Singer_ID
gold: SELECT T2.name ,  count(*) FROM singer_in_concert AS T1 JOIN singer AS T2 ON T1.singer_id  =  T2.singer_id GROUP BY T2.singer_id",0,1,,634,101,2690.000499947928,1790.088832960464,112.23323766665531,1
1538,completed,Anthropic,claude-opus-4-8,37,"FAIL
result mismatch (order_matters=False)
predicted: SELECT DISTINCT s.Name
FROM singer s
JOIN singer_in_concert sic ON s.Singer_ID = sic.Singer_ID
JOIN concert c ON sic.concert_ID = c.concert_ID
WHERE c.Year = '2014'
gold: SELECT T2.name FROM singer_in_concert AS T1 JOIN singer AS T2 ON T1.singer_id  =  T2.singer_id JOIN concert AS T3 ON T1.concert_id  =  T3.concert_id WHERE T3.year  =  2014",0,1,,631,103,1978.7196249235421,1256.0361669166014,142.52436368760883,1
1539,completed,Anthropic,claude-opus-4-8,38,"FAIL
result mismatch (order_matters=False)
predicted: SELECT DISTINCT s.Name
FROM singer s
JOIN singer_in_concert sic ON s.Singer_ID = sic.Singer_ID
JOIN concert c ON sic.concert_ID = c.concert_ID
WHERE c.Year = '2014'
gold: SELECT T2.name FROM singer_in_concert AS T1 JOIN singer AS T2 ON T1.singer_id  =  T2.singer_id JOIN concert AS T3 ON T1.concert_id  =  T3.concert_id WHERE T3.year  =  2014",0,1,,636,103,2543.1027080630884,1791.691750055179,137.0754563828384,1
1540,completed,Anthropic,claude-opus-4-8,39,PASS,1,1,,642,42,4190.6065829098225,3762.8562909085304,98.18812701096445,1
1541,completed,Anthropic,claude-opus-4-8,40,PASS,1,1,,646,42,1804.9431670224294,1469.9958330020308,125.39284757358949,1
1542,completed,Anthropic,claude-opus-4-8,41,PASS,1,1,,649,167,4130.4614580003545,2654.7359159449115,113.16467408119566,1
1543,completed,Anthropic,claude-opus-4-8,42,PASS,1,1,,649,162,4943.270332994871,3510.3700830368325,113.05741624704447,1
1544,completed,Anthropic,claude-opus-4-8,43,PASS,1,1,,639,75,1808.9936670148745,1270.2574589056894,139.21470075907695,1
1545,completed,Anthropic,claude-opus-4-8,44,PASS,1,1,,642,75,3878.230541013181,3284.688208019361,126.35998450472928,1
1546,completed,Anthropic,claude-opus-4-8,45,PASS,1,1,,435,35,1434.6935839857906,1186.7207089671865,141.14446992387428,1
1547,completed,Anthropic,claude-opus-4-8,46,PASS,1,1,,430,35,1506.658750004135,1199.6513330377638,114.00376038417927,1
1548,completed,Anthropic,claude-opus-4-8,47,PASS,1,1,,429,54,1507.8891250304878,970.1907500857487,100.4280513318452,1
1549,completed,Anthropic,claude-opus-4-8,48,PASS,1,1,,429,54,1373.3410419663414,935.5093750637025,123.33507163155475,1
1550,completed,Anthropic,claude-opus-4-8,49,PASS,1,1,,443,38,1307.6209170976654,956.8620000500232,108.33651876864077,1
1551,completed,Anthropic,claude-opus-4-8,50,PASS,1,1,,432,38,1783.0482500139624,1475.08112504147,123.38979364565016,1
1552,completed,Anthropic,claude-opus-4-8,51,PASS,1,1,,433,66,1522.1730830380693,927.6446660514921,111.01235553134224,1
1553,completed,Anthropic,claude-opus-4-8,52,PASS,1,1,,435,66,2815.9044170752168,2331.2950000399724,136.19215326804098,1
1554,completed,Anthropic,claude-opus-4-8,53,PASS,1,1,,438,104,3034.8669580416754,2239.433165988885,130.7462683117916,1
1555,completed,Anthropic,claude-opus-4-8,54,PASS,1,1,,429,104,1656.736750039272,775.6381670478731,118.034465163832,1
1556,completed,Anthropic,claude-opus-4-8,55,PASS,1,1,,429,34,1558.7722909403965,1224.1941249230877,101.62049844651568,1
1557,completed,Anthropic,claude-opus-4-8,56,PASS,1,1,,426,34,3283.0387910362333,3028.7116250256076,133.68607268080632,1
1558,completed,Anthropic,claude-opus-4-8,57,PASS,1,1,,433,118,2407.7233750140294,1513.5735410731286,131.96893352864979,1
1559,completed,Anthropic,claude-opus-4-8,58,PASS,1,1,,437,106,1669.4618340115994,822.2080420237035,125.11009216175256,1
1560,completed,Anthropic,claude-opus-4-8,59,PASS,1,1,,434,200,3381.3651660457253,1704.41083307378,119.26383209586537,1
1561,completed,Anthropic,claude-opus-4-8,60,PASS,1,1,,436,200,2864.841040922329,1256.3303329516202,124.33861895288176,1
1562,completed,Anthropic,claude-opus-4-8,61,PASS,1,1,,434,110,1755.4460000246763,789.1469580354169,113.83639558779845,1
1563,completed,Anthropic,claude-opus-4-8,62,PASS,1,1,,440,110,2818.972667097114,1977.7556670596823,130.76293036767603,1
1564,completed,Anthropic,claude-opus-4-8,63,PASS,1,1,,432,96,1765.4240420088172,780.8002919191495,97.49917162901816,1
1565,completed,Anthropic,claude-opus-4-8,64,PASS,1,1,,434,96,3110.3395000100136,2100.368667044677,95.05224989333412,1
1566,completed,Anthropic,claude-opus-4-8,65,PASS,1,1,,442,229,3231.366042047739,1304.625584045425,118.85357939565567,1
1567,completed,Anthropic,claude-opus-4-8,66,"FAIL
result mismatch (order_matters=False)
predicted: SELECT DISTINCT T1.Fname
FROM Student T1
JOIN Has_Pet T2 ON T1.StuID = T2.StuID
JOIN Pets T3 ON T2.PetID = T3.PetID
WHERE T3.PetType = 'dog'
AND T1.StuID NOT IN (
  SELECT T1.StuID
  FROM Student T1
  JOIN Has_Pet T2 ON T1.StuID = T2.StuID
  JOIN Pets T3 ON T2.PetID = T3.PetID
  WHERE T3.PetType = 'cat'
)
gold: SELECT T1.fname ,  T1.age FROM student AS T1 JOIN has_pet AS T2 ON T1.stuid  =  T2.stuid JOIN pets AS T3 ON T3.petid  =  T2.petid WHERE T3.pettype  =  'dog' AND T1.stuid NOT IN (SELECT T1.stuid FROM student AS T1 JOIN has_pet AS T2 ON T1.stuid  =  T2.stuid JOIN pets AS T3 ON T3.petid  =  T2.petid WHERE T3.pettype  =  'cat')",0,1,,437,217,3098.430250072852,1315.284459036775,121.69504091637656,1
1568,completed,Anthropic,claude-opus-4-8,67,PASS,1,1,,431,45,2009.8946249345317,1674.8076250078157,134.2934820206142,1
1569,completed,Anthropic,claude-opus-4-8,68,PASS,1,1,,438,45,1518.2236670516431,1330.9251250466332,240.25814359407195,1
1570,completed,Anthropic,claude-opus-4-8,69,PASS,1,1,,436,36,2339.287417009473,2094.7645420674235,147.22548967466463,1
1571,completed,Anthropic,claude-opus-4-8,70,PASS,1,1,,434,36,2472.338916035369,2235.459749936126,151.97621890021955,1
1572,completed,Anthropic,claude-opus-4-8,71,PASS,1,1,,432,50,1612.1069999644533,1174.306666944176,114.20731376575765,1
1573,completed,Anthropic,claude-opus-4-8,72,PASS,1,1,,431,50,1689.8456250783056,1343.3447920251638,144.2997973754702,1
1574,completed,Anthropic,claude-opus-4-8,73,PASS,1,1,,428,39,1485.080667072907,1233.0078340601176,154.71718841681462,1
1575,completed,Anthropic,claude-opus-4-8,74,PASS,1,1,,429,39,1551.110666943714,1251.466624904424,130.15443168693548,1
1576,completed,Anthropic,claude-opus-4-8,75,PASS,1,1,,431,71,1722.5288749905303,1172.875624964945,129.17234637782107,1
1577,completed,Anthropic,claude-opus-4-8,76,PASS,1,1,,434,71,2878.191666910425,2327.6935829780996,128.97410921547964,1
1578,completed,Anthropic,claude-opus-4-8,77,PASS,1,1,,441,74,1847.2851250553504,686.1214579548687,63.729172808846066,1
1579,completed,Anthropic,claude-opus-4-8,78,PASS,1,1,,441,74,1865.7769589917734,1208.251041942276,112.54309234236528,1
1580,completed,Anthropic,claude-opus-4-8,79,PASS,1,1,,435,79,2043.000040925108,1308.5118749877438,107.55789359680028,1
1581,completed,Anthropic,claude-opus-4-8,80,PASS,1,1,,442,80,2556.748125003651,1802.4562919745222,106.05974570708447,1
1582,completed,Anthropic,claude-opus-4-8,81,PASS,1,1,,434,95,2363.230000017211,1413.8582079904154,100.06617091201576,1
1583,completed,Anthropic,claude-opus-4-8,82,PASS,1,1,,437,95,1798.463833052665,948.218583012931,111.73246777392808,1
1584,completed,Anthropic,claude-opus-4-8,83,PASS,1,1,,435,107,2419.2683330038562,1533.3734169835225,120.78181967752036,1
1585,completed,Anthropic,claude-opus-4-8,84,PASS,1,1,,437,110,1950.0070420326665,895.2251669252291,104.28696453358727,1
1586,completed,Anthropic,claude-opus-4-8,85,PASS,1,1,,431,54,2128.90808400698,1809.9197919946164,169.28520999732183,1
1587,completed,Anthropic,claude-opus-4-8,86,PASS,1,1,,433,54,1892.2302920836955,1522.8372090496123,146.18573676707834,1
1588,completed,Anthropic,claude-opus-4-8,87,PASS,1,1,,728,25,1477.9339579399675,1288.8630829984322,132.22554773563368,1
1589,completed,Anthropic,claude-opus-4-8,88,PASS,1,1,,729,25,1626.7007919959724,1436.9107920210809,131.72453766429948,1
1590,completed,Anthropic,claude-opus-4-8,89,PASS,1,1,,747,87,2260.3898339439183,1433.1039999378845,105.1631690327789,1
1591,completed,Anthropic,claude-opus-4-8,90,PASS,1,1,,740,87,2201.4472499722615,1470.0596659677103,118.95197827074219,1
1592,completed,Anthropic,claude-opus-4-8,91,PASS,1,1,,729,25,929.8294160980731,679.0786660276353,99.70059907289334,1
1593,completed,Anthropic,claude-opus-4-8,92,PASS,1,1,,728,25,945.3859169734642,660.217999946326,87.66764599827287,1
1594,completed,Anthropic,claude-opus-4-8,93,PASS,1,1,,743,92,2470.736291958019,1647.9158339789137,111.81054032851506,1
1595,completed,Anthropic,claude-opus-4-8,94,PASS,1,1,,744,92,4382.476625032723,3488.82104200311,102.94793849785798,1
1596,completed,Anthropic,claude-opus-4-8,95,"FAIL
result mismatch (order_matters=True)
predicted: SELECT T1.Model FROM car_names AS T1 JOIN cars_data AS T2 ON T1.MakeId = T2.Id ORDER BY T2.Horsepower + 0 ASC LIMIT 1
gold: SELECT T1.Model FROM CAR_NAMES AS T1 JOIN CARS_DATA AS T2 ON T1.MakeId  =  T2.Id ORDER BY T2.horsepower ASC LIMIT 1;",0,1,,737,85,4192.4649169668555,3421.2223750073463,110.21176267590093,1
1597,completed,Anthropic,claude-opus-4-8,96,PASS,1,1,,741,81,2100.0871249707416,1341.2587080383673,106.74349852032309,1
1598,completed,Anthropic,claude-opus-4-8,97,PASS,1,1,,739,88,1760.876249987632,993.4670829679817,114.67155173785756,1
1599,completed,Anthropic,claude-opus-4-8,98,PASS,1,1,,739,88,1525.94175003469,690.9351659705862,105.38839055818057,1
1600,completed,Anthropic,claude-opus-4-8,99,"FAIL
result mismatch (order_matters=False)
predicted: SELECT DISTINCT cm.FullName
FROM car_makers cm
JOIN model_list ml ON cm.Id = ml.Maker
JOIN car_names cn ON ml.Model = cn.Model
JOIN cars_data cd ON cn.MakeId = cd.Id
WHERE cd.Year = 1970
gold: SELECT DISTINCT T1.Maker FROM CAR_MAKERS AS T1 JOIN MODEL_LIST AS T2 ON T1.Id  =  T2.Maker JOIN CAR_NAMES AS T3 ON T2.model  =  T3.model JOIN CARS_DATA AS T4 ON T3.MakeId  =  T4.id WHERE T4.year  =  '1970';",0,1,,743,122,4730.5963329272345,3769.5398329524323,126.94362922804092,1
1601,completed,Anthropic,claude-opus-4-8,100,PASS,1,1,,741,122,2287.5258330022916,1391.644083079882,136.1786865404571,1
1602,completed,Anthropic,claude-opus-4-8,101,PASS,1,1,,743,86,1953.206832986325,1242.9809999885038,121.088245462713,1
1603,completed,Anthropic,claude-opus-4-8,102,"FAIL
result mismatch (order_matters=False)
predicted: SELECT cm.Maker, cd.Year
FROM cars_data cd
JOIN car_names cn ON cd.Id = cn.MakeId
JOIN model_list ml ON cn.Model = ml.Model
JOIN car_makers cm ON ml.Maker = cm.Id
WHERE cd.Year = (SELECT MIN(Year) FROM cars_data)
gold: SELECT T2.Make ,  T1.Year FROM CARS_DATA AS T1 JOIN CAR_NAMES AS T2 ON T1.Id  =  T2.MakeId WHERE T1.Year  =  (SELECT min(YEAR) FROM CARS_DATA);",0,1,,744,138,2292.4111670581624,980.5181249976158,105.19150233714785,1
1604,completed,Anthropic,claude-opus-4-8,103,PASS,1,1,,737,73,2579.88629094325,2040.2633328922093,135.2796409249423,1
1605,completed,Anthropic,claude-opus-4-8,104,PASS,1,1,,737,98,2014.8697089171037,1125.8052919292822,110.2282333287245,1
1606,completed,Anthropic,claude-opus-4-8,105,PASS,1,1,,742,101,3473.6069589853287,2511.8522089906037,105.01637761659505,1
1607,completed,Anthropic,claude-opus-4-8,106,PASS,1,1,,741,101,5654.338082997128,4773.501874995418,114.66376958904927,1
1608,completed,Anthropic,claude-opus-4-8,107,PASS,1,1,,739,96,2186.1517500365153,1309.6398749621585,109.52504207870095,1
1609,completed,Anthropic,claude-opus-4-8,108,PASS,1,1,,735,94,1901.36345801875,1059.8268329631537,111.70042657833208,1
1610,completed,Anthropic,claude-opus-4-8,109,PASS,1,1,,746,79,1867.9163749329746,1112.498207949102,104.57783973533505,1
1611,completed,Anthropic,claude-opus-4-8,110,PASS,1,1,,749,89,1736.1138340784237,814.0563339693472,96.5232645355323,1
1612,completed,Anthropic,claude-opus-4-8,111,PASS,1,1,,746,87,3409.7102920059115,2592.986833071336,106.52320445587843,1
1613,completed,Anthropic,claude-opus-4-8,112,PASS,1,1,,747,85,3097.9076250223443,2330.453166970983,110.75575769775705,1
1614,completed,Anthropic,claude-opus-4-8,113,PASS,1,1,,731,68,3947.569999960251,3406.078333966434,125.57903338216185,1
1615,completed,Anthropic,claude-opus-4-8,114,"FAIL
result mismatch (order_matters=False)
predicted: SELECT COUNT(*) FROM car_makers cm JOIN countries c ON cm.Country = c.CountryId WHERE c.CountryName = 'France'
gold: SELECT count(*) FROM CAR_MAKERS AS T1 JOIN COUNTRIES AS T2 ON T1.Country  =  T2.CountryId WHERE T2.CountryName  =  'france';",0,1,,733,64,3033.529374981299,2644.2655839491636,164.41292890433908,1
1616,completed,Anthropic,claude-opus-4-8,115,PASS,1,1,,733,100,3073.3761669835076,2252.518416964449,121.82378737080597,1
1617,completed,Anthropic,claude-opus-4-8,116,PASS,1,1,,736,98,2427.2041670046747,1594.604584039189,117.70363810530812,1
1618,completed,Anthropic,claude-opus-4-8,117,PASS,1,1,,749,40,1362.1305000269786,1106.5759171033278,156.52233484676094,1
1619,completed,Anthropic,claude-opus-4-8,118,PASS,1,1,,745,40,1377.3801670176908,1044.095249962993,120.01743239234347,1
1620,completed,Anthropic,claude-opus-4-8,119,PASS,1,1,,749,49,1084.6961250063032,712.7922090003267,131.75446100764523,1
1621,completed,Anthropic,claude-opus-4-8,120,PASS,1,1,,749,49,1541.5870830183849,1076.8537080148235,105.43680018596577,1
1622,completed,Anthropic,claude-opus-4-8,121,PASS,1,1,,730,25,884.9982090760022,693.9628340769559,130.86581477448772,1
1623,completed,Anthropic,claude-opus-4-8,122,PASS,1,1,,729,25,1455.4655840620399,1262.5504171010107,129.59064024784664,1
1624,completed,Anthropic,claude-opus-4-8,123,PASS,1,1,,739,97,1867.8667499916628,951.3574169250205,105.83634721474988,1
1625,completed,Anthropic,claude-opus-4-8,124,PASS,1,1,,740,97,1885.5189579771832,1103.0843750340864,123.97202541219272,1
1626,completed,Anthropic,claude-opus-4-8,125,PASS,1,1,,739,39,1780.6437499821186,1525.9113329229876,153.10183309314314,1
1627,completed,Anthropic,claude-opus-4-8,126,PASS,1,1,,740,39,1537.5399579061195,1263.2047079969198,142.16182576941287,1
1628,completed,Anthropic,claude-opus-4-8,127,PASS,1,1,,733,38,1113.501665997319,722.5860829930753,97.20768793089398,1
1629,completed,Anthropic,claude-opus-4-8,128,PASS,1,1,,733,38,1026.5100420219824,715.6045000301674,122.2236173615728,1
1630,completed,Anthropic,claude-opus-4-8,129,PASS,1,1,,741,121,2225.03291699104,1078.3601669827476,105.52269599074798,1
1631,completed,Anthropic,claude-opus-4-8,130,PASS,1,1,,742,128,1879.8394169425592,799.1676250239834,118.44484232604479,1
1632,completed,Anthropic,claude-opus-4-8,131,PASS,1,1,,747,109,2131.6400829236954,1177.3812499595806,114.22477448956343,1
1633,completed,Anthropic,claude-opus-4-8,132,"FAIL
result mismatch (order_matters=True)
predicted: SELECT T2.Make, T1.Horsepower
FROM cars_data AS T1
JOIN car_names AS T2 ON T1.Id = T2.MakeId
WHERE T1.Cylinders = 3
ORDER BY T1.Horsepower * 1 DESC
LIMIT 1
gold: SELECT T2.horsepower ,  T1.Make FROM CAR_NAMES AS T1 JOIN CARS_DATA AS T2 ON T1.MakeId  =  T2.Id WHERE T2.cylinders  =  3 ORDER BY T2.horsepower DESC LIMIT 1;",0,1,,750,113,1762.8167499788105,664.1877080546692,102.85546411743454,1
1634,completed,Anthropic,claude-opus-4-8,133,PASS,1,1,,750,79,2904.3371670413762,2089.8872499819845,96.99798397086597,1
1635,completed,Anthropic,claude-opus-4-8,134,"FAIL
result mismatch (order_matters=True)
predicted: SELECT T1.Model
FROM car_names AS T1
JOIN cars_data AS T2 ON T1.MakeId = T2.Id
ORDER BY CAST(T2.MPG AS REAL) DESC
LIMIT 1
gold: select t1.model from car_names as t1 join cars_data as t2 on t1.makeid  =  t2.id order by t2.mpg desc limit 1;",0,1,,735,92,1741.8457920430228,810.1536249741912,98.74506113906527,1
1636,completed,Anthropic,claude-opus-4-8,135,PASS,1,1,,738,40,1347.6810419233516,1099.7623750008643,161.34323605614637,1
1637,completed,Anthropic,claude-opus-4-8,136,PASS,1,1,,742,40,2506.5360829466954,2255.1600829465315,159.1241805103666,1
1638,completed,Anthropic,claude-opus-4-8,137,PASS,1,1,,738,81,1579.7407500213012,695.6647080369294,91.62107799934236,1
1639,completed,Anthropic,claude-opus-4-8,138,PASS,1,1,,734,80,1986.9480419438332,1168.9785839989781,97.8031627256593,1
1640,completed,Anthropic,claude-opus-4-8,139,PASS,1,1,,740,47,2766.9691250193864,2438.674416975118,143.16405000857458,1
1641,completed,Anthropic,claude-opus-4-8,140,PASS,1,1,,740,47,2843.0189999053255,2536.4903749432415,153.32988886703046,1
1642,completed,Anthropic,claude-opus-4-8,141,PASS,1,1,,735,52,1625.0589999835938,1035.9494580188766,88.26881300645164,1
1643,completed,Anthropic,claude-opus-4-8,142,PASS,1,1,,730,52,2146.8214580090716,1735.3330829646438,126.37052017419845,1
1644,completed,Anthropic,claude-opus-4-8,143,PASS,1,1,,736,39,2168.468500021845,1896.2013330310583,143.24165646208718,1
1645,completed,Anthropic,claude-opus-4-8,144,PASS,1,1,,739,39,1975.3174579236656,1721.9998749205843,153.9569402867925,1
1646,completed,Anthropic,claude-opus-4-8,145,PASS,1,1,,733,37,2328.7979169981554,1660.3725000750273,55.353969288476605,1
1647,completed,Anthropic,claude-opus-4-8,146,PASS,1,1,,733,37,1336.8140830425546,1088.061249931343,148.7420245117697,1
1648,completed,Anthropic,claude-opus-4-8,147,PASS,1,1,,742,77,2412.296374910511,1753.786874935031,116.93073524811278,1
1649,completed,Anthropic,claude-opus-4-8,148,PASS,1,1,,741,77,3610.899957944639,2980.6095419917256,122.16590646327133,1
1650,completed,Anthropic,claude-opus-4-8,149,PASS,1,1,,742,93,3871.8422080855817,3089.4560411106795,118.86713227508189,1
1651,completed,Anthropic,claude-opus-4-8,150,PASS,1,1,,740,100,3299.743374926038,2467.3226659651846,120.13156198965099,1
1652,completed,Anthropic,claude-opus-4-8,151,PASS,1,1,,752,138,1767.0485420385376,646.8461250187829,123.1920212841019,1
1653,completed,Anthropic,claude-opus-4-8,152,"FAIL
result mismatch (order_matters=False)
predicted: SELECT DISTINCT T1.Model
FROM model_list AS T1
JOIN car_makers AS T2 ON T1.Maker = T2.Id
WHERE T2.FullName = 'General Motors'
UNION
SELECT DISTINCT T3.Model
FROM car_names AS T3
JOIN cars_data AS T4 ON T3.MakeId = T4.Id
WHERE T4.Weight > 3500
gold: SELECT DISTINCT T2.Model FROM CAR_NAMES AS T1 JOIN MODEL_LIST AS T2 ON T1.Model  =  T2.Model JOIN CAR_MAKERS AS T3 ON T2.Maker  =  T3.Id JOIN CARS_DATA AS T4 ON T1.MakeId  =  T4.Id WHERE T3.FullName  =  'General Motors' OR T4.weight  >  3500;",0,1,,747,157,2189.486707909964,800.5017079412937,113.03217817581994,1
1654,completed,Anthropic,claude-opus-4-8,153,PASS,1,1,,749,50,2494.5682079996914,2139.1466659260914,140.6780233642847,1
1655,completed,Anthropic,claude-opus-4-8,154,PASS,1,1,,760,76,2569.7437080089003,1835.0250830408186,103.44096014076362,1
1656,completed,Anthropic,claude-opus-4-8,155,PASS,1,1,,740,46,1214.759457972832,831.2230410519987,119.93645966999523,1
1657,completed,Anthropic,claude-opus-4-8,156,PASS,1,1,,741,46,2738.2842910010368,2001.3209159951657,62.418298602197886,1
1658,completed,Anthropic,claude-opus-4-8,157,PASS,1,1,,745,99,1660.0503330118954,826.2824160046875,118.73807804377792,1
1659,completed,Anthropic,claude-opus-4-8,158,PASS,1,1,,745,103,1882.2763749631122,1030.496749910526,120.92329632050203,1
1660,completed,Anthropic,claude-opus-4-8,159,"FAIL
result mismatch (order_matters=True)
predicted: SELECT COUNT(*) FROM cars_data
WHERE Accelerate > (
  SELECT Accelerate FROM cars_data
  WHERE Horsepower != 'null'
  ORDER BY Horsepower + 0 DESC
  LIMIT 1
)
gold: SELECT COUNT(*) FROM CARS_DATA WHERE Accelerate  >  ( SELECT Accelerate FROM CARS_DATA ORDER BY Horsepower DESC LIMIT 1 );",0,1,,745,103,1920.229582930915,1088.83312495891,123.8879466136338,1
1661,completed,Anthropic,claude-opus-4-8,160,PASS,1,1,,747,75,1990.520750056021,1447.7758751017973,138.18647298387788,1
1662,completed,Anthropic,claude-opus-4-8,161,"FAIL
result mismatch (order_matters=False)
predicted: SELECT COUNT(*) FROM (
  SELECT Country FROM car_makers GROUP BY Country HAVING COUNT(*) > 2
)
gold: select count(*) from countries as t1 join car_makers as t2 on t1.countryid  =  t2.country group by t1.countryid having count(*)  >  2",0,1,,736,62,1526.067917002365,1010.6266250368208,120.28527975237289,1
1663,completed,Anthropic,claude-opus-4-8,162,"FAIL
result mismatch (order_matters=False)
predicted: SELECT COUNT(*) FROM (
  SELECT Country FROM car_makers GROUP BY Country HAVING COUNT(*) > 2
)
gold: select count(*) from countries as t1 join car_makers as t2 on t1.countryid  =  t2.country group by t1.countryid having count(*)  >  2",0,1,,739,62,1577.9777499847114,987.2632500482723,104.95764029268149,1
1664,completed,Anthropic,claude-opus-4-8,163,PASS,1,1,,735,39,1635.8297920087352,1379.47820906993,152.13481248255002,1
1665,completed,Anthropic,claude-opus-4-8,164,PASS,1,1,,740,39,2064.9860410485417,1810.3729160502553,153.17356479663994,1
1666,completed,Anthropic,claude-opus-4-8,165,"FAIL
result mismatch (order_matters=True)
predicted: SELECT cn.Model
FROM cars_data cd
JOIN car_names cn ON cd.Id = cn.MakeId
WHERE cd.Cylinders = 4
ORDER BY CAST(cd.Horsepower AS INTEGER) DESC
LIMIT 1
gold: SELECT T1.Model FROM CAR_NAMES AS T1 JOIN CARS_DATA AS T2 ON T1.MakeId  =  T2.Id WHERE T2.Cylinders  =  4 ORDER BY T2.horsepower DESC LIMIT 1;",0,1,,745,107,2014.2737089190632,1146.774208988063,123.34301058215094,1
1667,completed,Anthropic,claude-opus-4-8,166,"FAIL
result mismatch (order_matters=True)
predicted: SELECT cn.Model
FROM cars_data cd
JOIN car_names cn ON cd.Id = cn.MakeId
WHERE cd.Cylinders = 4
ORDER BY cd.Horsepower + 0 DESC
LIMIT 1
gold: SELECT T1.Model FROM CAR_NAMES AS T1 JOIN CARS_DATA AS T2 ON T1.MakeId  =  T2.Id WHERE T2.Cylinders  =  4 ORDER BY T2.horsepower DESC LIMIT 1;",0,1,,745,99,2577.744291978888,1596.1779589997604,100.85920500097792,1
1668,completed,Anthropic,claude-opus-4-8,167,PASS,1,1,,763,118,2574.2532910080627,1557.998124975711,116.11257088187199,1
1669,completed,Anthropic,claude-opus-4-8,168,PASS,1,1,,762,117,2098.5697919968516,932.1409170515835,100.30615883500822,1
1670,completed,Anthropic,claude-opus-4-8,169,PASS,1,1,,754,49,2363.09583298862,1743.3440829627216,79.06391550802783,1
1671,completed,Anthropic,claude-opus-4-8,170,PASS,1,1,,755,49,2444.670957978815,2082.6203329488635,135.34018894718488,1
1672,completed,Anthropic,claude-opus-4-8,171,PASS,1,1,,750,147,2340.936916996725,1156.8977090064436,124.1512941530958,1
1673,completed,Anthropic,claude-opus-4-8,172,PASS,1,1,,753,147,2251.7165830358863,1130.2882499294356,131.08283040504037,1
1674,completed,Anthropic,claude-opus-4-8,173,PASS,1,1,,739,49,1654.2657079407945,1244.4635409628972,119.56988993336098,1
1675,completed,Anthropic,claude-opus-4-8,174,PASS,1,1,,735,49,1803.019208018668,1235.8800410293043,86.3985470446603,1
1676,completed,Anthropic,claude-opus-4-8,175,"FAIL
result mismatch (order_matters=False)
predicted: SELECT T1.Id, T1.Maker
FROM car_makers AS T1
JOIN model_list AS T2 ON T1.Id = T2.Maker
GROUP BY T1.Id, T1.Maker
HAVING COUNT(DISTINCT T2.Model) >= 2 AND COUNT(*) > 3
gold: select t1.id ,  t1.maker from car_makers as t1 join model_list as t2 on t1.id  =  t2.maker group by t1.id having count(*)  >=  2 intersect select t1.id ,  t1.maker from car_makers as t1 join model_list as t2 on t1.id  =  t2.maker join car_names as t3 on t2.model  =  t3.model group by t1.id having count(*)  >  3;",0,1,,756,122,2129.4157080119476,931.340292096138,101.8299836381695,1
1677,completed,Anthropic,claude-opus-4-8,176,"FAIL
result mismatch (order_matters=False)
predicted: SELECT cm.Id, cm.Maker
FROM car_makers cm
JOIN model_list ml ON cm.Id = ml.Maker
JOIN car_names cn ON ml.Model = cn.Model
GROUP BY cm.Id, cm.Maker
HAVING COUNT(DISTINCT ml.Model) >= 2 AND COUNT(cn.MakeId) > 3
gold: SELECT T1.Id ,  T1.Maker FROM CAR_MAKERS AS T1 JOIN MODEL_LIST AS T2 ON T1.Id  =  T2.Maker GROUP BY T1.Id HAVING count(*)  >=  2 INTERSECT SELECT T1.Id ,  T1.Maker FROM CAR_MAKERS AS T1 JOIN MODEL_LIST AS T2 ON T1.Id  =  T2.Maker JOIN CAR_NAMES AS T3 ON T2.model  =  T3.model GROUP BY T1.Id HAVING count(*)  >  3;",0,1,,753,146,2271.12416701857,1046.2754999753088,119.19839889481084,1
1678,completed,Anthropic,claude-opus-4-8,177,PASS,1,1,,753,187,2363.795208046213,940.0872080586851,131.34715826675006,1
1679,completed,Anthropic,claude-opus-4-8,178,PASS,1,1,,752,187,2570.3982919221744,1090.1313329814002,126.32856450015643,1
1680,completed,Anthropic,claude-opus-4-8,179,PASS,1,1,,466,39,1740.5760829569772,1489.8090409114957,155.5228298020383,1
1681,completed,Anthropic,claude-opus-4-8,180,PASS,1,1,,462,39,1479.2327919276431,1218.2807079516351,149.45272482892173,1
1682,completed,Anthropic,claude-opus-4-8,181,PASS,1,1,,468,43,1267.4990000668913,860.7092080637813,105.70570069681406,1
1683,completed,Anthropic,claude-opus-4-8,182,"FAIL
result mismatch (order_matters=False)
predicted: SELECT Abbreviation FROM airlines WHERE Airline = 'Jetblue Airways'
gold: SELECT Abbreviation FROM AIRLINES WHERE Airline  =  ""JetBlue Airways""",0,1,,466,43,1246.7954580206424,899.5453329989687,123.83004900953208,1
1684,completed,Anthropic,claude-opus-4-8,183,PASS,1,1,,462,40,1768.4219590155408,1473.4472919953987,135.60486534007558,1
1685,completed,Anthropic,claude-opus-4-8,184,PASS,1,1,,466,40,1966.644125059247,1656.490416964516,128.96831137605716,1
1686,completed,Anthropic,claude-opus-4-8,185,PASS,1,1,,461,40,1124.9442499829456,814.7951250430197,128.97021717455357,1
1687,completed,Anthropic,claude-opus-4-8,186,PASS,1,1,,467,40,1297.7516250684857,970.1687500346452,122.1065050969708,1
1688,completed,Anthropic,claude-opus-4-8,187,PASS,1,1,,454,26,1312.5602499349043,1133.4065420087427,145.12677577801477,1
1689,completed,Anthropic,claude-opus-4-8,188,PASS,1,1,,455,26,1315.8819579984993,1162.9741670330986,170.0371173754199,1
1690,completed,Anthropic,claude-opus-4-8,189,PASS,1,1,,453,25,1027.6423749746755,870.2486669644713,158.83735325924974,1
1691,completed,Anthropic,claude-opus-4-8,190,PASS,1,1,,454,25,1386.5531251067296,1205.2615840220824,137.89942901046444,1
1692,completed,Anthropic,claude-opus-4-8,191,PASS,1,1,,453,25,1328.262959024869,1092.1372920274734,105.87582585960787,1
1693,completed,Anthropic,claude-opus-4-8,192,PASS,1,1,,453,25,1207.2640421101823,1007.6964580221102,125.27084553454895,1
1694,completed,Anthropic,claude-opus-4-8,193,PASS,1,1,,462,38,1625.6418330594897,1382.9997499706224,156.6092720448767,1
1695,completed,Anthropic,claude-opus-4-8,194,PASS,1,1,,463,38,1813.8152080355212,1559.5259160036221,149.43609971289362,1
1696,completed,Anthropic,claude-opus-4-8,195,PASS,1,1,,455,37,1390.4109169961885,935.7875840505585,81.38605592516952,1
1697,completed,Anthropic,claude-opus-4-8,196,PASS,1,1,,458,37,1253.2758329762146,862.2767499182373,94.6293779275018,1
1698,completed,Anthropic,claude-opus-4-8,197,PASS,1,1,,459,36,1176.7968330532312,868.5002500424162,116.77067468093578,1
1699,completed,Anthropic,claude-opus-4-8,198,PASS,1,1,,459,36,1589.2325419699773,1333.666916936636,140.86401485060208,1
1700,completed,Anthropic,claude-opus-4-8,199,PASS,1,1,,461,37,1142.135083093308,801.7460000701249,108.69913826666416,1
1701,completed,Anthropic,claude-opus-4-8,200,PASS,1,1,,462,37,1397.749416064471,1166.3548750802875,159.90005573437037,1
1702,completed,Anthropic,claude-opus-4-8,201,PASS,1,1,,462,36,1152.3638750659302,758.7778751039878,91.46666803057273,1
1703,completed,Anthropic,claude-opus-4-8,202,PASS,1,1,,460,36,2227.127624908462,2054.0157499490306,207.95800408514162,1
1704,completed,Anthropic,claude-opus-4-8,203,PASS,1,1,,458,40,1503.9975830586627,1260.9742500353605,164.59324914354872,1
1705,completed,Anthropic,claude-opus-4-8,204,PASS,1,1,,461,40,1227.8412919258699,980.5497089400887,161.75237150024606,1
1706,completed,Anthropic,claude-opus-4-8,205,PASS,1,1,,456,40,1531.4569169422612,1274.2399169364944,155.5107166287734,1
1707,completed,Anthropic,claude-opus-4-8,206,PASS,1,1,,457,40,2934.968666988425,2664.4309170078486,147.85367292687198,1
1708,completed,Anthropic,claude-opus-4-8,207,PASS,1,1,,460,68,2780.4539159405977,2297.0695829717442,140.6748116604382,1
1709,completed,Anthropic,claude-opus-4-8,208,PASS,1,1,,462,68,2653.374583926052,2160.9895000001416,138.10328992466398,1
1710,completed,Anthropic,claude-opus-4-8,209,PASS,1,1,,461,67,1471.4158329879865,775.366457994096,96.2575392019971,1
1711,completed,Anthropic,claude-opus-4-8,210,PASS,1,1,,463,67,2480.7368750916794,1896.6528750024736,114.70952806405799,1
1712,completed,Anthropic,claude-opus-4-8,211,PASS,1,1,,475,116,3410.415833001025,2588.66691600997,141.16233998183984,1
1713,completed,Anthropic,claude-opus-4-8,212,PASS,1,1,,464,112,2422.3710829392076,1580.0049159443006,132.95880626302167,1
1714,completed,Anthropic,claude-opus-4-8,213,PASS,1,1,,465,69,1313.9097499661148,728.7420409265906,117.91491385137164,1
1715,completed,Anthropic,claude-opus-4-8,214,PASS,1,1,,461,69,1489.359874976799,939.9249999551103,125.58358258069487,1
1716,completed,Anthropic,claude-opus-4-8,215,PASS,1,1,,469,83,1386.673416942358,718.7248329864815,124.26106139553225,1
1717,completed,Anthropic,claude-opus-4-8,216,PASS,1,1,,468,86,1671.7496250057593,906.3485830556601,112.3593976053234,1
1718,completed,Anthropic,claude-opus-4-8,217,PASS,1,1,,470,89,1918.773749959655,1240.140457986854,131.14593853961267,1
1719,completed,Anthropic,claude-opus-4-8,218,PASS,1,1,,468,84,1728.8540839217603,1119.3966249702498,137.82750340690012,1
1720,completed,Anthropic,claude-opus-4-8,219,PASS,1,1,,467,111,2134.1280000051484,1126.844667014666,110.19739567263227,1
1721,completed,Anthropic,claude-opus-4-8,220,PASS,1,1,,469,111,1704.388999962248,797.5561659550294,122.40403725734133,1
1722,completed,Anthropic,claude-opus-4-8,221,PASS,1,1,,458,90,2130.960249924101,1365.0322499452159,117.50451739913034,1
1723,completed,Anthropic,claude-opus-4-8,222,PASS,1,1,,459,90,2400.4155000438914,1476.9811250735074,97.46225875865456,1
1724,completed,Anthropic,claude-opus-4-8,223,PASS,1,1,,457,91,2293.9732500817627,1464.307250105776,109.68269159232008,1
1725,completed,Anthropic,claude-opus-4-8,224,PASS,1,1,,458,100,3466.1977500654757,2395.476875011809,93.39502229746647,1
1726,completed,Anthropic,claude-opus-4-8,225,"FAIL
result mismatch (order_matters=True)
predicted: SELECT AirportCode FROM (
  SELECT SourceAirport AS AirportCode FROM flights
  UNION ALL
  SELECT DestAirport AS AirportCode FROM flights
)
GROUP BY AirportCode
ORDER BY COUNT(*) DESC
LIMIT 1
gold: SELECT T1.AirportCode FROM AIRPORTS AS T1 JOIN FLIGHTS AS T2 ON T1.AirportCode  =  T2.DestAirport OR T1.AirportCode  =  T2.SourceAirport GROUP BY T1.AirportCode ORDER BY count(*) DESC LIMIT 1",0,1,,462,116,3724.631042103283,2766.4374170126393,121.06112685630377,1
1727,completed,Anthropic,claude-opus-4-8,226,"FAIL
result mismatch (order_matters=True)
predicted: SELECT AirportCode FROM (
  SELECT SourceAirport AS AirportCode FROM flights
  UNION ALL
  SELECT DestAirport AS AirportCode FROM flights
) GROUP BY AirportCode ORDER BY COUNT(*) DESC LIMIT 1
gold: SELECT T1.AirportCode FROM AIRPORTS AS T1 JOIN FLIGHTS AS T2 ON T1.AirportCode  =  T2.DestAirport OR T1.AirportCode  =  T2.SourceAirport GROUP BY T1.AirportCode ORDER BY count(*) DESC LIMIT 1",0,1,,461,113,1924.8497909866273,923.8752499222755,112.88998407476512,1
1728,completed,Anthropic,claude-opus-4-8,227,PASS,1,1,,462,106,1848.8444579998031,947.1008330583572,117.55004090756177,1
1729,completed,Anthropic,claude-opus-4-8,228,"FAIL
result mismatch (order_matters=True)
predicted: SELECT AirportCode FROM (
  SELECT AirportCode, SUM(cnt) AS total FROM (
    SELECT SourceAirport AS AirportCode, COUNT(*) AS cnt FROM flights GROUP BY SourceAirport
    UNION ALL
    SELECT DestAirport AS AirportCode, COUNT(*) AS cnt FROM flights GROUP BY DestAirport
  ) GROUP BY AirportCode
) ORDER BY total ASC LIMIT 1
gold: SELECT T1.AirportCode FROM AIRPORTS AS T1 JOIN FLIGHTS AS T2 ON T1.AirportCode  =  T2.DestAirport OR T1.AirportCode  =  T2.SourceAirport GROUP BY T1.AirportCode ORDER BY count(*) LIMIT 1",0,1,,459,187,3124.381000059657,1522.5482920650393,116.74127957726054,1
1730,completed,Anthropic,claude-opus-4-8,229,"FAIL
result mismatch (order_matters=True)
predicted: SELECT T1.Airline, COUNT(*) FROM airlines AS T1 JOIN flights AS T2 ON T1.uid = T2.Airline GROUP BY T1.Airline ORDER BY COUNT(*) DESC LIMIT 1
gold: SELECT T1.Airline FROM AIRLINES AS T1 JOIN FLIGHTS AS T2 ON T1.uid  =  T2.Airline GROUP BY T1.Airline ORDER BY count(*) DESC LIMIT 1",0,1,,456,98,2161.80291690398,1333.8156669633463,118.35931049303784,1
1731,completed,Anthropic,claude-opus-4-8,230,"FAIL
result mismatch (order_matters=True)
predicted: SELECT al.Airline
FROM flights f
JOIN airlines al ON f.Airline = al.uid
GROUP BY f.Airline
ORDER BY COUNT(*) DESC
LIMIT 1
gold: SELECT T1.Airline FROM AIRLINES AS T1 JOIN FLIGHTS AS T2 ON T1.uid  =  T2.Airline GROUP BY T1.Airline ORDER BY count(*) DESC LIMIT 1",0,1,,455,83,2450.805875007063,1809.9634170066565,129.51701149605685,1
1732,completed,Anthropic,claude-opus-4-8,231,"FAIL
result mismatch (order_matters=True)
predicted: SELECT T1.Abbreviation, T1.Country
FROM airlines AS T1
JOIN flights AS T2 ON T1.uid = T2.Airline
GROUP BY T1.uid
ORDER BY COUNT(*) ASC
LIMIT 1
gold: SELECT T1.Abbreviation ,  T1.Country FROM AIRLINES AS T1 JOIN FLIGHTS AS T2 ON T1.uid  =  T2.Airline GROUP BY T1.Airline ORDER BY count(*) LIMIT 1",0,1,,469,102,2391.749875037931,1515.3235000325367,116.38170975784728,1
1733,completed,Anthropic,claude-opus-4-8,232,"FAIL
result mismatch (order_matters=True)
predicted: SELECT T1.Abbreviation, T1.Country
FROM airlines AS T1
JOIN flights AS T2 ON T1.uid = T2.Airline
GROUP BY T1.uid
ORDER BY COUNT(*) ASC
LIMIT 1
gold: SELECT T1.Abbreviation ,  T1.Country FROM AIRLINES AS T1 JOIN FLIGHTS AS T2 ON T1.uid  =  T2.Airline GROUP BY T1.Airline ORDER BY count(*) LIMIT 1",0,1,,472,102,2217.641041963361,1380.369291990064,121.82424643283744,1
1734,completed,Anthropic,claude-opus-4-8,233,PASS,1,1,,467,68,2323.6063750227913,1837.6892500091344,139.94155896046848,1
1735,completed,Anthropic,claude-opus-4-8,234,PASS,1,1,,462,80,1816.9835000298917,989.5279579795897,96.6819314567316,1
1736,completed,Anthropic,claude-opus-4-8,235,PASS,1,1,,467,73,1985.4076670017093,1314.6883338922635,108.83837157574239,1
1737,completed,Anthropic,claude-opus-4-8,236,PASS,1,1,,463,73,1722.831540973857,1081.1543749878183,113.76437228808652,1
1738,completed,Anthropic,claude-opus-4-8,237,PASS,1,1,,472,73,2841.1160830873996,2296.0977910552174,133.9404586363672,1
1739,completed,Anthropic,claude-opus-4-8,238,PASS,1,1,,466,145,5748.826624942012,4160.362916998565,91.28316830589014,1
1740,completed,Anthropic,claude-opus-4-8,239,PASS,1,1,,473,73,1476.6245409846306,902.1137909730896,127.06463716916272,1
1741,completed,Anthropic,claude-opus-4-8,240,PASS,1,1,,465,110,1963.534374954179,966.3548750104383,110.31113255557904,1
1742,completed,Anthropic,claude-opus-4-8,241,"FAIL
result mismatch (order_matters=False)
predicted: SELECT Airline FROM flights GROUP BY Airline HAVING COUNT(*) >= 10
gold: SELECT T1.Airline FROM AIRLINES AS T1 JOIN FLIGHTS AS T2 ON T1.uid  =  T2.Airline GROUP BY T1.Airline HAVING count(*)  >  10",0,1,,461,45,31251.663084025495,30879.875833983533,121.03696400272221,1
1743,completed,Anthropic,claude-opus-4-8,242,PASS,1,1,,459,82,4799.585249973461,4095.760792028159,116.5063235218982,1
1744,completed,Anthropic,claude-opus-4-8,243,PASS,1,1,,463,81,2050.169041962363,1261.8984590517357,102.7565936824813,1
1745,completed,Anthropic,claude-opus-4-8,244,PASS,1,1,,459,81,3965.139542007819,3253.652333980426,113.84603839129242,1
1746,completed,Anthropic,claude-opus-4-8,245,PASS,1,1,,464,75,2116.9608749914914,1467.9342090385035,115.55765569335267,1
1747,completed,Anthropic,claude-opus-4-8,246,PASS,1,1,,464,75,2141.299583017826,1493.335249950178,115.74711164259395,1
1748,completed,Anthropic,claude-opus-4-8,247,PASS,1,1,,466,38,2556.747291004285,2295.9648750256747,145.7153460957152,1
1749,completed,Anthropic,claude-opus-4-8,248,PASS,1,1,,463,38,1733.7511249352247,1432.6895829290152,126.22004041690664,1
1750,completed,Anthropic,claude-opus-4-8,249,PASS,1,1,,467,37,2217.8760420065373,1958.1829590024427,142.47587795558115,1
1751,completed,Anthropic,claude-opus-4-8,250,PASS,1,1,,462,37,1742.8494580090046,1495.618790970184,149.6578092158372,1
1752,completed,Anthropic,claude-opus-4-8,251,PASS,1,1,,468,64,2218.591499957256,1811.0105829546228,157.02403456633502,1
1753,completed,Anthropic,claude-opus-4-8,252,PASS,1,1,,467,66,1759.9652089411393,1218.1460419669747,121.81185905360758,1
1754,completed,Anthropic,claude-opus-4-8,253,PASS,1,1,,469,65,1368.8756660558283,823.4604999888688,119.17527059014725,1
1755,completed,Anthropic,claude-opus-4-8,254,PASS,1,1,,467,62,2107.299958006479,1675.4833329468966,143.57946499036532,1
1756,completed,Anthropic,claude-opus-4-8,255,PASS,1,1,,470,78,1699.3546249577776,1053.8580419961363,120.83720047304288,1
1757,completed,Anthropic,claude-opus-4-8,256,PASS,1,1,,463,75,1622.761500068009,946.6036671074107,110.92084768375446,1
1758,completed,Anthropic,claude-opus-4-8,257,PASS,1,1,,463,80,1958.6039169225842,1395.3285419847816,142.02644667154797,1
1759,completed,Anthropic,claude-opus-4-8,258,"FAIL
result mismatch (order_matters=False)
predicted: SELECT AirportCode FROM airports
WHERE AirportCode NOT IN (SELECT SourceAirport FROM flights)
AND AirportCode NOT IN (SELECT DestAirport FROM flights)
gold: SELECT AirportName FROM Airports WHERE AirportCode NOT IN (SELECT SourceAirport FROM Flights UNION SELECT DestAirport FROM Flights)",0,1,,461,83,2675.9372079977766,2069.28216596134,136.81580840634456,1
1760,completed,Anthropic,claude-opus-4-8,259,PASS,1,1,,581,25,2390.0567500386387,2215.9407919971272,143.58247389386148,1
1761,completed,Anthropic,claude-opus-4-8,260,PASS,1,1,,581,25,2223.123582894914,2049.1321668960154,143.68524939275324,1
1762,completed,Anthropic,claude-opus-4-8,261,PASS,1,1,,589,31,1340.8278749557212,1148.3347909525037,161.0447469348137,1
1763,completed,Anthropic,claude-opus-4-8,262,PASS,1,1,,591,31,1440.473375027068,1201.5346250263974,129.7403623309865,1
1764,completed,Anthropic,claude-opus-4-8,263,PASS,1,1,,585,34,1117.9169580573216,781.0625421116129,100.93381113780566,1
1765,completed,Anthropic,claude-opus-4-8,264,PASS,1,1,,585,34,1525.5953749874607,1278.960541007109,137.85562830394278,1
1766,completed,Anthropic,claude-opus-4-8,265,PASS,1,1,,592,50,1753.831124980934,1396.8988750129938,140.08260672576105,1
1767,completed,Anthropic,claude-opus-4-8,266,PASS,1,1,,591,50,1407.2547079995275,1041.8419160414487,136.83155352080874,1
1768,completed,Anthropic,claude-opus-4-8,267,PASS,1,1,,585,36,1811.5400839596987,1510.0137919653207,119.3925735692436,1
1769,completed,Anthropic,claude-opus-4-8,268,PASS,1,1,,584,36,2142.3827910330147,1851.9769159611315,123.9644342287808,1
1770,completed,Anthropic,claude-opus-4-8,269,PASS,1,1,,596,45,1205.6669159792364,752.109415945597,99.21564519749414,1
1771,completed,Anthropic,claude-opus-4-8,270,PASS,1,1,,596,45,1941.433041007258,1677.835833048448,170.71501002784424,1
1772,completed,Anthropic,claude-opus-4-8,271,PASS,1,1,,591,36,2189.115417073481,1964.3244590843096,160.14879033405884,1
1773,completed,Anthropic,claude-opus-4-8,272,PASS,1,1,,593,36,1149.8186249518767,796.9974159495905,102.03468238715413,1
1774,completed,Anthropic,claude-opus-4-8,273,PASS,1,1,,595,38,1619.2692089825869,1369.842791929841,152.34954039356705,1
1775,completed,Anthropic,claude-opus-4-8,274,PASS,1,1,,602,38,1014.3732919823378,776.2077079387382,159.55285963165673,1
1776,completed,Anthropic,claude-opus-4-8,275,PASS,1,1,,594,48,1758.4109999006614,1398.2267909450457,133.26514268679355,1
1777,completed,Anthropic,claude-opus-4-8,276,PASS,1,1,,594,48,3757.348582963459,3444.9183749966323,153.6343118431638,1
1778,completed,Anthropic,claude-opus-4-8,277,PASS,1,1,,595,93,2855.221625068225,2317.5478340126574,172.9673299072683,1
1779,completed,Anthropic,claude-opus-4-8,278,PASS,1,1,,597,96,3381.9680419983342,2683.4647089708596,137.43670997805245,1
1780,completed,Anthropic,claude-opus-4-8,279,PASS,1,1,,593,85,3715.691916993819,2969.7797499829903,113.95443560148551,1
1781,completed,Anthropic,claude-opus-4-8,280,PASS,1,1,,595,88,2481.5446250140667,1722.884290968068,115.99393832901302,1
1782,completed,Anthropic,claude-opus-4-8,281,PASS,1,1,,593,53,2639.1740000108257,2262.041541049257,140.5341776890143,1
1783,completed,Anthropic,claude-opus-4-8,282,PASS,1,1,,591,53,1714.8672500625253,956.8408750928938,69.91841148287659,1
1784,completed,Anthropic,claude-opus-4-8,283,PASS,1,1,,595,90,1840.4156249016523,1115.3989169979468,124.13507029406765,1
1785,completed,Anthropic,claude-opus-4-8,284,PASS,1,1,,592,97,3122.8654579026625,2280.5331669515,115.15645433759579,1
1786,completed,Anthropic,claude-opus-4-8,285,PASS,1,1,,591,52,1355.236666975543,992.2036250354722,143.23765055133504,1
1787,completed,Anthropic,claude-opus-4-8,286,PASS,1,1,,590,52,1209.9710420006886,730.5795419961214,108.47084272354556,1
1788,completed,Anthropic,claude-opus-4-8,287,PASS,1,1,,596,87,1889.77333297953,1160.268957959488,119.25905173304794,1
1789,completed,Anthropic,claude-opus-4-8,288,"FAIL
result mismatch (order_matters=False)
predicted: SELECT shop.Name, COUNT(hiring.Employee_ID)
FROM shop
LEFT JOIN hiring ON shop.Shop_ID = hiring.Shop_ID
GROUP BY shop.Shop_ID, shop.Name
gold: SELECT count(*) ,  t2.name FROM hiring AS t1 JOIN shop AS t2 ON t1.shop_id  =  t2.shop_id GROUP BY t2.name",0,1,,595,97,2162.375583080575,1405.211125034839,128.10955264640907,1
1790,completed,Anthropic,claude-opus-4-8,289,PASS,1,1,,588,29,1918.0574580095708,1717.6807910436764,144.72742979069523,1
1791,completed,Anthropic,claude-opus-4-8,290,PASS,1,1,,593,29,1708.436250104569,1509.4588750507683,145.7452134553429,1
1792,completed,Anthropic,claude-opus-4-8,291,PASS,1,1,,585,20,2581.888542044908,2457.4666670523584,160.74343841223765,1
1793,completed,Anthropic,claude-opus-4-8,292,PASS,1,1,,584,20,1629.9344579456374,1506.1238330090418,161.5370248736097,1
1794,completed,Anthropic,claude-opus-4-8,293,PASS,1,1,,601,61,1302.0682499045506,711.355457897298,103.26507369634051,1
1795,completed,Anthropic,claude-opus-4-8,294,PASS,1,1,,608,61,1872.5445000454783,1341.5222080657259,114.87276696535724,1
1796,completed,Anthropic,claude-opus-4-8,295,PASS,1,1,,583,32,1399.2744160350412,1137.046999996528,122.03148123650114,1
1797,completed,Anthropic,claude-opus-4-8,296,PASS,1,1,,586,32,972.5861670449376,702.2417919943109,118.36754507656185,1
1798,completed,Anthropic,claude-opus-4-8,297,PASS,1,1,,640,26,1480.1214589970186,1294.0865000709891,139.75867842311303,1
1799,completed,Anthropic,claude-opus-4-8,298,PASS,1,1,,640,26,1522.2091659670696,1331.1217499431223,136.06338157161355,1
1800,completed,Anthropic,claude-opus-4-8,299,PASS,1,1,,652,36,1436.630708980374,1130.6622499832883,117.65918656453049,1
1801,completed,Anthropic,claude-opus-4-8,300,PASS,1,1,,650,36,1399.0143339615315,1127.6267089415342,132.65159012813248,1
1802,completed,Anthropic,claude-opus-4-8,301,PASS,1,1,,655,47,2602.477875072509,2289.1181660816073,149.98737441821095,1
1803,completed,Anthropic,claude-opus-4-8,302,PASS,1,1,,654,47,2177.816833020188,1863.6537080164999,149.6038085292418,1
1804,completed,Anthropic,claude-opus-4-8,303,PASS,1,1,,654,54,2338.2210000418127,1970.6681659445167,146.9176537099031,1
1805,completed,Anthropic,claude-opus-4-8,304,PASS,1,1,,656,54,2345.1687920605764,1964.2745420569554,141.7716334638463,1
1806,completed,Anthropic,claude-opus-4-8,305,PASS,1,1,,642,36,994.1636249423027,746.1306669283658,145.14200164470552,1
1807,completed,Anthropic,claude-opus-4-8,306,PASS,1,1,,645,36,2263.7507499894127,2013.304291991517,143.74329861875094,1
1808,completed,Anthropic,claude-opus-4-8,307,PASS,1,1,,650,79,3377.59529100731,2812.517208047211,139.80368798975044,1
1809,completed,Anthropic,claude-opus-4-8,308,PASS,1,1,,648,79,1692.569165956229,1143.213375005871,143.80480064355737,1
1810,completed,Anthropic,claude-opus-4-8,309,PASS,1,1,,647,43,2794.9179999995977,2474.523499957286,134.20954477783278,1
1811,completed,Anthropic,claude-opus-4-8,310,PASS,1,1,,654,43,1294.6574590168893,990.871834103018,141.5471848353301,1
1812,completed,Anthropic,claude-opus-4-8,311,PASS,1,1,,649,104,3680.2738329861313,2807.51579196658,119.16246555403572,1
1813,completed,Anthropic,claude-opus-4-8,312,"FAIL
result mismatch (order_matters=True)
predicted: SELECT T.Template_ID, T.Template_Type_Code
FROM Templates T
JOIN Documents D ON T.Template_ID = D.Template_ID
GROUP BY T.Template_ID, T.Template_Type_Code
ORDER BY COUNT(*) DESC
LIMIT 1
gold: SELECT T1.template_id ,  T2.Template_Type_Code FROM Documents AS T1 JOIN Templates AS T2 ON T1.template_id  =  T2.template_id GROUP BY T1.template_id ORDER BY count(*) DESC LIMIT 1",0,1,,655,115,2220.4641250427812,1303.864625049755,125.46373852579556,1
1814,completed,Anthropic,claude-opus-4-8,313,PASS,1,1,,649,49,2996.3800830300897,2609.114208025858,126.5280603395911,1
1815,completed,Anthropic,claude-opus-4-8,314,PASS,1,1,,650,49,1657.8642079839483,1166.613542009145,99.74541185153988,1
1816,completed,Anthropic,claude-opus-4-8,315,PASS,1,1,,646,55,1067.7868329221383,712.8066249424592,154.93821560651202,1
1817,completed,Anthropic,claude-opus-4-8,316,PASS,1,1,,649,55,2712.4441250925884,2292.8031249903142,131.06440978501982,1
1818,completed,Anthropic,claude-opus-4-8,317,PASS,1,1,,640,26,1320.943999919109,1036.7964999750257,91.5017728648553,1
1819,completed,Anthropic,claude-opus-4-8,318,PASS,1,1,,640,26,1117.116375011392,856.1768749495968,99.63995483183932,1
1820,completed,Anthropic,claude-opus-4-8,319,PASS,1,1,,653,39,1421.448583016172,1193.8045410206541,171.3200998283446,1
1821,completed,Anthropic,claude-opus-4-8,320,PASS,1,1,,651,39,2779.91604199633,2550.5664580268785,170.04609001250535,1
1822,completed,Anthropic,claude-opus-4-8,321,PASS,1,1,,647,33,1248.931167065166,884.9901669891551,90.67403780587456,1
1823,completed,Anthropic,claude-opus-4-8,322,PASS,1,1,,641,33,1098.1812499230728,845.2479169936851,130.46916204284048,1
1824,completed,Anthropic,claude-opus-4-8,323,PASS,1,1,,651,58,1496.507667005062,1068.9574170392007,135.65656903400506,1
1825,completed,Anthropic,claude-opus-4-8,324,PASS,1,1,,651,48,1354.35320797842,945.1826249714941,117.31048612355283,1
1826,completed,Anthropic,claude-opus-4-8,325,PASS,1,1,,643,43,1374.8740839073434,987.2057089814916,110.91954562510931,1
1827,completed,Anthropic,claude-opus-4-8,326,PASS,1,1,,645,43,1418.8707089051604,1013.7001669500023,106.12814987116953,1
1828,completed,Anthropic,claude-opus-4-8,327,PASS,1,1,,652,45,2072.835416998714,1767.7218329627067,147.48605881372163,1
1829,completed,Anthropic,claude-opus-4-8,328,PASS,1,1,,657,45,4765.559041057713,4315.855416003615,100.0659045045202,1
1830,completed,Anthropic,claude-opus-4-8,329,PASS,1,1,,647,49,2170.7181250676513,1586.9160420261323,83.93255423947367,1
1831,completed,Anthropic,claude-opus-4-8,330,PASS,1,1,,652,49,1445.0889169238508,1043.0787919322029,121.8874773390795,1
1832,completed,Anthropic,claude-opus-4-8,331,PASS,1,1,,644,68,1929.5054168906063,1376.3399169547483,122.9288522293688,1
1833,completed,Anthropic,claude-opus-4-8,332,PASS,1,1,,650,68,1411.0575000522658,775.865750038065,107.05428714790415,1
1834,completed,Anthropic,claude-opus-4-8,333,PASS,1,1,,646,58,1705.3153340239078,1180.3977090166882,110.49352743528526,1
1835,completed,Anthropic,claude-opus-4-8,334,PASS,1,1,,652,58,1306.2037079362199,824.0485409041867,120.29322501514667,1
1836,completed,Anthropic,claude-opus-4-8,335,PASS,1,1,,645,54,1433.381958049722,983.0210410291329,119.90383259107558,1
1837,completed,Anthropic,claude-opus-4-8,336,PASS,1,1,,652,54,2535.267874947749,2115.0872498983517,128.51615895819003,1
1838,completed,Anthropic,claude-opus-4-8,337,PASS,1,1,,653,75,1773.6265000421554,1152.3321660934016,120.71573150091889,1
1839,completed,Anthropic,claude-opus-4-8,338,PASS,1,1,,652,75,4309.363707900047,3787.9596248967573,143.84237186636446,1
1840,completed,Anthropic,claude-opus-4-8,339,PASS,1,1,,647,68,1919.0090419724584,1395.8994999993593,129.99189375042388,1
1841,completed,Anthropic,claude-opus-4-8,340,PASS,1,1,,649,85,2007.5438340427354,1183.0616249935701,103.0950080754639,1
1842,completed,Anthropic,claude-opus-4-8,341,PASS,1,1,,649,88,1877.222583978437,1154.3100000126287,121.72979410213472,1
1843,completed,Anthropic,claude-opus-4-8,342,PASS,1,1,,650,88,1608.8662500260398,721.5232909657061,99.17247790323263,1
1844,completed,Anthropic,claude-opus-4-8,343,PASS,1,1,,646,99,2991.0132499644533,2164.232000010088,119.74146729314964,1
1845,completed,Anthropic,claude-opus-4-8,344,PASS,1,1,,651,99,3107.6762080192566,2330.3582499502227,127.36100970306899,1
1846,completed,Anthropic,claude-opus-4-8,345,PASS,1,1,,647,103,1617.3330419696867,677.8612500056624,109.63607516588878,1
1847,completed,Anthropic,claude-opus-4-8,346,PASS,1,1,,648,103,1646.616957965307,711.9021249236539,110.19403604073338,1
1848,completed,Anthropic,claude-opus-4-8,347,PASS,1,1,,645,42,1257.1410000091419,787.2454159660265,89.38155927880838,1
1849,completed,Anthropic,claude-opus-4-8,348,PASS,1,1,,648,42,1434.7822500858456,1131.00116699934,138.2574568938513,1
1850,completed,Anthropic,claude-opus-4-8,349,PASS,1,1,,649,50,1882.4407500214875,1490.8149580005556,127.67289851360854,1
1851,completed,Anthropic,claude-opus-4-8,350,PASS,1,1,,648,50,1614.7216669050977,1258.71341698803,140.44618351301563,1
1852,completed,Anthropic,claude-opus-4-8,351,PASS,1,1,,646,50,1169.5754170650616,725.4268330289051,112.57493955205243,1
1853,completed,Anthropic,claude-opus-4-8,352,PASS,1,1,,648,50,1982.0177500369027,1617.227458045818,137.06505106561872,1
1854,completed,Anthropic,claude-opus-4-8,353,PASS,1,1,,655,107,1933.1120420247316,1154.1757499799132,137.36681817598947,1
1855,completed,Anthropic,claude-opus-4-8,354,"FAIL
result mismatch (order_matters=False)
predicted: SELECT DISTINCT T.Template_Details
FROM Templates T
JOIN Documents D ON T.Template_ID = D.Template_ID
gold: SELECT DISTINCT T1.template_type_description FROM Ref_template_types AS T1 JOIN Templates AS T2 ON T1.template_type_code  = T2.template_type_code JOIN Documents AS T3 ON T2.Template_ID  =  T3.template_ID",0,1,,651,60,2746.802333043888,2269.2400000523776,125.63804943357329,1
1856,completed,Anthropic,claude-opus-4-8,355,PASS,1,1,,648,88,2721.675290958956,2053.308540955186,131.6642397299142,1
1857,completed,Anthropic,claude-opus-4-8,356,PASS,1,1,,655,88,1770.680500078015,1117.5249579828233,134.73054169871034,1
1858,completed,Anthropic,claude-opus-4-8,357,PASS,1,1,,642,29,1257.3349579470232,894.9729159940034,80.03045750514853,1
1859,completed,Anthropic,claude-opus-4-8,358,PASS,1,1,,643,29,2015.785999945365,1856.62587499246,182.20644152284396,1
1860,completed,Anthropic,claude-opus-4-8,359,PASS,1,1,,653,74,1874.350666999817,1334.7819169284776,137.14656378861093,1
1861,completed,Anthropic,claude-opus-4-8,360,PASS,1,1,,655,77,2373.297792044468,1832.58799999021,142.4054106870573,1
1862,completed,Anthropic,claude-opus-4-8,361,"FAIL
result mismatch (order_matters=False)
predicted: SELECT * FROM Paragraphs WHERE Paragraph_Text = 'Korea '
gold: select other_details from paragraphs where paragraph_text like 'korea'",0,1,,654,42,1623.9054170437157,1331.4671250991523,143.62004278140773,1
1863,completed,Anthropic,claude-opus-4-8,362,"FAIL
result mismatch (order_matters=False)
predicted: SELECT Other_Details FROM Paragraphs WHERE Paragraph_Text LIKE '%Korea %'
gold: select other_details from paragraphs where paragraph_text like 'korea'",0,1,,656,49,1247.6074589649215,786.4017499377951,106.24326421145406,1
1864,completed,Anthropic,claude-opus-4-8,363,PASS,1,1,,660,93,2229.2502499185503,1515.1339590083808,130.23088981973484,1
1865,completed,Anthropic,claude-opus-4-8,364,PASS,1,1,,662,93,1782.6419580960646,968.886333052069,114.2849242915795,1
1866,completed,Anthropic,claude-opus-4-8,365,PASS,1,1,,652,81,2463.1287910742685,1859.249291010201,134.13272017249543,1
1867,completed,Anthropic,claude-opus-4-8,366,PASS,1,1,,657,81,1609.0172920376062,982.882458018139,129.36510732044917,1
1868,completed,Anthropic,claude-opus-4-8,367,PASS,1,1,,657,57,5581.73825009726,5162.556750001386,135.9792834057875,1
1869,completed,Anthropic,claude-opus-4-8,368,PASS,1,1,,662,57,1148.8465829752386,716.9742499245331,131.98344889879232,1
1870,completed,Anthropic,claude-opus-4-8,369,"FAIL
result mismatch (order_matters=False)
predicted: SELECT d.Document_ID, d.Document_Name, COUNT(p.Paragraph_ID)
FROM Documents d
LEFT JOIN Paragraphs p ON d.Document_ID = p.Document_ID
GROUP BY d.Document_ID, d.Document_Name
gold: SELECT T1.document_id ,  T2.document_name ,  count(*) FROM Paragraphs AS T1 JOIN Documents AS T2 ON T1.document_id  =  T2.document_id GROUP BY T1.document_id",0,1,,653,108,2070.655999938026,1042.4626659369096,105.03861134727288,1
1871,completed,Anthropic,claude-opus-4-8,370,"FAIL
result mismatch (order_matters=False)
predicted: SELECT d.Document_ID, d.Document_Name, COUNT(p.Paragraph_ID)
FROM Documents d
LEFT JOIN Paragraphs p ON d.Document_ID = p.Document_ID
GROUP BY d.Document_ID, d.Document_Name
gold: SELECT T1.document_id ,  T2.document_name ,  count(*) FROM Paragraphs AS T1 JOIN Documents AS T2 ON T1.document_id  =  T2.document_id GROUP BY T1.document_id",0,1,,657,108,1632.7885000500828,733.9417500188574,120.153963950193,1
1872,completed,Anthropic,claude-opus-4-8,371,PASS,1,1,,647,53,1405.8572079520673,996.397832990624,129.4389706060357,1
1873,completed,Anthropic,claude-opus-4-8,372,PASS,1,1,,653,53,1852.6947910431772,1439.389541046694,128.23451916096144,1
1874,completed,Anthropic,claude-opus-4-8,373,PASS,1,1,,651,112,1914.5279160002246,978.9760829880834,119.71544071417206,1
1875,completed,Anthropic,claude-opus-4-8,374,PASS,1,1,,650,112,1697.2735420567915,761.8375000311062,119.73025943865085,1
1876,completed,Anthropic,claude-opus-4-8,375,PASS,1,1,,647,61,1987.5191249884665,1507.1662499103695,126.98997583824696,1
1877,completed,Anthropic,claude-opus-4-8,376,PASS,1,1,,650,61,1968.302333028987,1534.742291085422,140.69562251758467,1
1878,completed,Anthropic,claude-opus-4-8,377,PASS,1,1,,651,65,1252.6124159339815,731.5189999062568,124.73771112959462,1
1879,completed,Anthropic,claude-opus-4-8,378,PASS,1,1,,652,65,2910.2480839937925,2142.7092920057476,84.68627342162065,1
1880,completed,Anthropic,claude-opus-4-8,379,PASS,1,1,,659,92,1544.6857499191537,756.916374899447,116.78544878404105,1
1881,completed,Anthropic,claude-opus-4-8,380,PASS,1,1,,665,92,2393.4958749450743,1698.1108749751002,132.30081178623703,1
1882,completed,Anthropic,claude-opus-4-8,381,PASS,1,1,,438,26,1569.3697080714628,1460.89520805981,239.68766850464385,1
1883,completed,Anthropic,claude-opus-4-8,382,PASS,1,1,,440,26,904.982625041157,754.7576670767739,173.07377117831751,1
1884,completed,Anthropic,claude-opus-4-8,383,PASS,1,1,,445,32,917.1552091138437,667.4748751102015,128.1638785357168,1
1885,completed,Anthropic,claude-opus-4-8,384,PASS,1,1,,448,32,1070.6376250600442,727.3374580545351,93.21288794912377,1
1886,completed,Anthropic,claude-opus-4-8,385,PASS,1,1,,443,26,1660.0859169848263,1494.4434580393136,156.96458604585533,1
1887,completed,Anthropic,claude-opus-4-8,386,PASS,1,1,,444,26,900.4018750274554,699.4628750253469,129.3925022008031,1
1888,completed,Anthropic,claude-opus-4-8,387,"FAIL
result mismatch (order_matters=False)
predicted: SELECT Name FROM teacher WHERE Hometown <> 'Little Lever Urban District'
gold: select name from teacher where hometown != ""little lever urban district""",0,1,,458,42,1973.6996659776196,1569.0312499646097,103.78867818201489,1
1889,completed,Anthropic,claude-opus-4-8,388,"FAIL
result mismatch (order_matters=False)
predicted: SELECT Name FROM teacher WHERE Hometown != 'Little Lever Urban District'
gold: select name from teacher where hometown != ""little lever urban district""",0,1,,461,41,1698.7515840446576,1391.884959070012,133.6085343376379,1
1890,completed,Anthropic,claude-opus-4-8,389,PASS,1,1,,448,38,1137.6332079526037,799.0901669254526,112.24569816796917,1
1891,completed,Anthropic,claude-opus-4-8,390,PASS,1,1,,451,38,1518.8107080757618,1145.8932081004605,101.89921363979104,1
1892,completed,Anthropic,claude-opus-4-8,391,PASS,1,1,,445,41,1886.5392500301823,1558.3521659718826,124.92874336491772,1
1893,completed,Anthropic,claude-opus-4-8,392,PASS,1,1,,442,41,1833.654542104341,1502.4749170988798,123.79988653989174,1
1894,completed,Anthropic,claude-opus-4-8,393,PASS,1,1,,453,41,1668.0712500819936,1377.1500420989469,140.93162985350057,1
1895,completed,Anthropic,claude-opus-4-8,394,PASS,1,1,,444,41,1693.4838750166818,1348.5697500873357,118.87016806980182,1
1896,completed,Anthropic,claude-opus-4-8,395,PASS,1,1,,442,56,1420.0715420302004,891.8394580250606,106.01400728141896,1
1897,completed,Anthropic,claude-opus-4-8,396,PASS,1,1,,446,56,1280.603666906245,706.327166990377,97.51400241556819,1
1898,completed,Anthropic,claude-opus-4-8,397,PASS,1,1,,447,48,1655.4824999766424,1373.163832933642,170.0206383897705,1
1899,completed,Anthropic,claude-opus-4-8,398,PASS,1,1,,446,48,1637.7335420111194,1328.5402500769123,155.24269527236015,1
1900,completed,Anthropic,claude-opus-4-8,399,PASS,1,1,,450,89,2057.158082956448,1246.0019160062075,109.71993264209453,1
1901,completed,Anthropic,claude-opus-4-8,400,PASS,1,1,,446,89,1789.9323749588802,1033.5845419904217,117.67072783258904,1
1902,completed,Anthropic,claude-opus-4-8,401,PASS,1,1,,467,103,2035.4242919711396,1206.6052500158548,124.27320655786393,1
1903,completed,Anthropic,claude-opus-4-8,402,PASS,1,1,,465,103,2089.7506250767037,1307.268250035122,131.63235784643265,1
1904,completed,Anthropic,claude-opus-4-8,403,PASS,1,1,,444,94,2826.905042049475,2051.996291964315,121.30460520631581,1
1905,completed,Anthropic,claude-opus-4-8,404,PASS,1,1,,444,98,1931.7646250128746,1050.9597919881344,111.26187814326781,1
1906,completed,Anthropic,claude-opus-4-8,405,PASS,1,1,,447,86,1772.4826250923797,957.7378750545904,105.55453103074449,1
1907,completed,Anthropic,claude-opus-4-8,406,PASS,1,1,,449,82,1782.1245420491323,960.127416998148,99.75703989830129,1
1908,completed,Anthropic,claude-opus-4-8,407,PASS,1,1,,446,96,1552.3854580242187,815.239290939644,130.23197336788928,1
1909,completed,Anthropic,claude-opus-4-8,408,PASS,1,1,,448,94,2590.213791001588,1752.4820829275995,112.20776185744889,1
1910,completed,Anthropic,claude-opus-4-8,409,PASS,1,1,,450,57,1628.4194579347968,1199.7269579442218,132.9624381141568,1
1911,completed,Anthropic,claude-opus-4-8,410,PASS,1,1,,450,57,1602.8255829587579,1167.548832949251,130.95117071783653,1
1912,completed,Anthropic,claude-opus-4-8,411,PASS,1,1,,464,35,61527.79308299068,61261.046958039515,131.2109032751916,1
1913,completed,Anthropic,claude-opus-4-8,412,PASS,1,1,,484,52,1454.57612501923,1087.9070829832926,141.81726308626696,1
1914,completed,Anthropic,claude-opus-4-8,413,PASS,1,1,,474,41,1270.3350000083447,868.563250056468,102.04799119129427,1
1915,completed,Anthropic,claude-opus-4-8,414,PASS,1,1,,487,55,2267.987999948673,1892.2864999622107,146.39281451360142,1
1916,completed,Anthropic,claude-opus-4-8,415,PASS,1,1,,469,51,1444.0097500337288,1067.5157500663772,135.4603260727198,1
1917,completed,Anthropic,claude-opus-4-8,416,PASS,1,1,,472,44,1316.8877910356969,852.5810409337282,94.76493716780328,1
1918,completed,Anthropic,claude-opus-4-8,417,PASS,1,1,,474,48,1232.6647089794278,864.2746669938788,130.29668158587987,1
1919,completed,Anthropic,claude-opus-4-8,418,PASS,1,1,,481,69,1366.1113750422373,750.0007500639185,111.99287466017671,1
1920,completed,Anthropic,claude-opus-4-8,419,PASS,1,1,,472,97,2438.016000087373,1402.3105000378564,93.65596687027585,1
1921,completed,Anthropic,claude-opus-4-8,420,"FAIL
result mismatch (order_matters=True)
predicted: SELECT v.ID, v.Name, v.Level_of_membership
FROM visitor v
JOIN visit vi ON v.ID = vi.visitor_ID
GROUP BY v.ID, v.Name, v.Level_of_membership
ORDER BY SUM(vi.Total_spent) DESC
LIMIT 1
gold: SELECT t2.visitor_id ,  t1.name ,  t1.Level_of_membership FROM visitor AS t1 JOIN visit AS t2 ON t1.id  =  t2.visitor_id GROUP BY t2.visitor_id ORDER BY sum(t2.Total_spent) DESC LIMIT 1",0,1,,486,122,2190.4605829622597,1152.8865000000224,117.5819654744019,1
1922,completed,Anthropic,claude-opus-4-8,421,PASS,1,1,,466,112,2196.3192919502035,1194.0573749598116,111.74723702594167,1
1923,completed,Anthropic,claude-opus-4-8,422,PASS,1,1,,468,51,1591.8328750412911,1208.1694579683244,132.92901467929272,1
1924,completed,Anthropic,claude-opus-4-8,423,PASS,1,1,,473,85,1796.4142920682207,1078.4533330006525,118.39083856368929,1
1925,completed,Anthropic,claude-opus-4-8,424,PASS,1,1,,471,46,2774.3305419571698,2470.0796249089763,151.19099868715784,1
1926,completed,Anthropic,claude-opus-4-8,425,PASS,1,1,,474,76,1280.4988329298794,675.9899999015033,125.7219015630703,1
1927,completed,Anthropic,claude-opus-4-8,426,PASS,1,1,,485,216,2978.625832940452,1313.5684169828892,129.7252562763909,1
1928,completed,Anthropic,claude-opus-4-8,427,PASS,1,1,,474,116,1955.8821249520406,838.7173329247162,103.83427836952706,1
1929,completed,Anthropic,claude-opus-4-8,428,PASS,1,1,,469,50,1355.6973329978064,934.1900000581518,118.6218983458546,1
1930,completed,Anthropic,claude-opus-4-8,429,PASS,1,1,,740,24,1223.9823329728097,1068.7729580095038,154.62983473565308,1
1931,completed,Anthropic,claude-opus-4-8,430,PASS,1,1,,738,24,31324.57658299245,31133.474292000756,125.58719142222716,1
1932,completed,Anthropic,claude-opus-4-8,431,PASS,1,1,,741,25,1483.0156660173088,1290.2707079192623,129.70507891201424,1
1933,completed,Anthropic,claude-opus-4-8,432,PASS,1,1,,740,25,890.5682910699397,703.2721251016483,133.47843972541546,1
1934,completed,Anthropic,claude-opus-4-8,433,PASS,1,1,,751,37,1379.596707993187,1121.6163750505075,143.4217855987534,1
1935,completed,Anthropic,claude-opus-4-8,434,PASS,1,1,,749,37,1111.3768329378217,742.3962079919875,100.2762679081904,1
1936,completed,Anthropic,claude-opus-4-8,435,PASS,1,1,,748,55,2116.1859589628875,1701.9744999706745,132.78242020106444,1
1937,completed,Anthropic,claude-opus-4-8,436,PASS,1,1,,748,55,1233.165334095247,801.5378750860691,127.42470121399413,1
1938,completed,Anthropic,claude-opus-4-8,437,PASS,1,1,,746,28,1432.2982910089195,1245.734625030309,150.082814105991,1
1939,completed,Anthropic,claude-opus-4-8,438,PASS,1,1,,746,28,1050.804000115022,737.7312080934644,89.4360695453598,1
1940,completed,Anthropic,claude-opus-4-8,439,PASS,1,1,,747,28,1681.665625073947,1452.2528750821948,122.05075786331253,1
1941,completed,Anthropic,claude-opus-4-8,440,PASS,1,1,,746,28,1220.7564580021426,1024.4769169948995,142.6536859435938,1
1942,completed,Anthropic,claude-opus-4-8,441,PASS,1,1,,746,32,1370.1200829818845,1084.886624943465,112.18880218354245,1
1943,completed,Anthropic,claude-opus-4-8,442,PASS,1,1,,744,32,1030.874624964781,747.4582499125972,112.90808441858033,1
1944,completed,Anthropic,claude-opus-4-8,443,PASS,1,1,,745,34,1022.3073749803007,723.4670000616461,113.77311385469558,1
1945,completed,Anthropic,claude-opus-4-8,444,PASS,1,1,,741,34,2628.2885409891605,2392.7551659289747,144.35321529830745,1
1946,completed,Anthropic,claude-opus-4-8,445,PASS,1,1,,750,48,2139.291291940026,1755.708958953619,125.13610735482173,1
1947,completed,Anthropic,claude-opus-4-8,446,PASS,1,1,,751,48,1374.6515419334173,921.0084999212995,105.81006552442132,1
1948,completed,Anthropic,claude-opus-4-8,447,PASS,1,1,,752,61,1226.6180419828743,692.7070419769734,114.25125161183384,1
1949,completed,Anthropic,claude-opus-4-8,448,PASS,1,1,,751,61,2725.771583034657,2289.6321250591427,139.86352045089365,1
1950,completed,Anthropic,claude-opus-4-8,449,PASS,1,1,,753,42,2056.3736249459907,1739.5142919849604,132.55093232543499,1
1951,completed,Anthropic,claude-opus-4-8,450,PASS,1,1,,748,42,1505.905167083256,1203.815667075105,139.03164459164176,1
1952,completed,Anthropic,claude-opus-4-8,451,PASS,1,1,,763,169,2711.263707955368,1190.8399580279365,111.15322291437913,1
1953,completed,Anthropic,claude-opus-4-8,452,PASS,1,1,,761,124,2168.1824170518667,1114.2177920555696,117.65100749983488,1
1954,completed,Anthropic,claude-opus-4-8,453,PASS,1,1,,747,44,1538.7863329378888,1240.9308749483898,147.7226581543832,1
1955,completed,Anthropic,claude-opus-4-8,454,PASS,1,1,,747,44,1379.7413329593837,978.5065830219537,109.6614887091946,1
1956,completed,Anthropic,claude-opus-4-8,455,PASS,1,1,,749,34,1885.5006250087172,1645.5219589406624,141.67926073211046,1
1957,completed,Anthropic,claude-opus-4-8,456,"FAIL
result mismatch (order_matters=True)
predicted: SELECT first_name || ' ' || last_name AS full_name
FROM players
ORDER BY birth_date
gold: SELECT first_name ,  last_name FROM players ORDER BY birth_date",0,1,,749,46,2128.802709048614,1723.119542002678,113.38897873174848,1
1958,completed,Anthropic,claude-opus-4-8,457,PASS,1,1,,756,45,1138.2636659545824,769.3250000011176,121.97149323913901,1
1959,completed,Anthropic,claude-opus-4-8,458,PASS,1,1,,751,45,2113.099416019395,1797.300499980338,142.49573926477484,1
1960,completed,Anthropic,claude-opus-4-8,459,PASS,1,1,,752,74,2469.1049590473995,1935.2451669983566,138.61317353752315,1
1961,completed,Anthropic,claude-opus-4-8,460,PASS,1,1,,749,74,1470.634707948193,857.5514579424635,120.70138924739575,1
1962,completed,Anthropic,claude-opus-4-8,461,PASS,1,1,,745,49,2893.438500002958,2536.8609169963747,137.41749996408316,1
1963,completed,Anthropic,claude-opus-4-8,462,"FAIL
result mismatch (order_matters=True)
predicted: SELECT year, COUNT(*) AS match_count
FROM matches
GROUP BY year
ORDER BY match_count DESC
LIMIT 1
gold: SELECT YEAR FROM matches GROUP BY YEAR ORDER BY count(*) DESC LIMIT 1",0,1,,741,62,4933.253207942471,4480.514749884605,136.94440774031978,1
1964,completed,Anthropic,claude-opus-4-8,463,PASS,1,1,,750,67,1682.766709011048,1118.5287090484053,118.7442178733725,1
1965,completed,Anthropic,claude-opus-4-8,464,PASS,1,1,,759,67,1493.4409579727799,909.992832923308,114.83454504943164,1
1966,completed,Anthropic,claude-opus-4-8,465,PASS,1,1,,762,63,1416.6972920065746,821.0182499606162,105.76165275786111,1
1967,completed,Anthropic,claude-opus-4-8,466,PASS,1,1,,760,63,1275.5681249545887,795.3436250099912,131.18864199404274,1
1968,completed,Anthropic,claude-opus-4-8,467,PASS,1,1,,756,46,1617.522291955538,1293.9423338975757,142.1596080179975,1
1969,completed,Anthropic,claude-opus-4-8,468,PASS,1,1,,751,46,2214.854124933481,1894.327124929987,143.51365095451715,1
1970,completed,Anthropic,claude-opus-4-8,469,"FAIL
result mismatch (order_matters=False)
predicted: SELECT AVG(r.ranking) AS avg_ranking, p.first_name
FROM rankings r
JOIN players p ON r.player_id = p.player_id
GROUP BY r.player_id, p.first_name
gold: SELECT avg(ranking) ,  T1.first_name FROM players AS T1 JOIN rankings AS T2 ON T1.player_id  =  T2.player_id GROUP BY T1.first_name",0,1,,747,83,1728.599249967374,1001.0804579360411,114.08640011655582,1
1971,completed,Anthropic,claude-opus-4-8,470,"FAIL
result mismatch (order_matters=False)
predicted: SELECT p.first_name, AVG(r.ranking) AS avg_ranking
FROM players p
JOIN rankings r ON p.player_id = r.player_id
GROUP BY p.player_id, p.first_name
gold: SELECT avg(ranking) ,  T1.first_name FROM players AS T1 JOIN rankings AS T2 ON T1.player_id  =  T2.player_id GROUP BY T1.first_name",0,1,,748,83,1705.651625059545,944.5029160706326,109.04570817738725,1
1972,completed,Anthropic,claude-opus-4-8,471,"FAIL
result mismatch (order_matters=False)
predicted: SELECT p.first_name, SUM(r.ranking_points) AS total_ranking_points
FROM players p
JOIN rankings r ON p.player_id = r.player_id
GROUP BY p.player_id, p.first_name
gold: SELECT sum(ranking_points) ,  T1.first_name FROM players AS T1 JOIN rankings AS T2 ON T1.player_id  =  T2.player_id GROUP BY T1.first_name",0,1,,748,86,1776.2125419685617,1123.3956669457257,131.73679065356828,1
1973,completed,Anthropic,claude-opus-4-8,472,"FAIL
result mismatch (order_matters=False)
predicted: SELECT p.first_name, SUM(r.ranking_points) AS total_ranking_points
FROM players p
JOIN rankings r ON p.player_id = r.player_id
GROUP BY p.player_id, p.first_name
gold: SELECT sum(ranking_points) ,  T1.first_name FROM players AS T1 JOIN rankings AS T2 ON T1.player_id  =  T2.player_id GROUP BY T1.first_name",0,1,,749,86,5713.926249998622,5078.946207999252,135.43732765081984,1
1974,completed,Anthropic,claude-opus-4-8,473,PASS,1,1,,741,44,1251.2944169575348,837.8313329303637,106.41820684796251,1
1975,completed,Anthropic,claude-opus-4-8,474,PASS,1,1,,740,37,2732.8302920795977,2449.755083071068,130.70731318928424,1
1976,completed,Anthropic,claude-opus-4-8,475,PASS,1,1,,748,52,1141.494166920893,712.3493750113994,121.17122467832904,1
1977,completed,Anthropic,claude-opus-4-8,476,PASS,1,1,,744,52,2167.9619590286165,1805.3548340685666,143.40589696280531,1
1978,completed,Anthropic,claude-opus-4-8,477,PASS,1,1,,749,43,1165.885416092351,768.5318751027808,108.21597284099366,1
1979,completed,Anthropic,claude-opus-4-8,478,PASS,1,1,,748,43,1506.0264590429142,1206.4147089840844,143.5190709027827,1
1980,completed,Anthropic,claude-opus-4-8,479,PASS,1,1,,747,51,2576.060250052251,2209.2322499956936,139.02973598563045,1
1981,completed,Anthropic,claude-opus-4-8,480,PASS,1,1,,746,51,1186.8347499985248,759.2971250414848,119.28774690911615,1
1982,completed,Anthropic,claude-opus-4-8,481,PASS,1,1,,745,42,1814.1571669839323,1514.754084055312,140.27911666498466,1
1983,completed,Anthropic,claude-opus-4-8,482,PASS,1,1,,742,41,1625.4366249777377,1220.5303750233725,101.25800726617801,1
1984,completed,Anthropic,claude-opus-4-8,483,PASS,1,1,,754,51,2816.120041999966,2441.8072919361293,136.24970026081743,1
1985,completed,Anthropic,claude-opus-4-8,484,PASS,1,1,,753,57,1634.8137910244986,1103.6050410475582,107.30244937131467,1
1986,completed,Anthropic,claude-opus-4-8,485,PASS,1,1,,754,64,1737.8739590058103,1315.5914170201868,151.55729549951147,1
1987,completed,Anthropic,claude-opus-4-8,486,"FAIL
result mismatch (order_matters=False)
predicted: SELECT COUNT(*) FROM matches WHERE winner_hand = 'L' AND tourney_name = 'WTA Championships'
gold: SELECT count(DISTINCT winner_name) FROM matches WHERE tourney_name  =  'WTA Championships' AND winner_hand  =  'L'",0,1,,754,55,1197.2954580560327,756.755291018635,124.84673161557826,1
1988,completed,Anthropic,claude-opus-4-8,487,PASS,1,1,,761,86,1524.4162499438971,709.0898329624906,105.47922673522453,1
1989,completed,Anthropic,claude-opus-4-8,488,PASS,1,1,,761,86,2056.053415988572,1400.7569160312414,131.23830205960184,1
1990,completed,Anthropic,claude-opus-4-8,489,PASS,1,1,,744,35,1422.2187909763306,1167.730415938422,137.5308400424436,1
1991,completed,Anthropic,claude-opus-4-8,490,PASS,1,1,,743,35,1327.2055410780013,1093.2140410877764,149.57808297080086,1
1992,completed,Anthropic,claude-opus-4-8,491,PASS,1,1,,484,43,1445.6204579910263,1142.6330000394955,141.9200659021297,1
1993,completed,Anthropic,claude-opus-4-8,492,PASS,1,1,,494,34,1124.9363749520853,858.5621669190004,127.63998530885185,1
1994,completed,Anthropic,claude-opus-4-8,493,"FAIL
result mismatch (order_matters=False)
predicted: SELECT name, date, result FROM battle
gold: SELECT name ,  date FROM battle",0,1,,481,23,4521.936916047707,4378.301040967926,160.12712692581104,1
1995,completed,Anthropic,claude-opus-4-8,494,PASS,1,1,,486,31,1378.1875830609351,1104.4950830982998,113.26580013786325,1
1996,completed,Anthropic,claude-opus-4-8,495,PASS,1,1,,483,24,1040.7675410388038,827.3559160297737,112.45872852045659,1
1997,completed,Anthropic,claude-opus-4-8,496,PASS,1,1,,493,67,1571.3514169910923,871.6363339917734,95.7532596164791,1
1998,completed,Anthropic,claude-opus-4-8,497,PASS,1,1,,496,39,2847.0607079798356,2571.268582949415,141.41085426459577,1
1999,completed,Anthropic,claude-opus-4-8,498,PASS,1,1,,496,73,1582.7389160403982,957.977915997617,116.84468139816865,1
2000,completed,Anthropic,claude-opus-4-8,499,PASS,1,1,,494,105,2247.5740829249844,1466.7128749424592,134.46691797033125,1
2001,completed,OpenAI,gpt-5.4,0,PASS,1,1,,348,17,1854.3820000486448,1776.6026250319555,218.56694009629507,1
2002,completed,OpenAI,gpt-5.4,1,PASS,1,1,,349,20,1121.4798339642584,907.3731669923291,93.41138360078304,1
2003,completed,OpenAI,gpt-5.4,2,PASS,1,1,,360,22,918.4882090194151,862.2404590714723,391.1267565433456,1
2004,completed,OpenAI,gpt-5.4,3,PASS,1,1,,359,22,1255.8330829488114,1118.2969158980995,159.95792577154083,1
2005,completed,OpenAI,gpt-5.4,4,PASS,1,1,,357,45,1018.6576249543577,791.9733750168234,198.5140123868346,1
2006,completed,OpenAI,gpt-5.4,5,PASS,1,1,,356,47,1045.6871669739485,951.5625829808414,499.3381963148108,1
2007,completed,OpenAI,gpt-5.4,6,"FAIL
result mismatch (order_matters=True)
predicted: SELECT Name, Song_release_year
FROM singer
WHERE Age = (SELECT MIN(Age) FROM singer)
gold: SELECT song_name ,  song_release_year FROM singer ORDER BY age LIMIT 1",0,1,,356,29,1150.8450420806184,1058.430000091903,313.80172941479685,1
2008,completed,OpenAI,gpt-5.4,7,PASS,1,1,,357,38,1240.2372501092032,870.9800830110908,102.90930924545418,1
2009,completed,OpenAI,gpt-5.4,8,PASS,1,1,,355,20,1174.2225410416722,1087.3544580535963,230.2341586465691,1
2010,completed,OpenAI,gpt-5.4,9,PASS,1,1,,354,20,1321.9329580897465,1155.2211670204997,119.96751922419591,1
2011,completed,OpenAI,gpt-5.4,10,PASS,1,1,,353,30,1164.3870830303058,942.9327910766006,135.46813536705562,1
2012,completed,OpenAI,gpt-5.4,11,PASS,1,1,,349,27,993.3894169516861,913.8744999654591,339.5589283539934,1
2013,completed,OpenAI,gpt-5.4,12,PASS,1,1,,352,33,837.6328750746325,649.6931670699269,175.58822640702277,1
2014,completed,OpenAI,gpt-5.4,13,PASS,1,1,,355,26,898.0294170323759,747.38612503279,172.5931480578071,1
2015,completed,OpenAI,gpt-5.4,14,PASS,1,1,,361,32,1194.5802500704303,1119.0868749981746,423.87825381197183,1
2016,completed,OpenAI,gpt-5.4,15,PASS,1,1,,361,32,874.7641659574583,682.2173749096692,166.19336954858812,1
2017,completed,OpenAI,gpt-5.4,16,"FAIL
result mismatch (order_matters=False)
predicted: SELECT MAX(""Capacity"") AS max_capacity, AVG(""Capacity"") AS avg_capacity
FROM ""stadium""
gold: select max(capacity), average from stadium",0,1,,354,29,732.147250091657,591.6513750562444,206.41175402972095,1
2018,completed,OpenAI,gpt-5.4,17,PASS,1,1,,353,29,688.1568749668077,540.6642500311136,196.62000057727522,1
2019,completed,OpenAI,gpt-5.4,18,PASS,1,1,,355,24,764.0453750500455,504.8894160427153,92.60832778813764,1
2020,completed,OpenAI,gpt-5.4,19,PASS,1,1,,356,24,715.732958051376,549.6765830321237,144.52922989085772,1
2021,completed,OpenAI,gpt-5.4,20,PASS,1,1,,356,28,907.4212920386344,796.3127500843257,252.00582698236164,1
2022,completed,OpenAI,gpt-5.4,21,PASS,1,1,,354,28,608.1271250732243,428.88200003653765,156.2106639958501,1
2023,completed,OpenAI,gpt-5.4,22,"FAIL
result mismatch (order_matters=False)
predicted: SELECT s.Name, COUNT(c.concert_ID) AS number_of_concerts
FROM stadium AS s
LEFT JOIN concert AS c
  ON s.Stadium_ID = c.Stadium_ID
GROUP BY s.Stadium_ID, s.Name
gold: SELECT T2.name ,  count(*) FROM concert AS T1 JOIN stadium AS T2 ON T1.stadium_id  =  T2.stadium_id GROUP BY T1.stadium_id",0,1,,354,57,869.9422919889912,523.2396250357851,164.4060038560165,1
2024,completed,OpenAI,gpt-5.4,23,"FAIL
result mismatch (order_matters=False)
predicted: SELECT s.""Name"", COUNT(c.""concert_ID"") AS concert_count
FROM ""stadium"" AS s
LEFT JOIN ""concert"" AS c
  ON s.""Stadium_ID"" = c.""Stadium_ID""
GROUP BY s.""Stadium_ID"", s.""Name""
gold: SELECT T2.name ,  count(*) FROM concert AS T1 JOIN stadium AS T2 ON T1.stadium_id  =  T2.stadium_id GROUP BY T1.stadium_id",0,1,,351,65,1953.4337499644607,411.71799995936453,42.160819852677214,1
2025,completed,OpenAI,gpt-5.4,24,PASS,1,1,,360,71,1615.889749955386,610.4739169823006,70.61754715961455,1
2026,completed,OpenAI,gpt-5.4,25,PASS,1,1,,359,73,910.7980419648811,524.1166249616072,188.78590175276491,1
2027,completed,OpenAI,gpt-5.4,26,PASS,1,1,,349,29,696.1645830888301,476.57304198946804,132.0633748222474,1
2028,completed,OpenAI,gpt-5.4,27,PASS,1,1,,351,29,956.0653750086203,749.250499997288,140.22202222355116,1
2029,completed,OpenAI,gpt-5.4,28,PASS,1,1,,349,37,1266.1854999605566,608.4857910173014,56.2566768646575,1
2030,completed,OpenAI,gpt-5.4,29,PASS,1,1,,353,42,946.8016249593347,675.1187909394503,154.59202695495298,1
2031,completed,OpenAI,gpt-5.4,30,"FAIL
result mismatch (order_matters=False)
predicted: SELECT DISTINCT Country
FROM singer
WHERE Age > 40
UNION
SELECT DISTINCT Country
FROM singer
WHERE Age < 30
gold: SELECT country FROM singer WHERE age  >  40 INTERSECT SELECT country FROM singer WHERE age  <  30",0,1,,359,36,3211.688125040382,2990.1380829978734,162.49150606386567,1
2032,completed,OpenAI,gpt-5.4,31,PASS,1,1,,360,37,996.4216660009697,719.2799160256982,133.5056879856658,1
2033,completed,OpenAI,gpt-5.4,32,PASS,1,1,,360,37,936.8783750105649,667.801458039321,137.5071500613119,1
2034,completed,OpenAI,gpt-5.4,33,PASS,1,1,,358,70,964.3343749921769,485.10862491093576,146.0689455609036,1
2035,completed,OpenAI,gpt-5.4,34,PASS,1,1,,356,72,1142.5741669954732,600.0058749923483,132.70218894322213,1
2036,completed,OpenAI,gpt-5.4,35,"FAIL
result mismatch (order_matters=False)
predicted: SELECT s.Name, COUNT(sic.concert_ID) AS number_of_concerts
FROM singer AS s
LEFT JOIN singer_in_concert AS sic
  ON s.Singer_ID = sic.Singer_ID
GROUP BY s.Singer_ID, s.Name
gold: SELECT T2.name ,  count(*) FROM singer_in_concert AS T1 JOIN singer AS T2 ON T1.singer_id  =  T2.singer_id GROUP BY T2.singer_id",0,1,,352,61,879.2447919258848,463.5892919031903,146.75614781151566,1
2037,completed,OpenAI,gpt-5.4,36,"FAIL
result mismatch (order_matters=False)
predicted: SELECT s.Name, COUNT(sic.concert_ID) AS number_of_concerts
FROM singer AS s
LEFT JOIN singer_in_concert AS sic
  ON s.Singer_ID = sic.Singer_ID
GROUP BY s.Singer_ID, s.Name
gold: SELECT T2.name ,  count(*) FROM singer_in_concert AS T1 JOIN singer AS T2 ON T1.singer_id  =  T2.singer_id GROUP BY T2.singer_id",0,1,,356,61,922.249750001356,552.8845000080764,165.14818327146332,1
2038,completed,OpenAI,gpt-5.4,37,PASS,1,1,,353,57,912.7190830186009,573.5411249333993,168.0533732845976,1
2039,completed,OpenAI,gpt-5.4,38,"FAIL
result mismatch (order_matters=False)
predicted: SELECT DISTINCT s.Name
FROM singer AS s
JOIN singer_in_concert AS sic
  ON s.Singer_ID = sic.Singer_ID
JOIN concert AS c
  ON sic.concert_ID = c.concert_ID
WHERE c.Year = '2014'
gold: SELECT T2.name FROM singer_in_concert AS T1 JOIN singer AS T2 ON T1.singer_id  =  T2.singer_id JOIN concert AS T3 ON T1.concert_id  =  T3.concert_id WHERE T3.year  =  2014",0,1,,358,62,933.7555420352146,503.120084060356,143.97328146540988,1
2040,completed,OpenAI,gpt-5.4,39,PASS,1,1,,362,23,876.1238339357078,756.6417088964954,192.49741325283352,1
2041,completed,OpenAI,gpt-5.4,40,PASS,1,1,,366,22,799.2752080317587,649.1202919278294,146.51534941934744,1
2042,completed,OpenAI,gpt-5.4,41,PASS,1,1,,367,73,1290.4395420337096,583.7691250490025,103.30133856668826,1
2043,completed,OpenAI,gpt-5.4,42,PASS,1,1,,366,72,1668.334500049241,1549.3093749973923,604.9142982932053,1
2044,completed,OpenAI,gpt-5.4,43,PASS,1,1,,355,46,1075.2592090284452,474.5725420070812,76.57902618032301,1
2045,completed,OpenAI,gpt-5.4,44,PASS,1,1,,357,40,727.3173750145361,454.5882910024375,146.66569260440718,1
2046,completed,OpenAI,gpt-5.4,45,PASS,1,1,,262,24,1017.3795829759911,879.6768329339102,174.28845823823988,1
2047,completed,OpenAI,gpt-5.4,46,PASS,1,1,,260,23,924.7148339636624,722.9677499271929,114.00412605637626,1
2048,completed,OpenAI,gpt-5.4,47,PASS,1,1,,257,30,907.9661669675261,711.3416669890285,152.57508603089,1
2049,completed,OpenAI,gpt-5.4,48,PASS,1,1,,257,30,1202.1499999100342,961.12158393953,124.46665211321488,1
2050,completed,OpenAI,gpt-5.4,49,PASS,1,1,,267,26,865.9555410267785,532.7914579538628,78.03962468040017,1
2051,completed,OpenAI,gpt-5.4,50,PASS,1,1,,261,26,733.0590409692377,523.559832945466,124.1054810911257,1
2052,completed,OpenAI,gpt-5.4,51,PASS,1,1,,263,43,775.9877500357106,435.7403750764206,126.37863849837157,1
2053,completed,OpenAI,gpt-5.4,52,PASS,1,1,,265,42,926.7042919527739,769.7577090002596,267.606973085279,1
2054,completed,OpenAI,gpt-5.4,53,PASS,1,1,,266,67,921.4776250300929,467.99799997825176,147.7464395282162,1
2055,completed,OpenAI,gpt-5.4,54,PASS,1,1,,259,72,2203.693374991417,1844.4797090487555,200.4378085423198,1
2056,completed,OpenAI,gpt-5.4,55,PASS,1,1,,258,23,671.0915409494191,520.1652910327539,152.39231089820078,1
2057,completed,OpenAI,gpt-5.4,56,PASS,1,1,,258,23,601.3982919976115,504.46083408314735,237.26638282896562,1
2058,completed,OpenAI,gpt-5.4,57,PASS,1,1,,262,62,972.7268340066075,532.9943749820814,140.99482248259943,1
2059,completed,OpenAI,gpt-5.4,58,PASS,1,1,,267,62,805.9712500544265,485.5125420726836,193.47266420212944,1
2060,completed,OpenAI,gpt-5.4,59,PASS,1,1,,263,84,1138.3159579709172,560.5464580003172,145.3866983360568,1
2061,completed,OpenAI,gpt-5.4,60,PASS,1,1,,265,87,1162.0663329958916,550.3562920494005,142.22424707200494,1
2062,completed,OpenAI,gpt-5.4,61,"FAIL
result mismatch (order_matters=False)
predicted: SELECT DISTINCT s.Major, s.Age
FROM Student AS s
WHERE s.StuID NOT IN (
  SELECT hp.StuID
  FROM Has_Pet AS hp
  JOIN Pets AS p ON hp.PetID = p.PetID
  WHERE p.PetType = 'cat'
)
gold: SELECT major ,  age FROM student WHERE stuid NOT IN (SELECT T1.stuid FROM student AS T1 JOIN has_pet AS T2 ON T1.stuid  =  T2.stuid JOIN pets AS T3 ON T3.petid  =  T2.petid WHERE T3.pettype  =  'cat')",0,1,,264,72,1132.4698749231175,580.7491670129821,130.50081131217465,1
2063,completed,OpenAI,gpt-5.4,62,"FAIL
result mismatch (order_matters=False)
predicted: SELECT DISTINCT s.Major, s.Age
FROM Student AS s
WHERE NOT EXISTS (
  SELECT 1
  FROM Has_Pet AS hp
  JOIN Pets AS p ON hp.PetID = p.PetID
  WHERE hp.StuID = s.StuID
    AND p.PetType = 'cat'
)
gold: SELECT major ,  age FROM student WHERE stuid NOT IN (SELECT T1.stuid FROM student AS T1 JOIN has_pet AS T2 ON T1.stuid  =  T2.stuid JOIN pets AS T3 ON T3.petid  =  T2.petid WHERE T3.pettype  =  'cat')",0,1,,271,78,1052.1989580010995,559.442957979627,158.2933541075117,1
2064,completed,OpenAI,gpt-5.4,63,PASS,1,1,,262,65,972.3891669418663,583.8635839754716,167.29915055715168,1
2065,completed,OpenAI,gpt-5.4,64,PASS,1,1,,264,68,1986.02829198353,1334.2756249476224,104.33405713436632,1
2066,completed,OpenAI,gpt-5.4,65,"FAIL
result mismatch (order_matters=False)
predicted: SELECT DISTINCT s.Fname, s.Age
FROM Student AS s
JOIN Has_Pet AS hp ON s.StuID = hp.StuID
JOIN Pets AS p ON hp.PetID = p.PetID
WHERE p.PetType = 'dog'
  AND s.StuID NOT IN (
    SELECT hp2.StuID
    FROM Has_Pet AS hp2
    JOIN Pets AS p2 ON hp2.PetID = p2.PetID
    WHERE p2.PetType = 'cat'
  )
gold: SELECT T1.fname ,  T1.age FROM student AS T1 JOIN has_pet AS T2 ON T1.stuid  =  T2.stuid JOIN pets AS T3 ON T3.petid  =  T2.petid WHERE T3.pettype  =  'dog' AND T1.stuid NOT IN (SELECT T1.stuid FROM student AS T1 JOIN has_pet AS T2 ON T1.stuid  =  T2.stuid JOIN pets AS T3 ON T3.petid  =  T2.petid WHERE T3.pettype  =  'cat')",0,1,,271,121,1818.7431250698864,796.147666987963,118.32636165523267,1
2067,completed,OpenAI,gpt-5.4,66,"FAIL
result mismatch (order_matters=False)
predicted: SELECT DISTINCT s.Fname
FROM Student AS s
WHERE EXISTS (
  SELECT 1
  FROM Has_Pet AS hp
  JOIN Pets AS p ON hp.PetID = p.PetID
  WHERE hp.StuID = s.StuID
    AND p.PetType = 'dog'
)
AND NOT EXISTS (
  SELECT 1
  FROM Has_Pet AS hp
  JOIN Pets AS p ON hp.PetID = p.PetID
  WHERE hp.StuID = s.StuID
    AND p.PetType = 'cat'
)
gold: SELECT T1.fname ,  T1.age FROM student AS T1 JOIN has_pet AS T2 ON T1.stuid  =  T2.stuid JOIN pets AS T3 ON T3.petid  =  T2.petid WHERE T3.pettype  =  'dog' AND T1.stuid NOT IN (SELECT T1.stuid FROM student AS T1 JOIN has_pet AS T2 ON T1.stuid  =  T2.stuid JOIN pets AS T3 ON T3.petid  =  T2.petid WHERE T3.pettype  =  'cat')",0,1,,268,129,1353.6683339625597,648.4355420107022,182.91832352685913,1
2068,completed,OpenAI,gpt-5.4,67,PASS,1,1,,259,39,892.6354999421164,640.1544589316472,154.46704371906822,1
2069,completed,OpenAI,gpt-5.4,68,PASS,1,1,,265,36,711.4933750126511,586.6892910562456,288.45209915225945,1
2070,completed,OpenAI,gpt-5.4,69,PASS,1,1,,265,23,2728.573750006035,2132.4499590555206,38.582590309517244,1
2071,completed,OpenAI,gpt-5.4,70,PASS,1,1,,265,23,645.7291659899056,454.0617080638185,119.9995046048428,1
2072,completed,OpenAI,gpt-5.4,71,PASS,1,1,,261,37,952.063333010301,667.9972079582512,130.25136310505326,1
2073,completed,OpenAI,gpt-5.4,72,PASS,1,1,,261,37,695.0275840936229,580.1087090512738,321.9662565123877,1
2074,completed,OpenAI,gpt-5.4,73,PASS,1,1,,258,26,831.8449159851298,520.8043329184875,83.59037828330378,1
2075,completed,OpenAI,gpt-5.4,74,PASS,1,1,,260,26,980.9838330838829,896.5277500683442,307.85230704123893,1
2076,completed,OpenAI,gpt-5.4,75,PASS,1,1,,262,39,1023.9160839701071,644.585374975577,102.81266207888898,1
2077,completed,OpenAI,gpt-5.4,76,PASS,1,1,,265,39,873.6968750599772,618.7670000363141,152.9832468492755,1
2078,completed,OpenAI,gpt-5.4,77,PASS,1,1,,265,43,1283.9889170136303,911.1328750150278,115.32601099745938,1
2079,completed,OpenAI,gpt-5.4,78,PASS,1,1,,268,43,869.9949580477551,554.8894579987973,136.4622324691861,1
2080,completed,OpenAI,gpt-5.4,79,PASS,1,1,,265,34,778.3145409775898,550.3595829941332,149.15227245229514,1
2081,completed,OpenAI,gpt-5.4,80,PASS,1,1,,270,30,842.4774169689044,538.0474589765072,98.54483506760926,1
2082,completed,OpenAI,gpt-5.4,81,PASS,1,1,,264,66,876.6360420268029,581.2606250401586,223.44445815199396,1
2083,completed,OpenAI,gpt-5.4,82,PASS,1,1,,268,66,1635.3567920159549,712.1165000135079,71.48734795450747,1
2084,completed,OpenAI,gpt-5.4,83,PASS,1,1,,266,67,889.9165419861674,596.9864169601351,228.72348821769626,1
2085,completed,OpenAI,gpt-5.4,84,PASS,1,1,,268,66,2952.9243339784443,2668.4107090113685,231.97483075770998,1
2086,completed,OpenAI,gpt-5.4,85,PASS,1,1,,262,33,683.9037500321865,430.9950830647722,130.48188658655909,1
2087,completed,OpenAI,gpt-5.4,86,PASS,1,1,,264,37,697.5457499502227,442.3815000336617,145.00463921610904,1
2088,completed,OpenAI,gpt-5.4,87,PASS,1,1,,410,17,958.815791993402,762.0417920406908,86.39352762095322,1
2089,completed,OpenAI,gpt-5.4,88,PASS,1,1,,411,20,713.0931670544669,569.6957920445129,139.47256704393433,1
2090,completed,OpenAI,gpt-5.4,89,PASS,1,1,,425,71,981.8217909196392,495.3857079381123,145.95956690716204,1
2091,completed,OpenAI,gpt-5.4,90,PASS,1,1,,421,71,929.8505409387872,504.3885000050068,166.87740190446405,1
2092,completed,OpenAI,gpt-5.4,91,PASS,1,1,,410,17,755.8852499350905,550.9807919152081,82.96549603791658,1
2093,completed,OpenAI,gpt-5.4,92,PASS,1,1,,409,17,958.0450829816982,535.5792499613017,40.23994053781681,1
2094,completed,OpenAI,gpt-5.4,93,PASS,1,1,,423,62,1103.8884159643203,515.1012080023065,105.3012007760875,1
2095,completed,OpenAI,gpt-5.4,94,PASS,1,1,,425,64,1502.9674170073122,630.9513750020415,73.39314521419455,1
2096,completed,OpenAI,gpt-5.4,95,"FAIL
result mismatch (order_matters=True)
predicted: SELECT cn.Model
FROM car_names AS cn
JOIN cars_data AS cd ON cn.MakeId = cd.Id
WHERE CAST(cd.Horsepower AS REAL) = (
  SELECT MIN(CAST(Horsepower AS REAL))
  FROM cars_data
  WHERE Horsepower IS NOT NULL AND Horsepower != ''
)
gold: SELECT T1.Model FROM CAR_NAMES AS T1 JOIN CARS_DATA AS T2 ON T1.MakeId  =  T2.Id ORDER BY T2.horsepower ASC LIMIT 1;",0,1,,414,70,791.6430829791352,518.683125032112,256.4478706931285,1
2097,completed,OpenAI,gpt-5.4,96,"FAIL
result mismatch (order_matters=True)
predicted: SELECT cn.Model
FROM cars_data cd
JOIN car_names cn ON cd.Id = cn.MakeId
WHERE CAST(cd.Horsepower AS INTEGER) = (
  SELECT MIN(CAST(Horsepower AS INTEGER))
  FROM cars_data
  WHERE Horsepower IS NOT NULL AND Horsepower != ''
)
gold: SELECT T1.Model FROM CAR_NAMES AS T1 JOIN CARS_DATA AS T2 ON T1.MakeId  =  T2.Id ORDER BY T2.horsepower ASC LIMIT 1;",0,1,,418,68,956.8530840333551,544.3465419812128,164.8458704720483,1
2098,completed,OpenAI,gpt-5.4,97,"FAIL
result mismatch (order_matters=False)
predicted: SELECT DISTINCT cn.Model
FROM car_names AS cn
JOIN cars_data AS cd ON cn.MakeId = cd.Id
WHERE cd.Weight < (
  SELECT AVG(Weight)
  FROM cars_data
)
gold: SELECT T1.model FROM CAR_NAMES AS T1 JOIN CARS_DATA AS T2 ON T1.MakeId  =  T2.Id WHERE T2.Weight  <  (SELECT avg(Weight) FROM CARS_DATA)",0,1,,418,48,1059.1629589907825,657.6662090374157,119.55264894566425,1
2099,completed,OpenAI,gpt-5.4,98,"FAIL
result mismatch (order_matters=False)
predicted: SELECT DISTINCT cn.Model
FROM car_names AS cn
JOIN cars_data AS cd ON cn.MakeId = cd.Id
WHERE cd.Weight < (SELECT AVG(Weight) FROM cars_data)
gold: SELECT T1.model FROM CAR_NAMES AS T1 JOIN CARS_DATA AS T2 ON T1.MakeId  =  T2.Id WHERE T2.Weight  <  (SELECT avg(Weight) FROM CARS_DATA)",0,1,,419,45,851.1903330218047,549.1553330793977,148.9893555666752,1
2100,completed,OpenAI,gpt-5.4,99,PASS,1,1,,422,66,2038.2242919877172,723.8241250161082,50.213018575663035,1
2101,completed,OpenAI,gpt-5.4,100,PASS,1,1,,422,66,970.3451249515638,633.4089169977233,195.88277674521063,1
2102,completed,OpenAI,gpt-5.4,101,PASS,1,1,,421,45,827.9946249676868,467.9958749329671,125.00043401722928,1
2103,completed,OpenAI,gpt-5.4,102,"FAIL
result mismatch (order_matters=False)
predicted: SELECT cm.Maker, cd.Year
FROM cars_data cd
JOIN car_names cn ON cd.Id = cn.MakeId
JOIN model_list ml ON cn.Model = ml.Model
JOIN car_makers cm ON ml.Maker = cm.Id
WHERE cd.Year = (SELECT MIN(Year) FROM cars_data)
LIMIT 1
gold: SELECT T2.Make ,  T1.Year FROM CARS_DATA AS T1 JOIN CAR_NAMES AS T2 ON T1.Id  =  T2.MakeId WHERE T1.Year  =  (SELECT min(YEAR) FROM CARS_DATA);",0,1,,422,74,873.226708965376,432.5391249731183,167.91941204610856,1
2104,completed,OpenAI,gpt-5.4,103,PASS,1,1,,416,41,2009.9666659953073,1400.025290902704,67.21957498583409,1
2105,completed,OpenAI,gpt-5.4,104,PASS,1,1,,418,41,1881.7134590353817,1234.819084056653,63.37974418365931,1
2106,completed,OpenAI,gpt-5.4,105,"FAIL
result mismatch (order_matters=False)
predicted: SELECT ct.Continent, COUNT(cm.Id) AS maker_count
FROM continents AS ct
JOIN countries AS c
  ON c.Continent = ct.ContId
LEFT JOIN car_makers AS cm
  ON cm.Country = c.CountryId
GROUP BY ct.ContId, ct.Continent
ORDER BY ct.Continent
gold: SELECT T1.Continent ,  count(*) FROM CONTINENTS AS T1 JOIN COUNTRIES AS T2 ON T1.ContId  =  T2.continent JOIN car_makers AS T3 ON T2.CountryId  =  T3.Country GROUP BY T1.Continent;",0,1,,422,79,1229.629874927923,588.1274580024183,123.14840586044738,1
2107,completed,OpenAI,gpt-5.4,106,"FAIL
result mismatch (order_matters=False)
predicted: SELECT ct.Continent,
       COUNT(cm.Id) AS maker_count
FROM continents AS ct
LEFT JOIN countries AS c
  ON c.Continent = ct.ContId
LEFT JOIN car_makers AS cm
  ON cm.Country = c.CountryId
GROUP BY ct.ContId, ct.Continent
ORDER BY ct.Continent
gold: SELECT T1.Continent ,  count(*) FROM CONTINENTS AS T1 JOIN COUNTRIES AS T2 ON T1.ContId  =  T2.continent JOIN car_makers AS T3 ON T2.CountryId  =  T3.Country GROUP BY T1.Continent;",0,1,,422,81,1246.599082951434,644.5317919133231,134.53645664812026,1
2108,completed,OpenAI,gpt-5.4,107,PASS,1,1,,419,49,810.1284999866039,562.6484169624746,197.99573121697438,1
2109,completed,OpenAI,gpt-5.4,108,PASS,1,1,,417,49,1244.2794159287587,1021.836958010681,220.28168749171968,1
2110,completed,OpenAI,gpt-5.4,109,PASS,1,1,,424,54,1414.687667042017,850.4595840349793,95.7059771151562,1
2111,completed,OpenAI,gpt-5.4,110,PASS,1,1,,429,64,891.0343339666724,531.5622499911115,178.0388599086629,1
2112,completed,OpenAI,gpt-5.4,111,PASS,1,1,,421,51,780.3628750843927,505.7334579760209,185.7047964380117,1
2113,completed,OpenAI,gpt-5.4,112,PASS,1,1,,421,47,760.0171669619158,511.54387497808784,189.1551386660061,1
2114,completed,OpenAI,gpt-5.4,113,PASS,1,1,,413,40,1103.809459018521,563.0616249982268,73.97163240139544,1
2115,completed,OpenAI,gpt-5.4,114,"FAIL
result mismatch (order_matters=False)
predicted: SELECT COUNT(*) AS number_of_makers
FROM car_makers cm
JOIN countries c ON cm.Country = c.CountryId
WHERE c.CountryName = 'France'
gold: SELECT count(*) FROM CAR_MAKERS AS T1 JOIN COUNTRIES AS T2 ON T1.Country  =  T2.CountryId WHERE T2.CountryName  =  'france';",0,1,,415,41,757.5327500235289,483.71983296237886,149.7372747789088,1
2116,completed,OpenAI,gpt-5.4,115,PASS,1,1,,414,53,1229.8362499568611,878.3579589799047,150.79167436680967,1
2117,completed,OpenAI,gpt-5.4,116,"FAIL
result mismatch (order_matters=False)
predicted: SELECT COUNT(DISTINCT ml.ModelId)
FROM model_list AS ml
JOIN car_makers AS cm ON ml.Maker = cm.Id
JOIN countries AS c ON cm.Country = c.CountryId
WHERE c.CountryName = 'United States'
gold: SELECT count(*) FROM MODEL_LIST AS T1 JOIN CAR_MAKERS AS T2 ON T1.Maker  =  T2.Id JOIN COUNTRIES AS T3 ON T2.Country  =  T3.CountryId WHERE T3.CountryName  =  'usa';",0,1,,418,57,914.1945419833064,515.1803750777617,142.8520707473856,1
2118,completed,OpenAI,gpt-5.4,117,PASS,1,1,,422,32,776.8371659331024,666.828415938653,290.88595226847514,1
2119,completed,OpenAI,gpt-5.4,118,PASS,1,1,,420,35,741.1032080417499,527.106708032079,163.5540768116221,1
2120,completed,OpenAI,gpt-5.4,119,PASS,1,1,,422,31,997.9967080289498,880.2822910947725,263.3492209992797,1
2121,completed,OpenAI,gpt-5.4,120,PASS,1,1,,422,31,758.4913750179112,443.18033300805837,98.31561813503288,1
2122,completed,OpenAI,gpt-5.4,121,"FAIL
result mismatch (order_matters=False)
predicted: SELECT cm.Maker, ml.Model
FROM car_makers AS cm
JOIN model_list AS ml
  ON cm.Id = ml.Maker
gold: SELECT Maker ,  Model FROM MODEL_LIST;",0,1,,412,37,683.7038750527427,437.80425004661083,150.46789924578923,1
2123,completed,OpenAI,gpt-5.4,122,"FAIL
result mismatch (order_matters=False)
predicted: SELECT cm.Maker, ml.Model
FROM car_makers AS cm
JOIN model_list AS ml
  ON cm.Id = ml.Maker
gold: SELECT Maker ,  Model FROM MODEL_LIST;",0,1,,411,37,761.7908329702914,533.9112499495968,162.36645472815306,1
2124,completed,OpenAI,gpt-5.4,123,PASS,1,1,,420,44,1017.3267499776557,639.2034159507602,116.36414905003015,1
2125,completed,OpenAI,gpt-5.4,124,PASS,1,1,,420,38,830.2052500657737,461.34995901957154,103.02143122908377,1
2126,completed,OpenAI,gpt-5.4,125,"FAIL
result mismatch (order_matters=False)
predicted: SELECT COUNT(*) 
FROM cars_data
WHERE CAST(Horsepower AS INTEGER) > 150
gold: SELECT count(*) FROM CARS_DATA WHERE horsepower  >  150;",0,1,,418,27,895.9867500234395,831.48858405184,418.61655433565215,1
2127,completed,OpenAI,gpt-5.4,126,"FAIL
result mismatch (order_matters=False)
predicted: SELECT COUNT(*) AS number_of_cars
FROM cars_data
WHERE CAST(Horsepower AS INTEGER) > 150
gold: SELECT count(*) FROM CARS_DATA WHERE horsepower  >  150;",0,1,,418,32,1934.7662079380825,1732.1180410217494,157.90915105198934,1
2128,completed,OpenAI,gpt-5.4,127,PASS,1,1,,414,34,1594.566332991235,1382.36729206983,160.22692587283203,1
2129,completed,OpenAI,gpt-5.4,128,"FAIL
result mismatch (order_matters=False)
predicted: SELECT
  ""Year"",
  AVG(""Weight"") AS avg_weight,
  AVG(""Year"") AS avg_year
FROM ""cars_data""
GROUP BY ""Year""
ORDER BY ""Year""
gold: SELECT avg(Weight) ,  YEAR FROM CARS_DATA GROUP BY YEAR;",0,1,,415,46,803.4734579268843,417.8780409274623,119.29602368709935,1
2130,completed,OpenAI,gpt-5.4,129,"FAIL
result mismatch (order_matters=False)
predicted: SELECT c.CountryName
FROM countries c
JOIN continents ct ON c.Continent = ct.ContId
JOIN car_makers cm ON cm.Country = c.CountryId
WHERE ct.Continent = 'Europe'
GROUP BY c.CountryId, c.CountryName
HAVING COUNT(cm.Id) >= 3
gold: SELECT T1.CountryName FROM COUNTRIES AS T1 JOIN CONTINENTS AS T2 ON T1.Continent  =  T2.ContId JOIN CAR_MAKERS AS T3 ON T1.CountryId  =  T3.Country WHERE T2.Continent  =  'europe' GROUP BY T1.CountryName HAVING count(*)  >=  3;",0,1,,416,72,993.6622920213267,482.4380830395967,140.83840071543466,1
2131,completed,OpenAI,gpt-5.4,130,"FAIL
result mismatch (order_matters=False)
predicted: SELECT c.CountryName
FROM countries c
JOIN continents ct ON c.Continent = ct.ContId
JOIN car_makers cm ON cm.Country = c.CountryId
WHERE ct.Continent = 'Europe'
GROUP BY c.CountryId, c.CountryName
HAVING COUNT(cm.Id) >= 3
gold: SELECT T1.CountryName FROM COUNTRIES AS T1 JOIN CONTINENTS AS T2 ON T1.Continent  =  T2.ContId JOIN CAR_MAKERS AS T3 ON T1.CountryId  =  T3.Country WHERE T2.Continent  =  'europe' GROUP BY T1.CountryName HAVING count(*)  >=  3;",0,1,,419,72,1361.5437500411645,933.3751249359921,168.1580475036311,1
2132,completed,OpenAI,gpt-5.4,131,"FAIL
result mismatch (order_matters=True)
predicted: SELECT MAX(CAST(cd.Horsepower AS INTEGER)) AS max_horsepower, cn.Make
FROM cars_data cd
JOIN car_names cn ON cd.Id = cn.MakeId
WHERE cd.Cylinders = 3
GROUP BY cn.Make
ORDER BY max_horsepower DESC
LIMIT 1
gold: SELECT T2.horsepower ,  T1.Make FROM CAR_NAMES AS T1 JOIN CARS_DATA AS T2 ON T1.MakeId  =  T2.Id WHERE T2.cylinders  =  3 ORDER BY T2.horsepower DESC LIMIT 1;",0,1,,421,70,2831.9132910110056,2192.7836250979453,109.52394128036293,1
2133,completed,OpenAI,gpt-5.4,132,"FAIL
result mismatch (order_matters=True)
predicted: SELECT cn.Make, MAX(CAST(cd.Horsepower AS INTEGER)) AS largest_horsepower
FROM cars_data cd
JOIN car_names cn ON cd.Id = cn.MakeId
WHERE cd.Cylinders = 3
gold: SELECT T2.horsepower ,  T1.Make FROM CAR_NAMES AS T1 JOIN CARS_DATA AS T2 ON T1.MakeId  =  T2.Id WHERE T2.cylinders  =  3 ORDER BY T2.horsepower DESC LIMIT 1;",0,1,,424,53,872.3022500053048,497.79450008645654,141.51910077023643,1
2134,completed,OpenAI,gpt-5.4,133,"FAIL
result mismatch (order_matters=True)
predicted: SELECT cn.Model
FROM car_names AS cn
JOIN cars_data AS cd
  ON cn.MakeId = cd.Id
WHERE CAST(cd.MPG AS REAL) = (
  SELECT MAX(CAST(MPG AS REAL))
  FROM cars_data
)
gold: SELECT T1.Model FROM CAR_NAMES AS T1 JOIN CARS_DATA AS T2 ON T1.MakeId  =  T2.Id ORDER BY T2.mpg DESC LIMIT 1;",0,1,,423,58,1028.3709580544382,713.8365410501137,184.399534246208,1
2135,completed,OpenAI,gpt-5.4,134,"FAIL
result mismatch (order_matters=True)
predicted: SELECT cn.Model
FROM cars_data cd
JOIN car_names cn ON cd.Id = cn.MakeId
WHERE CAST(cd.MPG AS REAL) = (
  SELECT MAX(CAST(MPG AS REAL))
  FROM cars_data
)
gold: select t1.model from car_names as t1 join cars_data as t2 on t1.makeid  =  t2.id order by t2.mpg desc limit 1;",0,1,,414,54,1049.2096249945462,609.5628330949694,122.8258706646825,1
2136,completed,OpenAI,gpt-5.4,135,PASS,1,1,,417,34,1064.734791056253,942.1050410019234,277.2573538226793,1
2137,completed,OpenAI,gpt-5.4,136,PASS,1,1,,418,34,960.2064159698784,750.1874580048025,161.8901471059287,1
2138,completed,OpenAI,gpt-5.4,137,PASS,1,1,,419,44,817.1259169466794,522.7619169745594,149.4747999217546,1
2139,completed,OpenAI,gpt-5.4,138,"FAIL
result mismatch (order_matters=False)
predicted: SELECT AVG(cd.Edispl) AS average_edispl
FROM cars_data cd
JOIN car_names cn ON cd.Id = cn.MakeId
WHERE cn.Make = 'volvo'
gold: SELECT avg(T2.edispl) FROM CAR_NAMES AS T1 JOIN CARS_DATA AS T2 ON T1.MakeId  =  T2.Id WHERE T1.Model  =  'volvo';",0,1,,416,45,811.5041250130162,487.74087510537356,138.99045062352442,1
2140,completed,OpenAI,gpt-5.4,139,PASS,1,1,,415,35,1710.7519999844953,1314.2988329054788,88.28281095059128,1
2141,completed,OpenAI,gpt-5.4,140,PASS,1,1,,415,36,1091.4076250046492,724.1828340338543,98.03259715889676,1
2142,completed,OpenAI,gpt-5.4,141,PASS,1,1,,415,35,1002.4568750523031,746.1028330726549,136.52993231438353,1
2143,completed,OpenAI,gpt-5.4,142,PASS,1,1,,412,37,1067.7341249538586,1010.3082079440355,644.3083876861896,1
2144,completed,OpenAI,gpt-5.4,143,PASS,1,1,,414,25,917.7052500890568,636.0637081088498,88.7653143219793,1
2145,completed,OpenAI,gpt-5.4,144,PASS,1,1,,417,27,595.9086249349639,446.84429198969156,181.12984821065692,1
2146,completed,OpenAI,gpt-5.4,145,PASS,1,1,,414,29,823.7042910186574,589.8579580243677,124.0130628890732,1
2147,completed,OpenAI,gpt-5.4,146,PASS,1,1,,415,26,607.1955830557272,556.6457080421969,514.3435071410325,1
2148,completed,OpenAI,gpt-5.4,147,PASS,1,1,,420,42,950.1905420329422,657.2494170395657,143.37351917027576,1
2149,completed,OpenAI,gpt-5.4,148,PASS,1,1,,420,42,885.7404999434948,538.9657079940662,121.11607006925985,1
2150,completed,OpenAI,gpt-5.4,149,PASS,1,1,,421,56,1141.1610840586945,1053.903584019281,641.7786433797119,1
2151,completed,OpenAI,gpt-5.4,150,"FAIL
result mismatch (order_matters=False)
predicted: SELECT cm.Id, cm.Maker
FROM car_makers AS cm
JOIN model_list AS ml ON ml.Maker = cm.Id
GROUP BY cm.Id, cm.Maker
HAVING COUNT(ml.ModelId) > 3
gold: SELECT T1.FullName ,  T1.Id FROM CAR_MAKERS AS T1 JOIN MODEL_LIST AS T2 ON T1.Id  =  T2.Maker GROUP BY T1.Id HAVING count(*)  >  3;",0,1,,420,56,968.9249160001054,563.6937910458073,138.19274125677208,1
2152,completed,OpenAI,gpt-5.4,151,PASS,1,1,,425,83,1373.4017920214683,1221.760082989931,547.3428157073747,1
2153,completed,OpenAI,gpt-5.4,152,PASS,1,1,,425,76,901.2232919922099,478.9037499576807,179.95852058815262,1
2154,completed,OpenAI,gpt-5.4,153,PASS,1,1,,425,41,750.9902500314638,471.68225003406405,146.79135578064967,1
2155,completed,OpenAI,gpt-5.4,154,PASS,1,1,,433,34,1358.151709078811,1154.146375018172,166.66230888793203,1
2156,completed,OpenAI,gpt-5.4,155,PASS,1,1,,416,25,681.7051250254735,490.6030420679599,130.82013347577208,1
2157,completed,OpenAI,gpt-5.4,156,PASS,1,1,,416,25,1071.3872920023277,978.8184589706361,270.069300662363,1
2158,completed,OpenAI,gpt-5.4,157,PASS,1,1,,421,55,1597.2757909912616,1295.313874958083,182.14217449182163,1
2159,completed,OpenAI,gpt-5.4,158,"FAIL
result mismatch (order_matters=True)
predicted: SELECT cd.Cylinders
FROM cars_data cd
JOIN car_names cn ON cd.Id = cn.MakeId
WHERE LOWER(cn.Make) = 'volvo'
ORDER BY cd.Accelerate ASC
LIMIT 1
gold: SELECT T1.cylinders FROM CARS_DATA AS T1 JOIN CAR_NAMES AS T2 ON T1.Id  =  T2.MakeId WHERE T2.Model  =  'volvo' ORDER BY T1.accelerate ASC LIMIT 1;",0,1,,421,53,1049.3128329981118,508.77079099882394,98.04972764740069,1
2160,completed,OpenAI,gpt-5.4,159,"FAIL
result mismatch (order_matters=True)
predicted: SELECT COUNT(*)
FROM cars_data
WHERE Accelerate > (
  SELECT Accelerate
  FROM cars_data
  WHERE CAST(Horsepower AS INTEGER) = (
    SELECT MAX(CAST(Horsepower AS INTEGER))
    FROM cars_data
    WHERE Horsepower != 'null'
  )
  LIMIT 1
)
gold: SELECT COUNT(*) FROM CARS_DATA WHERE Accelerate  >  ( SELECT Accelerate FROM CARS_DATA ORDER BY Horsepower DESC LIMIT 1 );",0,1,,419,73,1136.3687079865485,1013.1412500049919,592.4004373353692,1
2161,completed,OpenAI,gpt-5.4,160,"FAIL
result mismatch (order_matters=True)
predicted: SELECT COUNT(*)
FROM cars_data
WHERE Accelerate > (
  SELECT Accelerate
  FROM cars_data
  WHERE CAST(Horsepower AS INTEGER) = (
    SELECT MAX(CAST(Horsepower AS INTEGER))
    FROM cars_data
    WHERE Horsepower != 'null'
  )
  LIMIT 1
)
gold: SELECT COUNT(*) FROM CARS_DATA WHERE Accelerate  >  ( SELECT Accelerate FROM CARS_DATA ORDER BY Horsepower DESC LIMIT 1 );",0,1,,422,73,917.0967920217663,469.8515000054613,163.22139394893546,1
2162,completed,OpenAI,gpt-5.4,161,"FAIL
result mismatch (order_matters=False)
predicted: SELECT COUNT(*) AS country_count
FROM (
  SELECT c.CountryId
  FROM countries c
  JOIN car_makers cm ON cm.Country = c.CountryId
  GROUP BY c.CountryId
  HAVING COUNT(cm.Id) > 2
)
gold: select count(*) from countries as t1 join car_makers as t2 on t1.countryid  =  t2.country group by t1.countryid having count(*)  >  2",0,1,,415,60,1128.7444169865921,834.7355420701206,204.07547226948884,1
2163,completed,OpenAI,gpt-5.4,162,"FAIL
result mismatch (order_matters=False)
predicted: SELECT COUNT(*) AS country_count
FROM (
  SELECT Country
  FROM car_makers
  GROUP BY Country
  HAVING COUNT(*) > 2
)
gold: select count(*) from countries as t1 join car_makers as t2 on t1.countryid  =  t2.country group by t1.countryid having count(*)  >  2",0,1,,418,41,1068.4551669983193,959.8274580202997,377.4359266685462,1
2164,completed,OpenAI,gpt-5.4,163,PASS,1,1,,413,25,681.7595839966089,596.1572088999674,292.04797147013795,1
2165,completed,OpenAI,gpt-5.4,164,PASS,1,1,,417,27,629.7585829161108,488.22954192291945,190.77356711050504,1
2166,completed,OpenAI,gpt-5.4,165,"FAIL
result mismatch (order_matters=True)
predicted: SELECT cn.Model
FROM cars_data cd
JOIN car_names cn ON cd.Id = cn.MakeId
WHERE cd.Cylinders = 4
  AND CAST(cd.Horsepower AS INTEGER) = (
    SELECT MAX(CAST(Horsepower AS INTEGER))
    FROM cars_data
    WHERE Cylinders = 4
  )
gold: SELECT T1.Model FROM CAR_NAMES AS T1 JOIN CARS_DATA AS T2 ON T1.MakeId  =  T2.Id WHERE T2.Cylinders  =  4 ORDER BY T2.horsepower DESC LIMIT 1;",0,1,,419,75,979.8845410114154,493.4114159550518,154.17090099542574,1
2167,completed,OpenAI,gpt-5.4,166,"FAIL
result mismatch (order_matters=True)
predicted: SELECT cn.Model
FROM cars_data cd
JOIN car_names cn ON cd.Id = cn.MakeId
WHERE cd.Cylinders = 4
ORDER BY CAST(cd.Horsepower AS REAL) DESC
LIMIT 1
gold: SELECT T1.Model FROM CAR_NAMES AS T1 JOIN CARS_DATA AS T2 ON T1.MakeId  =  T2.Id WHERE T2.Cylinders  =  4 ORDER BY T2.horsepower DESC LIMIT 1;",0,1,,420,53,997.1777920145541,903.2773330109194,564.4274858970439,1
2168,completed,OpenAI,gpt-5.4,167,"FAIL
result mismatch (order_matters=False)
predicted: SELECT cn.MakeId, cn.Make
FROM car_names AS cn
JOIN cars_data AS cd ON cd.Id = cn.MakeId
WHERE CAST(cd.Horsepower AS REAL) > (
  SELECT MIN(CAST(Horsepower AS REAL))
  FROM cars_data
  WHERE Horsepower != 'NA'
)
AND cd.Cylinders <= 3
gold: SELECT T2.MakeId ,  T2.Make FROM CARS_DATA AS T1 JOIN CAR_NAMES AS T2 ON T1.Id  =  T2.MakeId WHERE T1.Horsepower  >  (SELECT min(Horsepower) FROM CARS_DATA) AND T1.Cylinders  <=  3;",0,1,,433,79,1036.1759590450674,928.6195420427248,734.4982494003992,1
2169,completed,OpenAI,gpt-5.4,168,"FAIL
result mismatch (order_matters=False)
predicted: SELECT cn.MakeId, cn.Make
FROM car_names AS cn
JOIN cars_data AS cd ON cn.MakeId = cd.Id
WHERE cd.Cylinders < 4
  AND CAST(cd.Horsepower AS REAL) > (
    SELECT MIN(CAST(Horsepower AS REAL))
    FROM cars_data
    WHERE Horsepower IS NOT NULL
      AND Horsepower != ''
  )
gold: select t2.makeid ,  t2.make from cars_data as t1 join car_names as t2 on t1.id  =  t2.makeid where t1.horsepower  >  (select min(horsepower) from cars_data) and t1.cylinders  <  4;",0,1,,432,87,1042.2212090343237,509.7872919868678,163.40055960831225,1
2170,completed,OpenAI,gpt-5.4,169,"FAIL
result mismatch (order_matters=False)
predicted: SELECT MAX(CAST(MPG AS REAL)) AS max_mpg
FROM cars_data
WHERE Cylinders = 8 OR Year < 1980
gold: select max(mpg) from cars_data where cylinders  =  8 or year  <  1980",0,1,,425,38,691.8810410425067,479.177208035253,178.65216372807024,1
2171,completed,OpenAI,gpt-5.4,170,"FAIL
result mismatch (order_matters=False)
predicted: SELECT MAX(CAST(MPG AS REAL)) AS max_mpg
FROM cars_data
WHERE Cylinders = 8 OR Year < 1980
gold: select max(mpg) from cars_data where cylinders  =  8 or year  <  1980",0,1,,426,38,802.2098330548033,434.42175001837313,103.32036776796822,1
2172,completed,OpenAI,gpt-5.4,171,PASS,1,1,,423,72,883.3857499994338,523.4899169299752,200.0578872667977,1
2173,completed,OpenAI,gpt-5.4,172,PASS,1,1,,427,72,1102.2447919240221,565.0247919838876,134.0233051785551,1
2174,completed,OpenAI,gpt-5.4,173,PASS,1,1,,420,54,975.3436670871451,514.6952500799671,117.22606223383276,1
2175,completed,OpenAI,gpt-5.4,174,PASS,1,1,,416,40,750.7158749504015,686.2803749972954,620.7758150260436,1
2176,completed,OpenAI,gpt-5.4,175,"FAIL
result mismatch (order_matters=False)
predicted: SELECT cm.Id, cm.Maker
FROM car_makers AS cm
JOIN model_list AS ml ON ml.Maker = cm.Id
GROUP BY cm.Id, cm.Maker
HAVING COUNT(DISTINCT ml.ModelId) >= 2
   AND (
     SELECT COUNT(*)
     FROM car_makers
   ) > 3
gold: select t1.id ,  t1.maker from car_makers as t1 join model_list as t2 on t1.id  =  t2.maker group by t1.id having count(*)  >=  2 intersect select t1.id ,  t1.maker from car_makers as t1 join model_list as t2 on t1.id  =  t2.maker join car_names as t3 on t2.model  =  t3.model group by t1.id having count(*)  >  3;",0,1,,431,78,1425.0769580248743,631.7122499458492,98.31543955220984,1
2177,completed,OpenAI,gpt-5.4,176,"FAIL
result mismatch (order_matters=False)
predicted: SELECT cm.Id, cm.Maker
FROM car_makers AS cm
JOIN model_list AS ml ON ml.Maker = cm.Id
JOIN car_names AS cn ON cn.Model = ml.Model
GROUP BY cm.Id, cm.Maker
HAVING COUNT(DISTINCT ml.ModelId) >= 2
   AND COUNT(DISTINCT cn.MakeId) > 3
gold: SELECT T1.Id ,  T1.Maker FROM CAR_MAKERS AS T1 JOIN MODEL_LIST AS T2 ON T1.Id  =  T2.Maker GROUP BY T1.Id HAVING count(*)  >=  2 INTERSECT SELECT T1.Id ,  T1.Maker FROM CAR_MAKERS AS T1 JOIN MODEL_LIST AS T2 ON T1.Id  =  T2.Maker JOIN CAR_NAMES AS T3 ON T2.model  =  T3.model GROUP BY T1.Id HAVING count(*)  >  3;",0,1,,429,84,1342.2542499611154,632.3172498960048,118.32035799274595,1
2178,completed,OpenAI,gpt-5.4,177,PASS,1,1,,430,99,1222.5718749687076,795.6967499339953,231.91794085436484,1
2179,completed,OpenAI,gpt-5.4,178,PASS,1,1,,427,104,1347.7996659930795,1079.8264580080286,388.0984997791335,1
2180,completed,OpenAI,gpt-5.4,179,PASS,1,1,,265,21,677.1425410406664,568.3961659669876,193.10988514120032,1
2181,completed,OpenAI,gpt-5.4,180,"FAIL
result mismatch (order_matters=False)
predicted: SELECT Country
FROM airlines
WHERE Airline = 'Jetblue Airways'
gold: SELECT Country FROM AIRLINES WHERE Airline  =  ""JetBlue Airways""",0,1,,262,21,892.6937090000138,482.8696670010686,51.24150329875974,1
2182,completed,OpenAI,gpt-5.4,181,PASS,1,1,,264,22,723.2853750465438,667.939709033817,397.5017663522398,1
2183,completed,OpenAI,gpt-5.4,182,"FAIL
result mismatch (order_matters=False)
predicted: SELECT Abbreviation
FROM airlines
WHERE Airline = 'Jetblue Airways'
gold: SELECT Abbreviation FROM AIRLINES WHERE Airline  =  ""JetBlue Airways""",0,1,,261,22,881.690707989037,673.060292028822,105.44962918635656,1
2184,completed,OpenAI,gpt-5.4,183,PASS,1,1,,265,22,570.7285000244156,425.1433330355212,151.11429587932005,1
2185,completed,OpenAI,gpt-5.4,184,PASS,1,1,,267,29,892.0912499306723,636.6090829251334,113.51085807633403,1
2186,completed,OpenAI,gpt-5.4,185,PASS,1,1,,265,23,578.8108750712126,442.9438749793917,169.28319595233762,1
2187,completed,OpenAI,gpt-5.4,186,PASS,1,1,,268,29,1189.1963749658316,829.7610420268029,80.68210702290442,1
2188,completed,OpenAI,gpt-5.4,187,PASS,1,1,,260,17,899.6401249896735,647.3447089083493,67.38132727120285,1
2189,completed,OpenAI,gpt-5.4,188,PASS,1,1,,261,20,796.534207998775,619.0701669547707,112.69888751739158,1
2190,completed,OpenAI,gpt-5.4,189,PASS,1,1,,260,17,675.2977499272674,487.74579097516835,90.64154858730008,1
2191,completed,OpenAI,gpt-5.4,190,PASS,1,1,,260,19,721.0379169555381,569.5798749802634,125.44728396199473,1
2192,completed,OpenAI,gpt-5.4,191,PASS,1,1,,260,17,1374.9137909617275,1136.1952079460025,71.213559435715,1
2193,completed,OpenAI,gpt-5.4,192,PASS,1,1,,259,19,949.7784579871222,866.6126249590889,228.45920383669477,1
2194,completed,OpenAI,gpt-5.4,193,PASS,1,1,,261,20,806.5966248977929,633.6413339013234,115.6368208498938,1
2195,completed,OpenAI,gpt-5.4,194,PASS,1,1,,261,26,930.2129580173641,569.4935830542818,72.07819098339522,1
2196,completed,OpenAI,gpt-5.4,195,PASS,1,1,,260,24,671.1156669771299,599.9006669735536,337.0076528651937,1
2197,completed,OpenAI,gpt-5.4,196,PASS,1,1,,262,25,1585.0454160245135,1437.9689580528066,169.97961702891456,1
2198,completed,OpenAI,gpt-5.4,197,PASS,1,1,,264,27,1338.5586249642074,1076.5420839888975,103.04692940185116,1
2199,completed,OpenAI,gpt-5.4,198,PASS,1,1,,264,23,1157.5111669953912,1000.8527919417247,146.81628091776696,1
2200,completed,OpenAI,gpt-5.4,199,PASS,1,1,,265,22,547.7122080046684,417.0387909980491,168.35864940216254,1
2201,completed,OpenAI,gpt-5.4,200,PASS,1,1,,265,22,651.0548749938607,559.1441249707714,239.36264250344243,1
2202,completed,OpenAI,gpt-5.4,201,PASS,1,1,,264,21,708.7721249554306,522.9617910226807,113.01847187681446,1
2203,completed,OpenAI,gpt-5.4,202,PASS,1,1,,262,21,648.8225830253214,487.6246249768883,130.2746030671828,1
2204,completed,OpenAI,gpt-5.4,203,PASS,1,1,,263,25,701.5777500346303,511.5371249848977,131.55081969161927,1
2205,completed,OpenAI,gpt-5.4,204,PASS,1,1,,264,25,849.5994580443949,687.306790961884,154.042696132967,1
2206,completed,OpenAI,gpt-5.4,205,PASS,1,1,,261,24,626.2690409785137,491.6624999605119,178.29742758778963,1
2207,completed,OpenAI,gpt-5.4,206,PASS,1,1,,262,24,633.1612090580165,497.28991696611047,176.63775497009271,1
2208,completed,OpenAI,gpt-5.4,207,PASS,1,1,,261,40,660.6615419732407,409.02379201725125,158.9586618343069,1
2209,completed,OpenAI,gpt-5.4,208,PASS,1,1,,262,40,973.7299999687821,737.498875008896,169.32569747865494,1
2210,completed,OpenAI,gpt-5.4,209,PASS,1,1,,261,41,879.5473750215024,661.3732919795439,187.92332906065207,1
2211,completed,OpenAI,gpt-5.4,210,PASS,1,1,,262,43,762.8102089511231,440.9499999601394,133.5983722088634,1
2212,completed,OpenAI,gpt-5.4,211,PASS,1,1,,271,63,920.2424579998478,479.65866699814796,142.99209659248888,1
2213,completed,OpenAI,gpt-5.4,212,PASS,1,1,,262,69,1107.34699992463,426.17554194293916,101.29608219998944,1
2214,completed,OpenAI,gpt-5.4,213,PASS,1,1,,265,41,4428.433833061717,3754.9212080193684,60.874879661568336,1
2215,completed,OpenAI,gpt-5.4,214,"FAIL
result mismatch (order_matters=False)
predicted: SELECT COUNT(*) AS jetblue_airways_flights
FROM flights f
JOIN airlines a ON f.Airline = a.uid
WHERE a.Airline = 'Jetblue Airways'
gold: SELECT count(*) FROM FLIGHTS AS T1 JOIN AIRLINES AS T2 ON T1.Airline  =  T2.uid WHERE T2.Airline = ""JetBlue Airways""",0,1,,262,45,2254.012875026092,1681.7499169846997,78.63517875421374,1
2216,completed,OpenAI,gpt-5.4,215,PASS,1,1,,267,50,1118.0297090904787,782.3237089905888,148.93984613060954,1
2217,completed,OpenAI,gpt-5.4,216,PASS,1,1,,266,50,1170.26420799084,762.5077080447227,122.62220223738237,1
2218,completed,OpenAI,gpt-5.4,217,PASS,1,1,,268,50,1739.0158750349656,1374.9667500378564,137.3441015698006,1
2219,completed,OpenAI,gpt-5.4,218,PASS,1,1,,266,50,787.3366250423715,498.77033301163465,173.2704109275321,1
2220,completed,OpenAI,gpt-5.4,219,PASS,1,1,,266,64,945.4394170315936,442.4597079632804,127.24171342527796,1
2221,completed,OpenAI,gpt-5.4,220,PASS,1,1,,265,64,2518.726708018221,1916.4376250701025,106.2612652494533,1
2222,completed,OpenAI,gpt-5.4,221,PASS,1,1,,262,45,937.3741669114679,715.1305419392884,202.4804986223254,1
2223,completed,OpenAI,gpt-5.4,222,PASS,1,1,,262,45,1054.9456250155345,897.1437920117751,285.16779015442705,1
2224,completed,OpenAI,gpt-5.4,223,PASS,1,1,,262,44,995.2920420328155,549.4913749862462,98.69882046498523,1
2225,completed,OpenAI,gpt-5.4,224,PASS,1,1,,262,44,731.5271670231596,552.1482500480488,245.2908108822237,1
2226,completed,OpenAI,gpt-5.4,225,"FAIL
result mismatch (order_matters=True)
predicted: SELECT airport_code
FROM (
  SELECT SourceAirport AS airport_code, COUNT(*) AS flight_count
  FROM flights
  GROUP BY SourceAirport
  UNION ALL
  SELECT DestAirport AS airport_code, COUNT(*) AS flight_count
  FROM flights
  GROUP BY DestAirport
) AS airport_flights
GROUP BY airport_code
ORDER BY SUM(flight_count) DESC
LIMIT 1
gold: SELECT T1.AirportCode FROM AIRPORTS AS T1 JOIN FLIGHTS AS T2 ON T1.AirportCode  =  T2.DestAirport OR T1.AirportCode  =  T2.SourceAirport GROUP BY T1.AirportCode ORDER BY count(*) DESC LIMIT 1",0,1,,267,89,1238.4385420009494,529.9781250068918,125.62452024859776,1
2227,completed,OpenAI,gpt-5.4,226,"FAIL
result mismatch (order_matters=True)
predicted: SELECT airport_code
FROM (
  SELECT SourceAirport AS airport_code, COUNT(*) AS flight_count
  FROM flights
  GROUP BY SourceAirport
  UNION ALL
  SELECT DestAirport AS airport_code, COUNT(*) AS flight_count
  FROM flights
  GROUP BY DestAirport
)
GROUP BY airport_code
ORDER BY SUM(flight_count) DESC
LIMIT 1
gold: SELECT T1.AirportCode FROM AIRPORTS AS T1 JOIN FLIGHTS AS T2 ON T1.AirportCode  =  T2.DestAirport OR T1.AirportCode  =  T2.SourceAirport GROUP BY T1.AirportCode ORDER BY count(*) DESC LIMIT 1",0,1,,266,84,931.128541007638,553.2559159910306,222.29712987625985,1
2228,completed,OpenAI,gpt-5.4,227,"FAIL
result mismatch (order_matters=True)
predicted: SELECT airport_code
FROM (
  SELECT airport_code, COUNT(*) AS flight_count
  FROM (
    SELECT SourceAirport AS airport_code FROM flights
    UNION ALL
    SELECT DestAirport AS airport_code FROM flights
  )
  GROUP BY airport_code
  ORDER BY flight_count ASC
  LIMIT 1
)
gold: SELECT T1.AirportCode FROM AIRPORTS AS T1 JOIN FLIGHTS AS T2 ON T1.AirportCode  =  T2.DestAirport OR T1.AirportCode  =  T2.SourceAirport GROUP BY T1.AirportCode ORDER BY count(*) LIMIT 1",0,1,,267,72,1012.3217499349266,517.1635840088129,145.40808362785572,1
2229,completed,OpenAI,gpt-5.4,228,"FAIL
result mismatch (order_matters=True)
predicted: SELECT airport_code
FROM (
  SELECT SourceAirport AS airport_code, COUNT(*) AS flight_count
  FROM flights
  GROUP BY SourceAirport
  UNION ALL
  SELECT DestAirport AS airport_code, COUNT(*) AS flight_count
  FROM flights
  GROUP BY DestAirport
)
GROUP BY airport_code
ORDER BY SUM(flight_count) ASC
LIMIT 1
gold: SELECT T1.AirportCode FROM AIRPORTS AS T1 JOIN FLIGHTS AS T2 ON T1.AirportCode  =  T2.DestAirport OR T1.AirportCode  =  T2.SourceAirport GROUP BY T1.AirportCode ORDER BY count(*) LIMIT 1",0,1,,264,84,1305.8241249527782,455.0936250016093,98.73867224088183,1
2230,completed,OpenAI,gpt-5.4,229,"FAIL
result mismatch (order_matters=True)
predicted: SELECT a.Airline
FROM airlines AS a
JOIN flights AS f
  ON a.uid = f.Airline
GROUP BY a.uid, a.Airline
ORDER BY COUNT(*) DESC
LIMIT 1
gold: SELECT T1.Airline FROM AIRLINES AS T1 JOIN FLIGHTS AS T2 ON T1.uid  =  T2.Airline GROUP BY T1.Airline ORDER BY count(*) DESC LIMIT 1",0,1,,261,53,763.5451249079779,434.29654196370393,160.97259865495113,1
2231,completed,OpenAI,gpt-5.4,230,"FAIL
result mismatch (order_matters=True)
predicted: SELECT a.Airline
FROM airlines AS a
JOIN flights AS f
  ON a.uid = f.Airline
GROUP BY a.uid, a.Airline
ORDER BY COUNT(*) DESC
LIMIT 1
gold: SELECT T1.Airline FROM AIRLINES AS T1 JOIN FLIGHTS AS T2 ON T1.uid  =  T2.Airline GROUP BY T1.Airline ORDER BY count(*) DESC LIMIT 1",0,1,,260,53,1383.603832917288,1054.965665913187,161.2715908293714,1
2232,completed,OpenAI,gpt-5.4,231,"FAIL
result mismatch (order_matters=True)
predicted: SELECT a.Abbreviation, a.Country
FROM airlines AS a
JOIN flights AS f ON a.uid = f.Airline
GROUP BY a.uid, a.Abbreviation, a.Country
ORDER BY COUNT(*) ASC
LIMIT 1
gold: SELECT T1.Abbreviation ,  T1.Country FROM AIRLINES AS T1 JOIN FLIGHTS AS T2 ON T1.uid  =  T2.Airline GROUP BY T1.Airline ORDER BY count(*) LIMIT 1",0,1,,269,55,835.6171669438481,481.58266698010266,155.35209140813174,1
2233,completed,OpenAI,gpt-5.4,232,"FAIL
result mismatch (order_matters=True)
predicted: SELECT a.Abbreviation, a.Country
FROM airlines AS a
JOIN flights AS f ON a.uid = f.Airline
GROUP BY a.uid, a.Abbreviation, a.Country
ORDER BY COUNT(*) ASC
LIMIT 1
gold: SELECT T1.Abbreviation ,  T1.Country FROM AIRLINES AS T1 JOIN FLIGHTS AS T2 ON T1.uid  =  T2.Airline GROUP BY T1.Airline ORDER BY count(*) LIMIT 1",0,1,,274,55,806.2551250914112,476.4797081006691,166.78016967390883,1
2234,completed,OpenAI,gpt-5.4,233,PASS,1,1,,268,43,652.1383329527453,454.93529096711427,218.04937473090882,1
2235,completed,OpenAI,gpt-5.4,234,PASS,1,1,,264,43,1055.1340420497581,832.7040420845151,193.31924653472637,1
2236,completed,OpenAI,gpt-5.4,235,PASS,1,1,,267,44,862.3384999809787,559.6850829897448,145.38081359667726,1
2237,completed,OpenAI,gpt-5.4,236,PASS,1,1,,264,44,987.3494589701295,676.9882920198143,141.77031370372384,1
2238,completed,OpenAI,gpt-5.4,237,PASS,1,1,,271,68,912.9104999592528,507.1702500572428,167.59490835928315,1
2239,completed,OpenAI,gpt-5.4,238,PASS,1,1,,267,68,979.9018329940736,547.2016669809818,157.15270143423655,1
2240,completed,OpenAI,gpt-5.4,239,PASS,1,1,,272,89,930.5979160126299,436.8376660859212,180.24942269696825,1
2241,completed,OpenAI,gpt-5.4,240,PASS,1,1,,267,67,1114.2134999390692,502.7215830050409,109.56808772866968,1
2242,completed,OpenAI,gpt-5.4,241,PASS,1,1,,264,51,926.4074999373406,491.96358397603035,117.39144714951387,1
2243,completed,OpenAI,gpt-5.4,242,PASS,1,1,,262,51,1102.1057910984382,895.7290831021965,247.12091056772135,1
2244,completed,OpenAI,gpt-5.4,243,PASS,1,1,,264,51,962.3703330289572,628.8377080345526,152.90857978542755,1
2245,completed,OpenAI,gpt-5.4,244,PASS,1,1,,262,49,883.1765829818323,578.5892080748454,160.87337833671972,1
2246,completed,OpenAI,gpt-5.4,245,PASS,1,1,,263,43,711.2573749618605,442.2609999310225,159.85345525593215,1
2247,completed,OpenAI,gpt-5.4,246,PASS,1,1,,262,43,1072.795500047505,985.730207990855,493.8822231483656,1
2248,completed,OpenAI,gpt-5.4,247,PASS,1,1,,266,27,636.562166037038,545.9250829881057,297.8913165753967,1
2249,completed,OpenAI,gpt-5.4,248,PASS,1,1,,264,27,1536.5594590548426,917.6346249878407,43.62403722368184,1
2250,completed,OpenAI,gpt-5.4,249,PASS,1,1,,266,27,1070.2309580519795,917.2533750534058,176.49644785047835,1
2251,completed,OpenAI,gpt-5.4,250,PASS,1,1,,264,22,799.5794579619542,669.4891249062493,169.11325755911145,1
2252,completed,OpenAI,gpt-5.4,251,PASS,1,1,,267,43,753.9725829847157,507.0024160668254,174.11009814110918,1
2253,completed,OpenAI,gpt-5.4,252,PASS,1,1,,263,43,687.5801250571385,407.8054160345346,153.69509327780548,1
2254,completed,OpenAI,gpt-5.4,253,PASS,1,1,,266,44,790.9937920048833,449.8301671119407,128.9703731275784,1
2255,completed,OpenAI,gpt-5.4,254,PASS,1,1,,263,44,786.173666943796,416.7115419404581,119.09204495481772,1
2256,completed,OpenAI,gpt-5.4,255,PASS,1,1,,269,46,1910.9860000899062,1642.4659580225125,171.30937283428116,1
2257,completed,OpenAI,gpt-5.4,256,PASS,1,1,,264,46,731.0762499691918,519.9688749853522,217.8985930904655,1
2258,completed,OpenAI,gpt-5.4,257,PASS,1,1,,268,62,1127.3260830203071,725.1168329967186,154.14861790563955,1
2259,completed,OpenAI,gpt-5.4,258,"FAIL
result mismatch (order_matters=False)
predicted: SELECT a.AirportCode,
       a.AirportName,
       a.City,
       a.Country
FROM airports AS a
LEFT JOIN flights AS f
  ON a.AirportCode = f.SourceAirport
  OR a.AirportCode = f.DestAirport
WHERE f.Airline IS NULL
gold: SELECT AirportName FROM Airports WHERE AirportCode NOT IN (SELECT SourceAirport FROM Flights UNION SELECT DestAirport FROM Flights)",0,1,,263,73,1270.768832997419,579.2685829801485,105.56756848341963,1
2260,completed,OpenAI,gpt-5.4,259,PASS,1,1,,311,17,725.2981659257784,584.5436659874395,120.77766613108122,1
2261,completed,OpenAI,gpt-5.4,260,PASS,1,1,,311,17,602.4870000546798,473.64641702733934,131.94600335200698,1
2262,completed,OpenAI,gpt-5.4,261,PASS,1,1,,315,18,637.9218749934807,511.3258749479428,142.1845871396032,1
2263,completed,OpenAI,gpt-5.4,262,PASS,1,1,,318,18,605.0291249994189,536.6177919786423,263.1143000025069,1
2264,completed,OpenAI,gpt-5.4,263,PASS,1,1,,315,25,1966.498416964896,565.7991250045598,17.848227769867343,1
2265,completed,OpenAI,gpt-5.4,264,PASS,1,1,,314,23,1046.2637909222394,911.4650830160826,170.62478088448725,1
2266,completed,OpenAI,gpt-5.4,265,PASS,1,1,,319,31,1830.7903340319172,1645.8700839430094,167.63983384781014,1
2267,completed,OpenAI,gpt-5.4,266,PASS,1,1,,319,31,1878.4785839961842,1553.6174169974402,95.42537905159915,1
2268,completed,OpenAI,gpt-5.4,267,PASS,1,1,,314,25,1097.127083921805,915.4170419787988,137.58182945024748,1
2269,completed,OpenAI,gpt-5.4,268,PASS,1,1,,314,23,586.7408330086619,458.58437509741634,179.46813118015947,1
2270,completed,OpenAI,gpt-5.4,269,PASS,1,1,,322,29,2370.4144589137286,2228.2012089854106,203.91911453129254,1
2271,completed,OpenAI,gpt-5.4,270,PASS,1,1,,323,29,759.0780829777941,508.2324999384582,115.60897205613709,1
2272,completed,OpenAI,gpt-5.4,271,PASS,1,1,,317,30,984.8057499621063,531.9879580056295,66.25181371602,1
2273,completed,OpenAI,gpt-5.4,272,PASS,1,1,,319,30,634.9825840443373,383.7872090516612,119.42895047679396,1
2274,completed,OpenAI,gpt-5.4,273,PASS,1,1,,323,23,2622.7420000359416,2392.1464999439195,99.741755545193,1
2275,completed,OpenAI,gpt-5.4,274,PASS,1,1,,328,23,561.9015000993386,485.5654580751434,301.29935205063424,1
2276,completed,OpenAI,gpt-5.4,275,PASS,1,1,,322,29,889.3845829879865,737.3866249108687,190.79203672779957,1
2277,completed,OpenAI,gpt-5.4,276,PASS,1,1,,321,26,801.2811670778319,619.9168340535834,143.35784531859298,1
2278,completed,OpenAI,gpt-5.4,277,PASS,1,1,,320,46,1069.1918750526384,663.759708055295,113.45917700778149,1
2279,completed,OpenAI,gpt-5.4,278,PASS,1,1,,320,46,1354.8721669940278,752.8843330219388,76.41350440004537,1
2280,completed,OpenAI,gpt-5.4,279,PASS,1,1,,319,38,882.4137499323115,583.7282909778878,127.22413783725042,1
2281,completed,OpenAI,gpt-5.4,280,PASS,1,1,,318,38,1069.055667030625,926.2126249959692,266.0262583233186,1
2282,completed,OpenAI,gpt-5.4,281,PASS,1,1,,319,39,1055.5562500376254,485.51695805508643,68.41633646754761,1
2283,completed,OpenAI,gpt-5.4,282,PASS,1,1,,318,39,784.1422921046615,515.2805830584839,145.05598487176792,1
2284,completed,OpenAI,gpt-5.4,283,PASS,1,1,,321,48,1149.7053749626502,826.6716250218451,148.591284993583,1
2285,completed,OpenAI,gpt-5.4,284,PASS,1,1,,318,48,1532.1611660765484,794.7351660113782,65.09127694949457,1
2286,completed,OpenAI,gpt-5.4,285,PASS,1,1,,318,37,845.6475419225171,497.64324992429465,106.32052779449337,1
2287,completed,OpenAI,gpt-5.4,286,PASS,1,1,,317,37,779.9919169628993,527.1975829964504,146.36403996661838,1
2288,completed,OpenAI,gpt-5.4,287,"FAIL
result mismatch (order_matters=False)
predicted: SELECT s.Name AS shop_name, COUNT(h.Employee_ID) AS number_of_employees
FROM shop AS s
LEFT JOIN hiring AS h ON s.Shop_ID = h.Shop_ID
GROUP BY s.Shop_ID, s.Name
gold: SELECT count(*) ,  t2.name FROM hiring AS t1 JOIN shop AS t2 ON t1.shop_id  =  t2.shop_id GROUP BY t2.name",0,1,,322,53,1894.5608329959214,1548.7291660392657,153.2537504919776,1
2289,completed,OpenAI,gpt-5.4,288,"FAIL
result mismatch (order_matters=False)
predicted: SELECT s.Name, COUNT(h.Employee_ID) AS number_of_employees
FROM shop AS s
LEFT JOIN hiring AS h ON s.Shop_ID = h.Shop_ID
GROUP BY s.Shop_ID, s.Name
gold: SELECT count(*) ,  t2.name FROM hiring AS t1 JOIN shop AS t2 ON t1.shop_id  =  t2.shop_id GROUP BY t2.name",0,1,,323,50,888.2455839775503,504.01949998922646,130.13171693340695,1
2290,completed,OpenAI,gpt-5.4,289,PASS,1,1,,314,19,640.0930830277503,433.5220829816535,91.97806079149595,1
2291,completed,OpenAI,gpt-5.4,290,PASS,1,1,,317,19,1033.198583056219,927.1415410330519,179.1488772225955,1
2292,completed,OpenAI,gpt-5.4,291,PASS,1,1,,313,14,1108.9380830526352,1025.7668329868466,168.32739665360293,1
2293,completed,OpenAI,gpt-5.4,292,PASS,1,1,,313,12,713.0629169987515,579.9178750021383,90.12727639009832,1
2294,completed,OpenAI,gpt-5.4,293,PASS,1,1,,327,65,947.0194160239771,524.9863329809159,154.0163617774199,1
2295,completed,OpenAI,gpt-5.4,294,PASS,1,1,,331,66,1142.5181250087917,762.9728750325739,173.89230929417653,1
2296,completed,OpenAI,gpt-5.4,295,PASS,1,1,,313,22,960.1002499694005,452.15016591828316,43.311342375496174,1
2297,completed,OpenAI,gpt-5.4,296,PASS,1,1,,313,22,710.8013749821112,575.9730410063639,163.17045053717965,1
2298,completed,OpenAI,gpt-5.4,297,PASS,1,1,,338,18,797.435124986805,659.4337919959798,130.43352270515172,1
2299,completed,OpenAI,gpt-5.4,298,PASS,1,1,,337,18,2460.661833989434,2162.9730840213597,60.465838907014174,1
2300,completed,OpenAI,gpt-5.4,299,PASS,1,1,,345,25,839.3227920169011,710.3115420322865,193.78155008172865,1
2301,completed,OpenAI,gpt-5.4,300,PASS,1,1,,344,25,1138.8517080340534,960.0624170852825,139.82940402824983,1
2302,completed,OpenAI,gpt-5.4,301,PASS,1,1,,352,31,838.504416984506,648.8094170344993,163.4202272499008,1
2303,completed,OpenAI,gpt-5.4,302,PASS,1,1,,348,31,852.0594589645043,717.8537499858066,230.98868323791353,1
2304,completed,OpenAI,gpt-5.4,303,PASS,1,1,,349,36,858.0921670654789,480.81216705031693,95.41984732440959,1
2305,completed,OpenAI,gpt-5.4,304,PASS,1,1,,351,36,1317.3876660875976,1102.844791021198,167.7986276116522,1
2306,completed,OpenAI,gpt-5.4,305,PASS,1,1,,340,26,1086.607415927574,1002.2601659875363,308.24952821204414,1
2307,completed,OpenAI,gpt-5.4,306,PASS,1,1,,341,23,742.2730840044096,616.1706669954583,182.3914286937685,1
2308,completed,OpenAI,gpt-5.4,307,PASS,1,1,,346,49,814.9214580189437,550.3593749599531,185.21172585821478,1
2309,completed,OpenAI,gpt-5.4,308,PASS,1,1,,343,49,870.5114999320358,543.5609580017626,149.86976229098877,1
2310,completed,OpenAI,gpt-5.4,309,"FAIL
result mismatch (order_matters=False)
predicted: SELECT
  t.""Template_ID"",
  COUNT(d.""Document_ID"") AS ""Number_of_Documents""
FROM ""Templates"" t
LEFT JOIN ""Documents"" d
  ON t.""Template_ID"" = d.""Template_ID""
GROUP BY t.""Template_ID""
ORDER BY t.""Template_ID""
gold: SELECT template_id ,  count(*) FROM Documents GROUP BY template_id",0,1,,343,70,1128.8584580179304,722.1368330065161,172.1078882836277,1
2311,completed,OpenAI,gpt-5.4,310,PASS,1,1,,351,38,828.079416998662,607.434417004697,172.22234812046207,1
2312,completed,OpenAI,gpt-5.4,311,"FAIL
result mismatch (order_matters=True)
predicted: SELECT t.""Template_ID"", t.""Template_Type_Code""
FROM ""Templates"" t
JOIN ""Documents"" d ON t.""Template_ID"" = d.""Template_ID""
GROUP BY t.""Template_ID"", t.""Template_Type_Code""
ORDER BY COUNT(d.""Document_ID"") DESC
LIMIT 1
gold: SELECT T1.template_id ,  T2.Template_Type_Code FROM Documents AS T1 JOIN Templates AS T2 ON T1.template_id  =  T2.template_id GROUP BY T1.template_id ORDER BY count(*) DESC LIMIT 1",0,1,,347,69,1403.7789169233292,1043.020416982472,191.26368474010135,1
2313,completed,OpenAI,gpt-5.4,312,"FAIL
result mismatch (order_matters=True)
predicted: SELECT t.""Template_ID"", t.""Template_Type_Code""
FROM ""Templates"" AS t
JOIN ""Documents"" AS d
  ON t.""Template_ID"" = d.""Template_ID""
GROUP BY t.""Template_ID"", t.""Template_Type_Code""
ORDER BY COUNT(*) DESC
LIMIT 1
gold: SELECT T1.template_id ,  T2.Template_Type_Code FROM Documents AS T1 JOIN Templates AS T2 ON T1.template_id  =  T2.template_id GROUP BY T1.template_id ORDER BY count(*) DESC LIMIT 1",0,1,,350,69,1247.3650829633698,850.9051249129698,174.04027468324648,1
2314,completed,OpenAI,gpt-5.4,313,PASS,1,1,,345,30,765.4087080154568,618.049000040628,203.58346533317265,1
2315,completed,OpenAI,gpt-5.4,314,PASS,1,1,,347,31,779.5687499456108,586.3523340085521,160.44185401978697,1
2316,completed,OpenAI,gpt-5.4,315,PASS,1,1,,342,50,1236.9724999880418,909.1286670882255,152.51163811057313,1
2317,completed,OpenAI,gpt-5.4,316,PASS,1,1,,345,50,826.7162919510156,543.2612500153482,176.39481611813395,1
2318,completed,OpenAI,gpt-5.4,317,PASS,1,1,,338,18,750.5798329366371,621.7964999377728,139.76963929143477,1
2319,completed,OpenAI,gpt-5.4,318,PASS,1,1,,337,18,588.3168749278411,418.895790935494,106.24415554331522,1
2320,completed,OpenAI,gpt-5.4,319,PASS,1,1,,346,25,1266.5698330383748,1184.5993750030175,304.9879261284163,1
2321,completed,OpenAI,gpt-5.4,320,PASS,1,1,,346,25,879.7270840732381,654.7431669896469,111.11905385979844,1
2322,completed,OpenAI,gpt-5.4,321,PASS,1,1,,341,18,1480.207790969871,1333.4392909891903,122.64212008959257,1
2323,completed,OpenAI,gpt-5.4,322,PASS,1,1,,339,25,1046.203708043322,990.7486670417711,450.81564360038703,1
2324,completed,OpenAI,gpt-5.4,323,PASS,1,1,,345,30,1272.9513340163976,1111.0335000557825,185.27915836187137,1
2325,completed,OpenAI,gpt-5.4,324,PASS,1,1,,344,30,741.2787911016494,544.5793330436572,152.51694283344295,1
2326,completed,OpenAI,gpt-5.4,325,PASS,1,1,,340,28,667.8707499522716,482.90516692213714,151.3795136441046,1
2327,completed,OpenAI,gpt-5.4,326,PASS,1,1,,341,29,716.9243750395253,513.8714580098167,142.8199132729377,1
2328,completed,OpenAI,gpt-5.4,327,PASS,1,1,,351,30,1954.169875010848,734.5582919660956,24.597995310199657,1
2329,completed,OpenAI,gpt-5.4,328,PASS,1,1,,350,30,1067.6916660740972,828.1822500284761,125.25603583904898,1
2330,completed,OpenAI,gpt-5.4,329,PASS,1,1,,343,70,1070.2139580389485,563.9640000881627,138.27161642313644,1
2331,completed,OpenAI,gpt-5.4,330,PASS,1,1,,347,77,2059.913707897067,1516.1225829506293,141.59848601351177,1
2332,completed,OpenAI,gpt-5.4,331,PASS,1,1,,341,34,937.2965829679742,683.1671668915078,133.7901000400896,1
2333,completed,OpenAI,gpt-5.4,332,PASS,1,1,,346,34,736.1701250774786,609.0964580653235,267.561335085638,1
2334,completed,OpenAI,gpt-5.4,333,PASS,1,1,,342,69,2046.5918749105185,1517.3531669424847,130.37595126955003,1
2335,completed,OpenAI,gpt-5.4,334,PASS,1,1,,346,33,1235.3647500276566,1066.3425410166383,195.2406147871892,1
2336,completed,OpenAI,gpt-5.4,335,PASS,1,1,,342,41,1238.7043749913573,670.6298330100253,72.17362682193094,1
2337,completed,OpenAI,gpt-5.4,336,PASS,1,1,,345,41,839.1172079136595,557.9649159917608,145.8284395255415,1
2338,completed,OpenAI,gpt-5.4,337,PASS,1,1,,350,52,1648.904333007522,1356.3232910819352,177.72853517018152,1
2339,completed,OpenAI,gpt-5.4,338,PASS,1,1,,349,48,1040.6502089463174,782.5071249390021,185.94338943684335,1
2340,completed,OpenAI,gpt-5.4,339,PASS,1,1,,343,51,1045.9825000725687,770.4657500144094,185.1067130736492,1
2341,completed,OpenAI,gpt-5.4,340,PASS,1,1,,345,51,1302.2756669670343,1193.4818750014529,468.7767479980347,1
2342,completed,OpenAI,gpt-5.4,341,"FAIL
result mismatch (order_matters=False)
predicted: SELECT
  r.""Template_Type_Code"",
  COUNT(d.""Document_ID"") AS ""document_count""
FROM ""Ref_Template_Types"" AS r
LEFT JOIN ""Templates"" AS t
  ON r.""Template_Type_Code"" = t.""Template_Type_Code""
LEFT JOIN ""Documents"" AS d
  ON t.""Template_ID"" = d.""Template_ID""
GROUP BY r.""Template_Type_Code""
gold: SELECT T1.template_type_code ,  count(*) FROM Templates AS T1 JOIN Documents AS T2 ON T1.template_id  =  T2.template_id GROUP BY T1.template_type_code",0,1,,345,90,1527.9020839370787,1028.3024590462446,180.1442505479575,1
2343,completed,OpenAI,gpt-5.4,342,"FAIL
result mismatch (order_matters=False)
predicted: SELECT t.""Template_Type_Code"", COUNT(d.""Document_ID"") AS ""document_count""
FROM ""Templates"" t
LEFT JOIN ""Documents"" d
  ON t.""Template_ID"" = d.""Template_ID""
GROUP BY t.""Template_Type_Code""
ORDER BY t.""Template_Type_Code""
gold: SELECT T1.template_type_code ,  count(*) FROM Templates AS T1 JOIN Documents AS T2 ON T1.template_id  =  T2.template_id GROUP BY T1.template_type_code",0,1,,347,67,869.0776249859482,459.42258299328387,163.5522406220006,1
2344,completed,OpenAI,gpt-5.4,343,PASS,1,1,,343,50,862.7142909681424,509.0680409921333,141.3842222373118,1
2345,completed,OpenAI,gpt-5.4,344,PASS,1,1,,346,50,956.0825410299003,638.8571249553934,157.61662674675622,1
2346,completed,OpenAI,gpt-5.4,345,PASS,1,1,,344,78,2824.0934159839526,2409.0207499684766,187.91890284842742,1
2347,completed,OpenAI,gpt-5.4,346,PASS,1,1,,346,78,988.6852080235258,566.5268329903483,184.76478168618584,1
2348,completed,OpenAI,gpt-5.4,347,PASS,1,1,,339,26,1003.4032909898087,926.5708330785856,338.39864956607215,1
2349,completed,OpenAI,gpt-5.4,348,PASS,1,1,,343,26,611.2190838903189,465.93587496317923,178.96080484455123,1
2350,completed,OpenAI,gpt-5.4,349,PASS,1,1,,344,31,1010.7062079478055,879.7034999588504,236.6363297055938,1
2351,completed,OpenAI,gpt-5.4,350,PASS,1,1,,345,31,807.8357910271734,576.3560410123318,133.92100172050647,1
2352,completed,OpenAI,gpt-5.4,351,PASS,1,1,,344,31,684.780832962133,504.32262499816716,171.78492654759228,1
2353,completed,OpenAI,gpt-5.4,352,PASS,1,1,,345,31,1386.9689169805497,1216.4624170400202,181.81125066089805,1
2354,completed,OpenAI,gpt-5.4,353,PASS,1,1,,347,71,1181.9516670657322,651.8380420748144,133.93355056893023,1
2355,completed,OpenAI,gpt-5.4,354,"FAIL
result mismatch (order_matters=False)
predicted: SELECT DISTINCT t.Template_Details
FROM ""Templates"" AS t
JOIN ""Documents"" AS d
  ON d.""Template_ID"" = t.""Template_ID""
gold: SELECT DISTINCT T1.template_type_description FROM Ref_template_types AS T1 JOIN Templates AS T2 ON T1.template_type_code  = T2.template_type_code JOIN Documents AS T3 ON T2.Template_ID  =  T3.template_ID",0,1,,345,41,744.4668329553679,457.30845793150365,142.7783535708917,1
2356,completed,OpenAI,gpt-5.4,355,PASS,1,1,,343,57,1829.5683750184253,782.3241660371423,54.42856547800565,1
2357,completed,OpenAI,gpt-5.4,356,PASS,1,1,,343,57,806.241332902573,523.5708749387413,201.64823876746706,1
2358,completed,OpenAI,gpt-5.4,357,PASS,1,1,,337,21,625.3728329902515,538.1975829368457,240.89406095348014,1
2359,completed,OpenAI,gpt-5.4,358,PASS,1,1,,337,19,551.5416249400005,414.46079197339714,138.6043518179447,1
2360,completed,OpenAI,gpt-5.4,359,PASS,1,1,,344,49,1109.482292085886,796.19708401151,156.40700147058035,1
2361,completed,OpenAI,gpt-5.4,360,PASS,1,1,,344,49,838.3623330155388,536.408832995221,162.2766419223586,1
2362,completed,OpenAI,gpt-5.4,361,"FAIL
result mismatch (order_matters=False)
predicted: SELECT *
FROM ""Paragraphs""
WHERE ""Paragraph_Text"" = 'Korea '
gold: select other_details from paragraphs where paragraph_text like 'korea'",0,1,,343,24,2890.1837079320103,2806.773707969114,287.7352836671394,1
2363,completed,OpenAI,gpt-5.4,362,"FAIL
result mismatch (order_matters=False)
predicted: SELECT *
FROM ""Paragraphs""
WHERE ""Paragraph_Text"" LIKE '%Korea %'
gold: select other_details from paragraphs where paragraph_text like 'korea'",0,1,,347,25,765.4115000041202,593.3088330784813,145.26213013771513,1
2364,completed,OpenAI,gpt-5.4,363,PASS,1,1,,347,58,1147.847916930914,833.5179589921609,184.51947876791704,1
2365,completed,OpenAI,gpt-5.4,364,PASS,1,1,,349,58,931.317082955502,518.142250017263,140.3764106045389,1
2366,completed,OpenAI,gpt-5.4,365,PASS,1,1,,342,52,972.5277080433443,671.4581249980256,172.71754746534015,1
2367,completed,OpenAI,gpt-5.4,366,PASS,1,1,,347,52,1258.7160830153152,798.292541061528,112.93948997338465,1
2368,completed,OpenAI,gpt-5.4,367,"FAIL
result mismatch (order_matters=True)
predicted: SELECT
  d.""Document_ID"",
  COUNT(p.""Paragraph_ID"") AS ""Number_of_Paragraphs""
FROM ""Documents"" AS d
LEFT JOIN ""Paragraphs"" AS p
  ON d.""Document_ID"" = p.""Document_ID""
GROUP BY d.""Document_ID""
ORDER BY d.""Document_ID""
gold: SELECT document_id ,  count(*) FROM Paragraphs GROUP BY document_id ORDER BY document_id",0,1,,349,73,1055.2568749990314,447.29325000662357,120.07297311728414,1
2369,completed,OpenAI,gpt-5.4,368,PASS,1,1,,350,39,753.1595829641446,464.88695801235735,135.28860052709697,1
2370,completed,OpenAI,gpt-5.4,369,"FAIL
result mismatch (order_matters=False)
predicted: SELECT
  d.""Document_ID"",
  d.""Document_Name"",
  COUNT(p.""Paragraph_ID"") AS ""Number_of_Paragraphs""
FROM ""Documents"" AS d
LEFT JOIN ""Paragraphs"" AS p
  ON d.""Document_ID"" = p.""Document_ID""
GROUP BY
  d.""Document_ID"",
  d.""Document_Name""
gold: SELECT T1.document_id ,  T2.document_name ,  count(*) FROM Paragraphs AS T1 JOIN Documents AS T2 ON T1.document_id  =  T2.document_id GROUP BY T1.document_id",0,1,,346,80,1402.4656669935212,997.0924169756472,197.34898638840278,1
2371,completed,OpenAI,gpt-5.4,370,"FAIL
result mismatch (order_matters=False)
predicted: SELECT
  d.""Document_ID"",
  d.""Document_Name"",
  COUNT(p.""Paragraph_ID"") AS ""Number_of_Paragraphs""
FROM ""Documents"" AS d
LEFT JOIN ""Paragraphs"" AS p
  ON d.""Document_ID"" = p.""Document_ID""
GROUP BY
  d.""Document_ID"",
  d.""Document_Name""
gold: SELECT T1.document_id ,  T2.document_name ,  count(*) FROM Paragraphs AS T1 JOIN Documents AS T2 ON T1.document_id  =  T2.document_id GROUP BY T1.document_id",0,1,,351,80,4310.492041986436,4053.3763330895454,311.14396060523075,1
2372,completed,OpenAI,gpt-5.4,371,PASS,1,1,,341,31,1023.4984589042142,735.0198338972405,107.46030143221391,1
2373,completed,OpenAI,gpt-5.4,372,PASS,1,1,,345,31,2302.868749946356,2046.331958961673,120.84036711073907,1
2374,completed,OpenAI,gpt-5.4,373,PASS,1,1,,344,68,1046.2542499881238,874.1814160021022,395.181496258288,1
2375,completed,OpenAI,gpt-5.4,374,PASS,1,1,,344,68,1163.708374951966,775.7026669569314,175.25515372281632,1
2376,completed,OpenAI,gpt-5.4,375,PASS,1,1,,342,38,1196.3420410174876,845.877708052285,108.42758142744584,1
2377,completed,OpenAI,gpt-5.4,376,"FAIL
result mismatch (order_matters=True)
predicted: SELECT d.""Document_ID""
FROM ""Documents"" d
LEFT JOIN ""Paragraphs"" p ON d.""Document_ID"" = p.""Document_ID""
GROUP BY d.""Document_ID""
ORDER BY COUNT(p.""Paragraph_ID"") ASC, d.""Document_ID"" ASC
LIMIT 1
gold: SELECT document_id FROM Paragraphs GROUP BY document_id ORDER BY count(*) ASC LIMIT 1",0,1,,343,66,863.7309999903664,523.0587500846013,193.7345939337782,1
2378,completed,OpenAI,gpt-5.4,377,PASS,1,1,,344,34,709.0262079145759,500.55279198568314,163.0903386338568,1
2379,completed,OpenAI,gpt-5.4,378,PASS,1,1,,344,59,1016.2642089417204,738.5497089708224,212.4483957668133,1
2380,completed,OpenAI,gpt-5.4,379,PASS,1,1,,345,73,1007.1199170779437,645.4847090644762,201.86087632618293,1
2381,completed,OpenAI,gpt-5.4,380,PASS,1,1,,350,75,1032.8039999585599,628.2157499808818,185.3736484046136,1
2382,completed,OpenAI,gpt-5.4,381,PASS,1,1,,236,17,788.4300829609856,620.575207984075,101.27796408855234,1
2383,completed,OpenAI,gpt-5.4,382,PASS,1,1,,238,20,684.6551250200719,592.6347910426557,217.34326681435917,1
2384,completed,OpenAI,gpt-5.4,383,PASS,1,1,,241,23,1163.2947500329465,923.1309579918161,95.76797486634051,1
2385,completed,OpenAI,gpt-5.4,384,PASS,1,1,,242,26,716.8519590049982,518.5327919898555,131.10180115880962,1
2386,completed,OpenAI,gpt-5.4,385,PASS,1,1,,239,19,843.9415829489008,643.9368749270216,94.99776374224913,1
2387,completed,OpenAI,gpt-5.4,386,PASS,1,1,,240,19,7564.334749942645,4341.407916042954,5.895262591800849,1
2388,completed,OpenAI,gpt-5.4,387,PASS,1,1,,246,27,756.0514160431921,665.4560830211267,298.02859705172517,1
2389,completed,OpenAI,gpt-5.4,388,PASS,1,1,,248,27,952.8476250125095,642.5754580413923,87.02037396255845,1
2390,completed,OpenAI,gpt-5.4,389,PASS,1,1,,243,30,657.8043750487268,457.5158749939874,149.7839366304152,1
2391,completed,OpenAI,gpt-5.4,390,PASS,1,1,,247,30,792.456749943085,599.5110829826444,155.48418615770657,1
2392,completed,OpenAI,gpt-5.4,391,PASS,1,1,,239,31,1113.5881249792874,822.7793329861015,106.59925302645726,1
2393,completed,OpenAI,gpt-5.4,392,PASS,1,1,,237,28,2203.4821250708774,737.676625023596,19.10212507668775,1
2394,completed,OpenAI,gpt-5.4,393,PASS,1,1,,244,32,2161.4063330926,748.4097080305219,22.64690476425881,1
2395,completed,OpenAI,gpt-5.4,394,PASS,1,1,,240,28,2172.5675420602784,1905.3533340338618,104.78484735823606,1
2396,completed,OpenAI,gpt-5.4,395,PASS,1,1,,238,32,895.4264170024544,494.22808294184506,79.76104904554697,1
2397,completed,OpenAI,gpt-5.4,396,PASS,1,1,,241,32,1388.5044580092654,1110.3254579938948,115.03384510776107,1
2398,completed,OpenAI,gpt-5.4,397,PASS,1,1,,241,30,747.7010000729933,541.7050420073792,145.6339254503448,1
2399,completed,OpenAI,gpt-5.4,398,PASS,1,1,,243,30,722.0357499318197,488.5446249973029,128.48454093667831,1
2400,completed,OpenAI,gpt-5.4,399,PASS,1,1,,243,49,1142.2857500147074,828.9870829321444,156.40028237683856,1
2401,completed,OpenAI,gpt-5.4,400,PASS,1,1,,243,49,901.2860000366345,553.1760000158101,140.76010455622867,1
2402,completed,OpenAI,gpt-5.4,401,PASS,1,1,,252,55,790.701208054088,482.15329099912196,178.2543227806074,1
2403,completed,OpenAI,gpt-5.4,402,PASS,1,1,,253,55,728.6409579683095,430.82487501669675,184.677736188398,1
2404,completed,OpenAI,gpt-5.4,403,"FAIL
result mismatch (order_matters=False)
predicted: SELECT t.Name
FROM teacher AS t
JOIN course_arrange AS ca ON t.Teacher_ID = ca.Teacher_ID
JOIN course AS c ON ca.Course_ID = c.Course_ID
WHERE c.Course = 'math'
gold: SELECT T3.Name FROM course_arrange AS T1 JOIN course AS T2 ON T1.Course_ID  =  T2.Course_ID JOIN teacher AS T3 ON T1.Teacher_ID  =  T3.Teacher_ID WHERE T2.Course  =  ""Math""",0,1,,241,53,849.9603330856189,454.15450003929436,133.90403974616754,1
2405,completed,OpenAI,gpt-5.4,404,"FAIL
result mismatch (order_matters=False)
predicted: SELECT t.Name
FROM teacher AS t
JOIN course_arrange AS ca ON t.Teacher_ID = ca.Teacher_ID
JOIN course AS c ON ca.Course_ID = c.Course_ID
WHERE c.Course = 'math'
gold: SELECT T3.Name FROM course_arrange AS T1 JOIN course AS T2 ON T1.Course_ID  =  T2.Course_ID JOIN teacher AS T3 ON T1.Teacher_ID  =  T3.Teacher_ID WHERE T2.Course  =  ""Math""",0,1,,242,53,785.937541979365,459.6915419679135,162.45409904838573,1
2406,completed,OpenAI,gpt-5.4,405,PASS,1,1,,242,55,1134.467624942772,921.7454160097986,258.55316318819314,1
2407,completed,OpenAI,gpt-5.4,406,"FAIL
result mismatch (order_matters=False)
predicted: SELECT t.Name, COUNT(ca.Course_ID) AS course_count
FROM teacher AS t
LEFT JOIN course_arrange AS ca
  ON t.Teacher_ID = ca.Teacher_ID
GROUP BY t.Teacher_ID, t.Name
gold: SELECT T2.Name ,  COUNT(*) FROM course_arrange AS T1 JOIN teacher AS T2 ON T1.Teacher_ID  =  T2.Teacher_ID GROUP BY T2.Name",0,1,,245,56,1031.3998330384493,649.9873750144616,146.82268190746422,1
2408,completed,OpenAI,gpt-5.4,407,PASS,1,1,,241,55,1338.1491670152172,987.0269170496613,156.6406002621461,1
2409,completed,OpenAI,gpt-5.4,408,PASS,1,1,,244,57,937.746417010203,736.3970000296831,283.0899679511594,1
2410,completed,OpenAI,gpt-5.4,409,PASS,1,1,,244,39,773.4449170529842,656.5575420390815,333.6545114077656,1
2411,completed,OpenAI,gpt-5.4,410,PASS,1,1,,244,39,770.2540419995785,485.11179198976606,136.77383831634182,1
2412,completed,OpenAI,gpt-5.4,411,PASS,1,1,,257,28,740.3691670624539,531.0696250526235,133.77955695041553,1
2413,completed,OpenAI,gpt-5.4,412,PASS,1,1,,274,36,757.37762497738,625.6526249926537,273.29664076048016,1
2414,completed,OpenAI,gpt-5.4,413,PASS,1,1,,265,31,811.8430000031367,637.6584999961779,177.9722076233047,1
2415,completed,OpenAI,gpt-5.4,414,PASS,1,1,,275,39,849.0580409998074,618.4715410927311,169.13392594846854,1
2416,completed,OpenAI,gpt-5.4,415,PASS,1,1,,262,33,1005.8868749765679,645.7071249606088,91.62091982832963,1
2417,completed,OpenAI,gpt-5.4,416,PASS,1,1,,265,34,1529.5199170941487,972.6557499961928,61.056182115627465,1
2418,completed,OpenAI,gpt-5.4,417,PASS,1,1,,262,33,732.7248329529539,552.7577500324696,183.36686612062582,1
2419,completed,OpenAI,gpt-5.4,418,PASS,1,1,,270,55,970.0542910723016,684.5700410194695,192.65511141095047,1
2420,completed,OpenAI,gpt-5.4,419,PASS,1,1,,264,59,952.9615830397233,450.29316702857614,117.3735968298665,1
2421,completed,OpenAI,gpt-5.4,420,"FAIL
result mismatch (order_matters=True)
predicted: SELECT v.ID, v.Name, v.Level_of_membership
FROM visitor v
JOIN visit vi ON v.ID = vi.visitor_ID
GROUP BY v.ID, v.Name, v.Level_of_membership
HAVING SUM(vi.Total_spent) = (
  SELECT MAX(total_spent_sum)
  FROM (
    SELECT SUM(Total_spent) AS total_spent_sum
    FROM visit
    GROUP BY visitor_ID
  )
)
gold: SELECT t2.visitor_id ,  t1.name ,  t1.Level_of_membership FROM visitor AS t1 JOIN visit AS t2 ON t1.id  =  t2.visitor_id GROUP BY t2.visitor_id ORDER BY sum(t2.Total_spent) DESC LIMIT 1",0,1,,273,99,1641.7888330761343,929.5023750746623,138.98902455308985,1
2422,completed,OpenAI,gpt-5.4,421,PASS,1,1,,260,56,939.3872499931604,547.4607499781996,142.88393358923764,1
2423,completed,OpenAI,gpt-5.4,422,PASS,1,1,,260,37,1035.7160000130534,577.02466705814,80.66426666848942,1
2424,completed,OpenAI,gpt-5.4,423,PASS,1,1,,263,55,1044.317333959043,618.1207089684904,129.0484175026472,1
2425,completed,OpenAI,gpt-5.4,424,PASS,1,1,,261,36,806.8952090106905,632.2095000650734,206.08440276707165,1
2426,completed,OpenAI,gpt-5.4,425,PASS,1,1,,263,51,768.9632079564035,456.5061249304563,163.22241603902074,1
2427,completed,OpenAI,gpt-5.4,426,PASS,1,1,,273,109,1143.2208750629798,604.2301250854507,202.2298156407031,1
2428,completed,OpenAI,gpt-5.4,427,PASS,1,1,,264,74,1289.6900420309976,805.757625028491,152.91391400964304,1
2429,completed,OpenAI,gpt-5.4,428,PASS,1,1,,262,44,752.8683749260381,604.3419159250334,296.2435130814124,1
2430,completed,OpenAI,gpt-5.4,429,PASS,1,1,,483,17,873.7242500064895,720.9874159889296,111.30255585922083,1
2431,completed,OpenAI,gpt-5.4,430,PASS,1,1,,482,17,894.4349579978734,789.7395000327379,162.37571648677573,1
2432,completed,OpenAI,gpt-5.4,431,PASS,1,1,,483,17,797.6925829425454,661.0073749907315,124.37337042347013,1
2433,completed,OpenAI,gpt-5.4,432,PASS,1,1,,482,17,657.7449169708416,530.3815830266103,133.47640544211734,1
2434,completed,OpenAI,gpt-5.4,433,PASS,1,1,,493,24,1027.7644579764456,837.8520410042256,126.37404327022323,1
2435,completed,OpenAI,gpt-5.4,434,PASS,1,1,,490,24,885.5713750235736,807.4238329427317,307.11138649981484,1
2436,completed,OpenAI,gpt-5.4,435,PASS,1,1,,488,33,863.6168329976499,649.3867919780314,154.04002091834528,1
2437,completed,OpenAI,gpt-5.4,436,PASS,1,1,,488,33,870.59266702272,617.0947920763865,130.17860606123912,1
2438,completed,OpenAI,gpt-5.4,437,PASS,1,1,,486,22,721.3304999750108,468.28775003086776,86.94183099439249,1
2439,completed,OpenAI,gpt-5.4,438,PASS,1,1,,487,22,701.2513329973444,561.0793329542503,156.9500327685727,1
2440,completed,OpenAI,gpt-5.4,439,PASS,1,1,,486,29,730.977209052071,539.7917920490727,151.68520933552796,1
2441,completed,OpenAI,gpt-5.4,440,PASS,1,1,,487,22,684.4609589315951,482.20466694328934,108.772883076844,1
2442,completed,OpenAI,gpt-5.4,441,PASS,1,1,,487,23,1079.3572090333328,809.3072919873521,85.16943923402076,1
2443,completed,OpenAI,gpt-5.4,442,PASS,1,1,,485,23,909.682416007854,622.9390410007909,80.21109467457951,1
2444,completed,OpenAI,gpt-5.4,443,PASS,1,1,,485,24,756.2749169301242,653.9009999250993,234.4347144480366,1
2445,completed,OpenAI,gpt-5.4,444,PASS,1,1,,484,24,656.8374999333173,487.3162090079859,141.57513707567986,1
2446,completed,OpenAI,gpt-5.4,445,PASS,1,1,,490,29,802.1881249733269,551.3544999994338,115.61448351678659,1
2447,completed,OpenAI,gpt-5.4,446,PASS,1,1,,490,29,656.8121659802273,463.1989999907091,149.7832022517002,1
2448,completed,OpenAI,gpt-5.4,447,PASS,1,1,,494,46,1492.5567090976983,1197.1930840518326,155.74023373005681,1
2449,completed,OpenAI,gpt-5.4,448,PASS,1,1,,494,78,903.7567080231383,503.0100831063464,194.63669847798556,1
2450,completed,OpenAI,gpt-5.4,449,PASS,1,1,,495,28,697.5893750786781,533.9745830278844,171.13367103939768,1
2451,completed,OpenAI,gpt-5.4,450,PASS,1,1,,490,29,844.8651669314131,679.6201670076698,175.4969893998779,1
2452,completed,OpenAI,gpt-5.4,451,PASS,1,1,,500,75,882.4302080320194,518.6282501090318,206.15611974214985,1
2453,completed,OpenAI,gpt-5.4,452,PASS,1,1,,498,75,1423.5527908895165,1083.7674159556627,220.72756961537942,1
2454,completed,OpenAI,gpt-5.4,453,PASS,1,1,,488,34,831.9677079562098,610.3263749973848,153.40099044755473,1
2455,completed,OpenAI,gpt-5.4,454,PASS,1,1,,489,31,2323.1109159532934,1790.7632499700412,58.23262123774441,1
2456,completed,OpenAI,gpt-5.4,455,PASS,1,1,,492,22,737.0123339351267,587.9854169907048,147.62433828114885,1
2457,completed,OpenAI,gpt-5.4,456,"FAIL
result mismatch (order_matters=True)
predicted: SELECT first_name || ' ' || last_name AS full_name
FROM players
ORDER BY birth_date
gold: SELECT first_name ,  last_name FROM players ORDER BY birth_date",0,1,,490,28,869.1315839532763,700.6042499560863,166.1451548297018,1
2458,completed,OpenAI,gpt-5.4,457,PASS,1,1,,498,28,700.861124903895,410.6301669962704,96.47489090020477,1
2459,completed,OpenAI,gpt-5.4,458,"FAIL
result mismatch (order_matters=True)
predicted: SELECT first_name || ' ' || last_name AS full_name
FROM players
WHERE hand = 'L'
ORDER BY birth_date
gold: SELECT first_name ,  last_name FROM players WHERE hand  =  'L' ORDER BY birth_date",0,1,,493,34,691.5720419492573,454.93212493602186,143.67821130573824,1
2460,completed,OpenAI,gpt-5.4,459,PASS,1,1,,494,43,731.0944580240175,488.9658750034869,177.59158982214805,1
2461,completed,OpenAI,gpt-5.4,460,PASS,1,1,,492,43,1006.898625055328,894.1698330454528,381.44647195574623,1
2462,completed,OpenAI,gpt-5.4,461,PASS,1,1,,487,27,729.5440000016242,499.8423750512302,117.54379189015695,1
2463,completed,OpenAI,gpt-5.4,462,PASS,1,1,,483,27,921.0390839725733,678.9466670015827,111.5276568255145,1
2464,completed,OpenAI,gpt-5.4,463,"FAIL
result mismatch (order_matters=True)
predicted: SELECT winner_name, winner_rank_points
FROM matches
GROUP BY winner_id, winner_name, winner_rank_points
ORDER BY COUNT(*) DESC
LIMIT 1
gold: SELECT winner_name ,  winner_rank_points FROM matches GROUP BY winner_name ORDER BY count(*) DESC LIMIT 1",0,1,,491,40,1036.6205419413745,733.9191669598222,132.1434367532613,1
2465,completed,OpenAI,gpt-5.4,464,"FAIL
result mismatch (order_matters=True)
predicted: SELECT p.first_name || ' ' || p.last_name AS winner_name, r.ranking_points
FROM matches m
JOIN players p ON p.player_id = m.winner_id
LEFT JOIN rankings r ON r.player_id = p.player_id
WHERE m.winner_id = (
  SELECT winner_id
  FROM matches
  GROUP BY winner_id
  ORDER BY COUNT(*) DESC
  LIMIT 1
)
ORDER BY r.ranking_date DESC
LIMIT 1
gold: SELECT winner_name ,  winner_rank_points FROM matches GROUP BY winner_name ORDER BY count(*) DESC LIMIT 1",0,1,,500,104,1256.0527920722961,1090.5150420730934,628.2554885547306,1
2466,completed,OpenAI,gpt-5.4,465,PASS,1,1,,497,58,847.8500000201166,515.5593749368563,174.5460016678691,1
2467,completed,OpenAI,gpt-5.4,466,PASS,1,1,,496,58,896.9806249951944,537.0146660134196,161.12634695809268,1
2468,completed,OpenAI,gpt-5.4,467,PASS,1,1,,494,28,818.2613749522716,635.9130829805508,153.5523020108263,1
2469,completed,OpenAI,gpt-5.4,468,PASS,1,1,,492,28,839.0385409584269,544.2837909795344,94.99422825927348,1
2470,completed,OpenAI,gpt-5.4,469,"FAIL
result mismatch (order_matters=False)
predicted: SELECT
  p.first_name,
  AVG(r.ranking) AS average_ranking
FROM players AS p
JOIN rankings AS r
  ON p.player_id = r.player_id
GROUP BY p.player_id, p.first_name
gold: SELECT avg(ranking) ,  T1.first_name FROM players AS T1 JOIN rankings AS T2 ON T1.player_id  =  T2.player_id GROUP BY T1.first_name",0,1,,488,55,2295.958249946125,565.2099589351565,31.778162246731604,1
2471,completed,OpenAI,gpt-5.4,470,"FAIL
result mismatch (order_matters=False)
predicted: SELECT p.first_name, AVG(r.ranking) AS average_ranking
FROM players AS p
JOIN rankings AS r ON p.player_id = r.player_id
GROUP BY p.player_id, p.first_name
gold: SELECT avg(ranking) ,  T1.first_name FROM players AS T1 JOIN rankings AS T2 ON T1.player_id  =  T2.player_id GROUP BY T1.first_name",0,1,,490,50,863.6455000378191,465.59558308217674,125.61238646250456,1
2472,completed,OpenAI,gpt-5.4,471,"FAIL
result mismatch (order_matters=False)
predicted: SELECT p.first_name, SUM(r.ranking_points) AS total_ranking_points
FROM players AS p
JOIN rankings AS r ON p.player_id = r.player_id
GROUP BY p.player_id, p.first_name
gold: SELECT sum(ranking_points) ,  T1.first_name FROM players AS T1 JOIN rankings AS T2 ON T1.player_id  =  T2.player_id GROUP BY T1.first_name",0,1,,489,52,1184.4954999396577,629.873541998677,93.75755729731404,1
2473,completed,OpenAI,gpt-5.4,472,"FAIL
result mismatch (order_matters=False)
predicted: SELECT p.first_name, COALESCE(SUM(r.ranking_points), 0) AS total_ranking_points
FROM players p
LEFT JOIN rankings r ON p.player_id = r.player_id
GROUP BY p.player_id, p.first_name
gold: SELECT sum(ranking_points) ,  T1.first_name FROM players AS T1 JOIN rankings AS T2 ON T1.player_id  =  T2.player_id GROUP BY T1.first_name",0,1,,491,58,947.4902909714729,661.3935829373077,202.72865213490584,1
2474,completed,OpenAI,gpt-5.4,473,PASS,1,1,,485,25,670.5743749625981,515.3703750111163,161.0783227739957,1
2475,completed,OpenAI,gpt-5.4,474,PASS,1,1,,484,34,1183.8346250588074,1083.1909170374274,337.8253908607709,1
2476,completed,OpenAI,gpt-5.4,475,PASS,1,1,,490,29,1009.9414580035955,829.7093329019845,160.9036124034515,1
2477,completed,OpenAI,gpt-5.4,476,PASS,1,1,,488,29,822.4559159716591,585.4476658860222,122.35860983540269,1
2478,completed,OpenAI,gpt-5.4,477,PASS,1,1,,489,27,671.191333909519,510.9682088950649,168.51500055041532,1
2479,completed,OpenAI,gpt-5.4,478,PASS,1,1,,489,27,748.7194589339197,511.34762493893504,113.74559291887375,1
2480,completed,OpenAI,gpt-5.4,479,PASS,1,1,,487,36,767.3719170270488,496.5314589207992,132.91958022710682,1
2481,completed,OpenAI,gpt-5.4,480,PASS,1,1,,487,36,779.243209050037,467.1606250340119,115.35408204051349,1
2482,completed,OpenAI,gpt-5.4,481,PASS,1,1,,486,27,1059.129917062819,720.5349170835689,79.74128383955646,1
2483,completed,OpenAI,gpt-5.4,482,PASS,1,1,,485,27,976.0504589648917,882.8520840033889,289.7046221154908,1
2484,completed,OpenAI,gpt-5.4,483,PASS,1,1,,491,34,818.9564170315862,547.7505839662626,125.36603514648834,1
2485,completed,OpenAI,gpt-5.4,484,PASS,1,1,,491,34,603.2329578883946,397.77620788663626,165.48494999414243,1
2486,completed,OpenAI,gpt-5.4,485,PASS,1,1,,492,53,767.7208329550922,475.88883293792605,181.61133801941676,1
2487,completed,OpenAI,gpt-5.4,486,PASS,1,1,,491,44,734.43158401642,432.74016701616347,145.8443877439264,1
2488,completed,OpenAI,gpt-5.4,487,PASS,1,1,,499,59,971.5327500598505,634.3274170067161,174.96757677525582,1
2489,completed,OpenAI,gpt-5.4,488,PASS,1,1,,501,85,1111.3158750813454,943.5914170462638,506.78357226959236,1
2490,completed,OpenAI,gpt-5.4,489,PASS,1,1,,486,23,867.6437500398606,674.4567089481279,119.05560471356208,1
2491,completed,OpenAI,gpt-5.4,490,PASS,1,1,,486,27,573.0433330172673,416.1765000317246,172.1205144907107,1
2492,completed,OpenAI,gpt-5.4,491,PASS,1,1,,299,26,548.3866250142455,427.21383296884596,214.56962046610792,1
2493,completed,OpenAI,gpt-5.4,492,PASS,1,1,,307,21,677.3315420141444,502.7248749975115,120.27032162523074,1
2494,completed,OpenAI,gpt-5.4,493,"FAIL
result mismatch (order_matters=False)
predicted: SELECT name, date, result
FROM battle
gold: SELECT name ,  date FROM battle",0,1,,300,17,778.1515830429271,685.0998329464346,182.69403834287266,1
2495,completed,OpenAI,gpt-5.4,494,PASS,1,1,,300,33,785.6897920137271,656.0517080361024,254.55482669502985,1
2496,completed,OpenAI,gpt-5.4,495,PASS,1,1,,300,24,1027.986542088911,797.4257500609383,104.09402131602764,1
2497,completed,OpenAI,gpt-5.4,496,PASS,1,1,,307,46,1071.549249929376,802.701583947055,171.10061131430803,1
2498,completed,OpenAI,gpt-5.4,497,PASS,1,1,,310,26,836.7649590363726,642.2205000417307,133.64554371973188,1
2499,completed,OpenAI,gpt-5.4,498,PASS,1,1,,310,44,962.383916019462,659.7842080518603,145.40661752625,1
2500,completed,OpenAI,gpt-5.4,499,PASS,1,1,,310,65,810.8162089483812,671.5007919119671,466.5671709758465,1
2501,completed,SambaNova,MiniMax-M2.7,500,"FAIL
result mismatch (order_matters=True)
predicted: SELECT s.id, s.name
FROM ship s
JOIN death d ON d.caused_by_ship_id = s.id
GROUP BY s.id, s.name
ORDER BY SUM(d.injured) DESC
LIMIT 1
gold: SELECT T2.id ,  T2.name FROM death AS T1 JOIN ship AS t2 ON T1.caused_by_ship_id  =  T2.id GROUP BY T2.id ORDER BY count(*) DESC LIMIT 1",0,1,,311,468,1291.0380363464355,211.02166175842285,432.40085149463005,1
2502,completed,SambaNova,MiniMax-M2.7,501,PASS,1,1,,325,296,779.5147895812988,115.59677124023438,444.3319684817684,1
2503,completed,SambaNova,MiniMax-M2.7,502,PASS,1,1,,308,88,381.9441795349121,115.59677124023438,326.6410608499188,1
2504,completed,SambaNova,MiniMax-M2.7,503,PASS,1,1,,313,759,2111.5047931671143,401.8816947937012,443.37257768755234,1
2505,completed,SambaNova,MiniMax-M2.7,504,PASS,1,1,,325,430,1105.1685810089111,116.75810813903809,434.03020483422074,1
2506,completed,SambaNova,MiniMax-M2.7,505,PASS,1,1,,320,604,1513.5903358459473,118.40438842773438,432.20045407986623,1
2507,completed,SambaNova,MiniMax-M2.7,506,PASS,1,1,,313,123,433.5496425628662,117.0501708984375,385.4666782172438,1
2508,completed,SambaNova,MiniMax-M2.7,507,"FAIL
result mismatch (order_matters=False)
predicted: SELECT * FROM Addresses
gold: SELECT line_1 ,  line_2 FROM addresses",0,1,,897,403,1129.5268535614014,185.6977939605713,425.92458444754425,1
2509,completed,SambaNova,MiniMax-M2.7,508,PASS,1,1,,894,303,838.2179737091064,118.89386177062988,419.838560932085,1
2510,completed,SambaNova,MiniMax-M2.7,509,PASS,1,1,,891,173,526.9293785095215,121.35076522827148,424.0854778028593,1
2511,completed,SambaNova,MiniMax-M2.7,510,PASS,1,1,,889,59,259.2611312866211,123.05784225463867,425.83406327567315,1
2512,completed,SambaNova,MiniMax-M2.7,511,PASS,1,1,,890,386,1020.7109451293945,120.21946907043457,427.5443024568863,1
2513,completed,SambaNova,MiniMax-M2.7,512,PASS,1,1,,893,364,1369.680643081665,318.50695610046387,345.3282787571259,1
2514,completed,SambaNova,MiniMax-M2.7,513,PASS,1,1,,897,175,525.0818729400635,119.50969696044922,429.0235137055999,1
2515,completed,SambaNova,MiniMax-M2.7,514,PASS,1,1,,892,99,635.0641250610352,318.50695610046387,309.58073172623796,1
2516,completed,SambaNova,MiniMax-M2.7,515,PASS,1,1,,898,671,2105.7186126708984,318.50695610046387,374.88564800751965,1
2517,completed,SambaNova,MiniMax-M2.7,516,PASS,1,1,,899,420,1063.969373703003,119.13394927978516,443.46347434610834,1
2518,completed,SambaNova,MiniMax-M2.7,517,PASS,1,1,,890,232,748.0795383453369,208.37783813476562,428.01421583417743,1
2519,completed,SambaNova,MiniMax-M2.7,518,PASS,1,1,,890,190,704.6658992767334,253.8292407989502,419.2205679062226,1
2520,completed,SambaNova,MiniMax-M2.7,519,PASS,1,1,,891,149,479.6028137207031,118.8511848449707,410.2545578553197,1
2521,completed,SambaNova,MiniMax-M2.7,520,"FAIL
result mismatch (order_matters=False)
predicted: SELECT COUNT(*) AS ""Number of Degrees"" FROM Degree_Programs
gold: SELECT count(DISTINCT degree_summary_name) FROM Degree_Programs",0,1,,890,300,827.4750709533691,119.42505836486816,422.2865541756166,1
2522,completed,SambaNova,MiniMax-M2.7,521,PASS,1,1,,892,310,831.428050994873,119.42505836486816,433.9869399405362,1
2523,completed,SambaNova,MiniMax-M2.7,522,PASS,1,1,,892,339,891.1342620849609,124.84216690063477,441.08506680953883,1
2524,completed,SambaNova,MiniMax-M2.7,523,PASS,1,1,,894,80,390.99955558776855,209.66267585754395,435.6532444890886,1
2525,completed,SambaNova,MiniMax-M2.7,524,PASS,1,1,,894,82,347.5947380065918,121.37103080749512,358.0526594797286,1
2526,completed,SambaNova,MiniMax-M2.7,525,"FAIL
result mismatch (order_matters=False)
predicted: SELECT c.course_id, c.course_name
FROM Courses c
LEFT JOIN Sections s ON c.course_id = s.course_id
GROUP BY c.course_id, c.course_name
HAVING COUNT(s.section_id) <= 2
gold: SELECT T1.course_name ,  T1.course_id FROM Courses AS T1 JOIN Sections AS T2 ON T1.course_id  =  T2.course_id GROUP BY T1.course_id HAVING count(*)  <=  2",0,1,,898,399,1022.8290557861328,122.16711044311523,441.89720911148464,1
2527,completed,SambaNova,MiniMax-M2.7,526,"FAIL
result mismatch (order_matters=False)
predicted: SELECT c.course_id, c.course_name
FROM Courses c
LEFT JOIN Sections s ON c.course_id = s.course_id
GROUP BY c.course_id, c.course_name
HAVING COUNT(s.section_id) < 2
gold: SELECT T1.course_name ,  T1.course_id FROM Courses AS T1 JOIN Sections AS T2 ON T1.course_id  =  T2.course_id GROUP BY T1.course_id HAVING count(*)  <=  2",0,1,,899,319,841.1877155303955,119.46845054626465,440.61453729795085,1
2528,completed,SambaNova,MiniMax-M2.7,527,PASS,1,1,,893,109,390.7451629638672,120.00131607055664,398.9010322460201,1
2529,completed,SambaNova,MiniMax-M2.7,528,PASS,1,1,,895,129,436.2835884094238,120.44644355773926,405.2721539770381,1
2530,completed,SambaNova,MiniMax-M2.7,529,PASS,1,1,,901,422,1107.9943180084229,119.3537712097168,425.83727863805535,1
2531,completed,SambaNova,MiniMax-M2.7,530,PASS,1,1,,902,1283,3045.3884601593018,121.38581275939941,438.4400955108529,1
2532,completed,SambaNova,MiniMax-M2.7,531,"FAIL
result mismatch (order_matters=False)
predicted: SELECT department_description
FROM Departments
WHERE department_name LIKE '%the computer%'
gold: SELECT department_description FROM Departments WHERE department_name LIKE '%computer%'",0,1,,898,208,619.5266246795654,123.62360954284668,417.42032954353147,1
2533,completed,SambaNova,MiniMax-M2.7,532,PASS,1,1,,898,175,527.3804664611816,121.88148498535156,429.1009544998607,1
2534,completed,SambaNova,MiniMax-M2.7,533,"FAIL
result mismatch (order_matters=False)
predicted: SELECT s.student_id, s.first_name, s.middle_name, s.last_name
FROM Students s
JOIN Student_Enrolment se ON s.student_id = se.student_id
GROUP BY s.student_id, se.semester_id
HAVING COUNT(DISTINCT se.degree_program_id) = 2
gold: SELECT T1.first_name ,  T1.middle_name ,  T1.last_name ,  T1.student_id FROM Students AS T1 JOIN Student_Enrolment AS T2 ON T1.student_id  =  T2.student_id GROUP BY T1.student_id HAVING count(*)  =  2",0,1,,909,998,2368.6676025390625,122.53093719482422,443.8732581960688,1
2535,completed,SambaNova,MiniMax-M2.7,534,"FAIL
result mismatch (order_matters=False)
predicted: SELECT DISTINCT s.student_id, s.first_name, s.middle_name, s.last_name
FROM Students s
JOIN (
    SELECT student_id
    FROM Student_Enrolment
    GROUP BY student_id, semester_id
    HAVING COUNT(DISTINCT degree_program_id) = 2
) e ON s.student_id = e.student_id
gold: SELECT T1.first_name ,  T1.middle_name ,  T1.last_name ,  T1.student_id FROM Students AS T1 JOIN Student_Enrolment AS T2 ON T1.student_id  =  T2.student_id GROUP BY T1.student_id HAVING count(*)  =  2",0,1,,913,1634,3800.9700775146484,119.8427677154541,443.6141058346282,1
2536,completed,SambaNova,MiniMax-M2.7,535,PASS,1,1,,903,609,1516.878366470337,122.72119522094727,436.1057795622383,1
2537,completed,SambaNova,MiniMax-M2.7,536,PASS,1,1,,901,851,2057.224988937378,123.38113784790039,439.5391073178592,1
2538,completed,SambaNova,MiniMax-M2.7,537,"FAIL
result mismatch (order_matters=True)
predicted: SELECT dp.degree_summary_name AS program_type, COUNT(DISTINCT se.student_id) AS num_students
FROM Student_Enrolment se
JOIN Degree_Programs dp ON se.degree_program_id = dp.degree_program_id
GROUP BY dp.degree_summary_name
ORDER BY num_students DESC
LIMIT 1
gold: SELECT T1.degree_summary_name FROM Degree_Programs AS T1 JOIN Student_Enrolment AS T2 ON T1.degree_program_id  =  T2.degree_program_id GROUP BY T1.degree_summary_name ORDER BY count(*) DESC LIMIT 1",0,1,,897,916,2188.8906955718994,120.16892433166504,442.3021078622099,1
2539,completed,SambaNova,MiniMax-M2.7,538,"FAIL
result mismatch (order_matters=True)
predicted: SELECT dp.degree_summary_name
FROM Degree_Programs dp
JOIN Student_Enrolment se ON dp.degree_program_id = se.degree_program_id
GROUP BY dp.degree_summary_name
ORDER BY COUNT(DISTINCT se.student_id) DESC
LIMIT 1
gold: SELECT T1.degree_summary_name FROM Degree_Programs AS T1 JOIN Student_Enrolment AS T2 ON T1.degree_program_id  =  T2.degree_program_id GROUP BY T1.degree_summary_name ORDER BY count(*) DESC LIMIT 1",0,1,,898,479,1197.7989673614502,119.34328079223633,443.22637077524706,1
2540,completed,SambaNova,MiniMax-M2.7,539,PASS,1,1,,903,466,1199.1441249847412,120.2387809753418,430.9923966749292,1
2541,completed,SambaNova,MiniMax-M2.7,540,PASS,1,1,,901,998,2370.5453872680664,121.61684036254883,443.3222217628269,1
2542,completed,SambaNova,MiniMax-M2.7,541,"FAIL
result mismatch (order_matters=True)
predicted: SELECT
    s.student_id AS id,
    s.first_name,
    s.middle_name,
    s.last_name,
    COUNT(e.student_enrolment_id) AS num_enrollments,
    s.student_id AS student_id
FROM Students s
JOIN Student_Enrolment e ON s.student_id = e.student_id
GROUP BY s.student_id, s.first_name, s.middle_name, s.last_name
ORDER BY num_enrollments DESC
LIMIT 1
gold: SELECT T1.student_id ,  T1.first_name ,  T1.middle_name ,  T1.last_name ,  count(*) ,  T1.student_id FROM Students AS T1 JOIN Student_Enrolment AS T2 ON T1.student_id  =  T2.student_id GROUP BY T1.student_id ORDER BY count(*) DESC LIMIT 1",0,1,,917,4519,10266.844272613525,120.01872062683105,445.26241008601943,1
2543,completed,SambaNova,MiniMax-M2.7,542,"FAIL
result mismatch (order_matters=True)
predicted: SELECT s.first_name, s.middle_name, s.last_name, s.student_id,
       COUNT(se.student_enrolment_id) AS enrollment_count
FROM Students s
JOIN Student_Enrolment se ON s.student_id = se.student_id
GROUP BY s.student_id
ORDER BY enrollment_count DESC
LIMIT 1
gold: SELECT T1.student_id ,  T1.first_name ,  T1.middle_name ,  T1.last_name ,  count(*) ,  T1.student_id FROM Students AS T1 JOIN Student_Enrolment AS T2 ON T1.student_id  =  T2.student_id GROUP BY T1.student_id ORDER BY count(*) DESC LIMIT 1",0,1,,915,676,1652.155876159668,122.23410606384277,441.199029384177,1
2544,completed,SambaNova,MiniMax-M2.7,543,PASS,1,1,,897,265,753.3373832702637,123.00229072570801,418.82484907238285,1
2545,completed,SambaNova,MiniMax-M2.7,544,PASS,1,1,,895,332,885.3912353515625,120.41950225830078,432.6957267578488,1
2546,completed,SambaNova,MiniMax-M2.7,545,PASS,1,1,,899,375,978.4817695617676,123.42619895935059,437.39847193382263,1
2547,completed,SambaNova,MiniMax-M2.7,546,PASS,1,1,,896,335,882.8835487365723,117.73419380187988,436.5160838807841,1
2548,completed,SambaNova,MiniMax-M2.7,547,"FAIL
result mismatch (order_matters=True)
predicted: SELECT c.course_name
FROM Courses c
JOIN Student_Enrolment_Courses sec ON c.course_id = sec.course_id
GROUP BY c.course_id
ORDER BY COUNT(*) DESC
LIMIT 1
gold: SELECT  T1.course_name FROM Courses AS T1 JOIN Student_Enrolment_Courses AS T2 ON T1.course_id  =  T2.course_id GROUP BY T1.course_name ORDER BY count(*) DESC LIMIT 1",0,1,,896,542,1380.5241584777832,120.92018127441406,429.50007287302566,1
2549,completed,SambaNova,MiniMax-M2.7,548,"FAIL
result mismatch (order_matters=True)
predicted: SELECT c.course_name
FROM Courses c
JOIN Student_Enrolment_Courses sec ON c.course_id = sec.course_id
JOIN Student_Enrolment se ON sec.student_enrolment_id = se.student_enrolment_id
GROUP BY c.course_id, c.course_name
ORDER BY COUNT(DISTINCT se.student_id) DESC
LIMIT 1
gold: SELECT  T1.course_name FROM Courses AS T1 JOIN Student_Enrolment_Courses AS T2 ON T1.course_id  =  T2.course_id GROUP BY T1.course_name ORDER BY count(*) DESC LIMIT 1",0,1,,896,610,1512.7296447753906,118.50261688232422,436.80117213070463,1
2550,completed,SambaNova,MiniMax-M2.7,549,"FAIL
result mismatch (order_matters=False)
predicted: SELECT s.last_name
FROM Students s
JOIN Addresses a ON s.current_address_id = a.address_id
WHERE a.state_province_county = 'North Carolina'
  AND s.student_id NOT IN (SELECT student_id FROM Student_Enrolment)
gold: SELECT T1.last_name FROM Students AS T1 JOIN Addresses AS T2 ON T1.current_address_id  =  T2.address_id WHERE T2.state_province_county  =  'NorthCarolina' EXCEPT SELECT DISTINCT T3.last_name FROM Students AS T3 JOIN Student_Enrolment AS T4 ON T3.student_id  =  T4.student_id",0,1,,908,433,1110.6722354888916,120.64719200134277,436.3525981910508,1
2551,completed,SambaNova,MiniMax-M2.7,550,"FAIL
result mismatch (order_matters=False)
predicted: SELECT DISTINCT s.last_name
FROM Students s
JOIN Addresses a
  ON s.current_address_id = a.address_id OR s.permanent_address_id = a.address_id
WHERE a.state_province_county = 'North Carolina'
  AND s.student_id NOT IN (SELECT student_id FROM Student_Enrolment)
gold: SELECT T1.last_name FROM Students AS T1 JOIN Addresses AS T2 ON T1.current_address_id  =  T2.address_id WHERE T2.state_province_county  =  'NorthCarolina' EXCEPT SELECT DISTINCT T3.last_name FROM Students AS T3 JOIN Student_Enrolment AS T4 ON T3.student_id  =  T4.student_id",0,1,,905,666,1649.444580078125,121.23298645019531,435.1491657129164,1
2552,completed,SambaNova,MiniMax-M2.7,551,PASS,1,1,,899,417,1092.4980640411377,119.51589584350586,427.5515149168717,1
2553,completed,SambaNova,MiniMax-M2.7,552,PASS,1,1,,900,630,1534.9314212799072,119.51589584350586,444.39246899320716,1
2554,completed,SambaNova,MiniMax-M2.7,553,PASS,1,1,,904,381,1017.8823471069336,119.24242973327637,422.8612513792828,1
2555,completed,SambaNova,MiniMax-M2.7,554,"FAIL
result mismatch (order_matters=False)
predicted: SELECT ""cell_mobile_number""
FROM ""Students""
WHERE ""first_name"" = 'Timmothy' AND ""last_name"" = 'Ward'
gold: select cell_mobile_number from students where first_name  =  'timmothy' and last_name  =  'ward'",0,1,,898,257,737.3323440551758,117.96164512634277,413.32274911089223,1
2556,completed,SambaNova,MiniMax-M2.7,555,PASS,1,1,,902,336,870.6619739532471,117.96164512634277,445.0642402695678,1
2557,completed,SambaNova,MiniMax-M2.7,556,PASS,1,1,,900,160,481.9314479827881,120.61214447021484,440.0539867487791,1
2558,completed,SambaNova,MiniMax-M2.7,557,PASS,1,1,,903,4203,9605.706453323364,119.98820304870605,442.9817425663398,1
2559,completed,SambaNova,MiniMax-M2.7,558,PASS,1,1,,899,1003,2410.4416370391846,120.10025978088379,437.4893672835201,1
2560,completed,SambaNova,MiniMax-M2.7,559,PASS,1,1,,902,245,706.8190574645996,121.45876884460449,416.83729618084874,1
2561,completed,SambaNova,MiniMax-M2.7,560,PASS,1,1,,903,268,784.8095893859863,117.11668968200684,399.8844380678213,1
2562,completed,SambaNova,MiniMax-M2.7,561,"FAIL
result mismatch (order_matters=True)
predicted: SELECT a.address_id, a.line_1, a.line_2, a.line_3
FROM Addresses a
JOIN Students s ON s.current_address_id = a.address_id
WHERE s.date_left IS NULL
GROUP BY a.address_id, a.line_1, a.line_2, a.line_3
ORDER BY COUNT(*) DESC
LIMIT 1
gold: SELECT T1.address_id ,  T1.line_1 ,  T1.line_2 FROM Addresses AS T1 JOIN Students AS T2 ON T1.address_id  =  T2.current_address_id GROUP BY T1.address_id ORDER BY count(*) DESC LIMIT 1",0,1,,901,1059,2462.629556655884,117.11668968200684,451.0740550168056,1
2563,completed,SambaNova,MiniMax-M2.7,562,PASS,1,1,,904,1132,2680.370330810547,120.71490287780762,441.85634818567445,1
2564,completed,SambaNova,MiniMax-M2.7,563,"FAIL
result mismatch (order_matters=False)
predicted: SELECT datetime(AVG(CAST(strftime('%s', transcript_date) AS INTEGER))) AS average_transcript_date
FROM Transcripts
gold: SELECT avg(transcript_date) FROM Transcripts",0,1,,892,456,1153.9583206176758,120.25713920593262,440.16588950648077,1
2565,completed,SambaNova,MiniMax-M2.7,564,"FAIL
result mismatch (order_matters=False)
predicted: SELECT datetime(AVG(julianday(transcript_date))) AS average_transcript_date FROM Transcripts
gold: SELECT avg(transcript_date) FROM Transcripts",0,1,,890,458,1154.500961303711,121.08731269836426,442.22369291981846,1
2566,completed,SambaNova,MiniMax-M2.7,565,PASS,1,1,,896,348,927.7927875518799,118.59750747680664,428.8210874979486,1
2567,completed,SambaNova,MiniMax-M2.7,566,"FAIL
result mismatch (order_matters=True)
predicted: SELECT transcript_id, transcript_date, other_details
FROM Transcripts
WHERE transcript_date = (SELECT MIN(transcript_date) FROM Transcripts)
gold: SELECT transcript_date ,  other_details FROM Transcripts ORDER BY transcript_date ASC LIMIT 1",0,1,,901,435,1108.687400817871,119.65203285217285,438.8114055948017,1
2568,completed,SambaNova,MiniMax-M2.7,567,PASS,1,1,,889,236,659.8443984985352,119.3394660949707,434.7786410661999,1
2569,completed,SambaNova,MiniMax-M2.7,568,PASS,1,1,,889,111,426.3021945953369,116.14108085632324,354.65438808218863,1
2570,completed,SambaNova,MiniMax-M2.7,569,PASS,1,1,,891,159,471.1415767669678,116.14108085632324,445.06980080323444,1
2571,completed,SambaNova,MiniMax-M2.7,570,PASS,1,1,,890,233,660.9022617340088,120.10383605957031,428.99533169067394,1
2572,completed,SambaNova,MiniMax-M2.7,571,PASS,1,1,,905,966,2322.2293853759766,120.30410766601562,438.2528370824718,1
2573,completed,SambaNova,MiniMax-M2.7,572,PASS,1,1,,907,10642,24149.832487106323,218.61910820007324,444.6494137810548,1
2574,completed,SambaNova,MiniMax-M2.7,573,"FAIL
result mismatch (order_matters=True)
predicted: SELECT t.transcript_date, t.transcript_id
FROM Transcripts t
LEFT JOIN Transcript_Contents tc ON t.transcript_id = tc.transcript_id
GROUP BY t.transcript_id, t.transcript_date
ORDER BY COUNT(tc.student_course_id) ASC
LIMIT 1
gold: SELECT T2.transcript_date ,  T1.transcript_id FROM Transcript_Contents AS T1 JOIN Transcripts AS T2 ON T1.transcript_id  =  T2.transcript_id GROUP BY T1.transcript_id ORDER BY count(*) ASC LIMIT 1",0,1,,902,732,1786.9813442230225,122.21813201904297,439.10148580964216,1
2575,completed,SambaNova,MiniMax-M2.7,574,"FAIL
result mismatch (order_matters=True)
predicted: SELECT 
    t.transcript_id AS id, 
    t.transcript_date AS date
FROM Transcripts t
LEFT JOIN Transcript_Contents tc ON t.transcript_id = tc.transcript_id
GROUP BY t.transcript_id
ORDER BY COUNT(tc.student_course_id) ASC
LIMIT 1
gold: SELECT T2.transcript_date ,  T1.transcript_id FROM Transcript_Contents AS T1 JOIN Transcripts AS T2 ON T1.transcript_id  =  T2.transcript_id GROUP BY T1.transcript_id ORDER BY count(*) ASC LIMIT 1",0,1,,899,416,1191.5452480316162,218.61910820007324,426.54830928055344,1
2576,completed,SambaNova,MiniMax-M2.7,575,"FAIL
result mismatch (order_matters=False)
predicted: SELECT DISTINCT s.semester_id, s.semester_name
FROM Semesters s
WHERE EXISTS (
    SELECT 1
    FROM Student_Enrolment e
    JOIN Degree_Programs dp ON e.degree_program_id = dp.degree_program_id
    WHERE e.semester_id = s.semester_id
      AND dp.degree_summary_name LIKE '%Master%'
)
AND EXISTS (
    SELECT 1
    FROM Student_Enrolment e
    JOIN Degree_Programs dp ON e.degree_program_id = dp.degree_program_id
    WHERE e.semester_id = s.semester_id
      AND dp.degree_summary_name LIKE '%Bachelor%'
)
gold: SELECT DISTINCT T2.semester_id FROM Degree_Programs AS T1 JOIN Student_Enrolment AS T2 ON T1.degree_program_id  =  T2.degree_program_id WHERE degree_summary_name  =  'Master' INTERSECT SELECT DISTINCT T2.semester_id FROM Degree_Programs AS T1 JOIN Student_Enrolment AS T2 ON T1.degree_program_id  =  T2.degree_program_id WHERE degree_summary_name  =  'Bachelor'",0,1,,897,1410,3308.5708618164062,119.99249458312988,441.8897194057635,1
2577,completed,SambaNova,MiniMax-M2.7,576,"FAIL
result mismatch (order_matters=False)
predicted: SELECT semester_id
FROM Student_Enrolment se
JOIN Degree_Programs dp ON se.degree_program_id = dp.degree_program_id
WHERE LOWER(dp.degree_summary_name) LIKE '%masters%'
INTERSECT
SELECT semester_id
FROM Student_Enrolment se
JOIN Degree_Programs dp ON se.degree_program_id = dp.degree_program_id
WHERE LOWER(dp.degree_summary_name) LIKE '%bachelors%'
gold: SELECT DISTINCT T2.semester_id FROM Degree_Programs AS T1 JOIN Student_Enrolment AS T2 ON T1.degree_program_id  =  T2.degree_program_id WHERE degree_summary_name  =  'Master' INTERSECT SELECT DISTINCT T2.semester_id FROM Degree_Programs AS T1 JOIN Student_Enrolment AS T2 ON T1.degree_program_id  =  T2.degree_program_id WHERE degree_summary_name  =  'Bachelor'",0,1,,899,1317,3086.4169597625732,121.23918533325195,443.8182463624049,1
2578,completed,SambaNova,MiniMax-M2.7,577,PASS,1,1,,893,333,885.0305080413818,120.35012245178223,434.1683221598714,1
2579,completed,SambaNova,MiniMax-M2.7,578,"FAIL
result mismatch (order_matters=False)
predicted: SELECT DISTINCT a.*
FROM Addresses a
JOIN Students s ON a.address_id = s.current_address_id OR a.address_id = s.permanent_address_id
gold: SELECT count(DISTINCT current_address_id) FROM Students",0,1,,894,503,1287.5170707702637,119.05097961425781,429.6230791801183,1
2580,completed,SambaNova,MiniMax-M2.7,579,"FAIL
result mismatch (order_matters=True)
predicted: SELECT * FROM Students ORDER BY last_name DESC, first_name DESC
gold: SELECT other_student_details FROM Students ORDER BY other_student_details DESC",0,1,,894,441,1157.440423965454,123.16489219665527,425.4185528758668,1
2581,completed,SambaNova,MiniMax-M2.7,580,"FAIL
result mismatch (order_matters=True)
predicted: SELECT other_student_details
FROM Students
ORDER BY last_name DESC, first_name DESC
gold: SELECT other_student_details FROM Students ORDER BY other_student_details DESC",0,1,,897,634,1530.3821563720703,116.25885963439941,447.62716338830364,1
2582,completed,SambaNova,MiniMax-M2.7,581,"FAIL
result mismatch (order_matters=False)
predicted: SELECT * FROM Sections WHERE section_name = 'h'
gold: SELECT section_description FROM Sections WHERE section_name  =  'h'",0,1,,888,476,1220.8898067474365,116.25885963439941,430.0078693625385,1
2583,completed,SambaNova,MiniMax-M2.7,582,PASS,1,1,,893,207,615.7126426696777,120.52202224731445,416.00141744263306,1
2584,completed,SambaNova,MiniMax-M2.7,583,"FAIL
result mismatch (order_matters=False)
predicted: SELECT DISTINCT s.first_name
FROM Students s
LEFT JOIN Addresses a ON s.permanent_address_id = a.address_id
WHERE a.country = 'Haiti' OR s.cell_mobile_number = '09700166582'
gold: select t1.first_name from students as t1 join addresses as t2 on t1.permanent_address_id  =  t2.address_id where t2.country  =  'haiti' or t1.cell_mobile_number  =  '09700166582'",0,1,,909,588,1486.222267150879,116.72472953796387,428.62435592484724,1
2585,completed,SambaNova,MiniMax-M2.7,584,"FAIL
result mismatch (order_matters=False)
predicted: SELECT DISTINCT s.first_name
FROM Students s
LEFT JOIN Addresses a ON s.permanent_address_id = a.address_id
WHERE a.country = 'Haiti' OR s.cell_mobile_number = '09700166582'
gold: select t1.first_name from students as t1 join addresses as t2 on t1.permanent_address_id  =  t2.address_id where t2.country  =  'haiti' or t1.cell_mobile_number  =  '09700166582'",0,1,,908,612,1490.0927543640137,116.72472953796387,444.89167430368053,1
2586,completed,SambaNova,MiniMax-M2.7,585,PASS,1,1,,360,157,478.8169860839844,118.1180477142334,432.4936488725815,1
2587,completed,SambaNova,MiniMax-M2.7,586,PASS,1,1,,360,74,297.107458114624,116.67346954345703,404.5800936845513,1
2588,completed,SambaNova,MiniMax-M2.7,587,"FAIL
result mismatch (order_matters=False)
predicted: SELECT * FROM Cartoon WHERE Directed_by = 'Ben Jones'
gold: SELECT Title FROM Cartoon WHERE Directed_by = ""Ben Jones"";",0,1,,359,150,480.36932945251465,119.6751594543457,413.0923435794829,1
2589,completed,SambaNova,MiniMax-M2.7,588,PASS,1,1,,362,147,479.2780876159668,118.63470077514648,404.8320455254626,1
2590,completed,SambaNova,MiniMax-M2.7,589,PASS,1,1,,362,153,477.05769538879395,117.18487739562988,422.37143902012434,1
2591,completed,SambaNova,MiniMax-M2.7,590,PASS,1,1,,364,163,527.1904468536377,121.31214141845703,399.1344149973831,1
2592,completed,SambaNova,MiniMax-M2.7,591,PASS,1,1,,363,1320,3080.759286880493,116.18614196777344,444.92071388538227,1
2593,completed,SambaNova,MiniMax-M2.7,592,PASS,1,1,,367,209,604.7976016998291,114.6094799041748,424.326887477517,1
2594,completed,SambaNova,MiniMax-M2.7,593,PASS,1,1,,369,141,478.53660583496094,117.74826049804688,388.03914208831816,1
2595,completed,SambaNova,MiniMax-M2.7,594,PASS,1,1,,366,190,601.6018390655518,114.6094799041748,388.0964381565793,1
2596,completed,SambaNova,MiniMax-M2.7,595,PASS,1,1,,370,172,521.7549800872803,116.51849746704102,421.97582728564413,1
2597,completed,SambaNova,MiniMax-M2.7,596,PASS,1,1,,368,283,795.5162525177002,119.8737621307373,417.3804993207121,1
2598,completed,SambaNova,MiniMax-M2.7,597,PASS,1,1,,365,396,1015.5038833618164,116.3027286529541,439.2787953301624,1
2599,completed,SambaNova,MiniMax-M2.7,598,PASS,1,1,,364,367,970.7350730895996,116.70041084289551,428.5540343727571,1
2600,completed,SambaNova,MiniMax-M2.7,599,PASS,1,1,,365,192,566.042423248291,116.0271167755127,424.4300077192012,1
2601,completed,SambaNova,MiniMax-M2.7,600,PASS,1,1,,360,351,911.700963973999,114.9435043334961,439.28048086041144,1
2602,completed,SambaNova,MiniMax-M2.7,601,PASS,1,1,,366,167,557.5375556945801,114.9435043334961,375.06152531763536,1
2603,completed,SambaNova,MiniMax-M2.7,602,PASS,1,1,,366,250,705.6329250335693,119.83537673950195,425.0615263329905,1
2604,completed,SambaNova,MiniMax-M2.7,603,PASS,1,1,,358,144,475.0826358795166,115.0202751159668,397.15342558092874,1
2605,completed,SambaNova,MiniMax-M2.7,604,PASS,1,1,,359,89,342.1344757080078,116.30940437316895,389.6821530038145,1
2606,completed,SambaNova,MiniMax-M2.7,605,PASS,1,1,,368,713,1738.2667064666748,119.37236785888672,439.80634376194286,1
2607,completed,SambaNova,MiniMax-M2.7,606,PASS,1,1,,369,674,1655.3540229797363,128.24058532714844,440.7007255692192,1
2608,completed,SambaNova,MiniMax-M2.7,607,PASS,1,1,,362,256,704.8804759979248,119.65584754943848,435.7301241337728,1
2609,completed,SambaNova,MiniMax-M2.7,608,PASS,1,1,,364,154,519.106388092041,120.85318565368652,384.1777016813388,1
2610,completed,SambaNova,MiniMax-M2.7,609,PASS,1,1,,376,362,961.3125324249268,120.85318565368652,429.5270216065055,1
2611,completed,SambaNova,MiniMax-M2.7,610,"FAIL
result mismatch (order_matters=False)
predicted: SELECT TV_Channel.series_name
FROM Cartoon
JOIN TV_Channel ON Cartoon.Channel = TV_Channel.id
WHERE Cartoon.Title = 'The Rise of the Blue Beetle'
gold: SELECT T1.series_name FROM TV_Channel AS T1 JOIN Cartoon AS T2 ON T1.id = T2.Channel WHERE T2.Title = ""The Rise of the Blue Beetle!"";",0,1,,372,314,841.3596153259277,121.49381637573242,434.80326535370693,1
2612,completed,SambaNova,MiniMax-M2.7,611,PASS,1,1,,369,408,1059.1607093811035,115.37837982177734,431.24350525829163,1
2613,completed,SambaNova,MiniMax-M2.7,612,PASS,1,1,,374,335,880.988597869873,116.39046669006348,436.83078257675425,1
2614,completed,SambaNova,MiniMax-M2.7,613,PASS,1,1,,361,249,701.148509979248,115.68427085876465,423.5954707883768,1
2615,completed,SambaNova,MiniMax-M2.7,614,"FAIL
result mismatch (order_matters=True)
predicted: SELECT * FROM TV_series ORDER BY Rating
gold: SELECT Episode FROM TV_series ORDER BY rating",0,1,,360,260,733.6070537567139,114.61138725280762,418.419730565861,1
2616,completed,SambaNova,MiniMax-M2.7,615,PASS,1,1,,369,317,822.3025798797607,114.61138725280762,446.52244268719306,1
2617,completed,SambaNova,MiniMax-M2.7,616,PASS,1,1,,369,304,842.8411483764648,121.73247337341309,420.186319348769,1
2618,completed,SambaNova,MiniMax-M2.7,617,PASS,1,1,,360,190,569.8981285095215,119.21477317810059,419.36316876183344,1
2619,completed,SambaNova,MiniMax-M2.7,618,PASS,1,1,,362,134,431.12707138061523,115.77892303466797,421.7560835464131,1
2620,completed,SambaNova,MiniMax-M2.7,619,PASS,1,1,,368,189,567.9028034210205,117.22373962402344,417.14828822108836,1
2621,completed,SambaNova,MiniMax-M2.7,620,PASS,1,1,,363,172,520.6429958343506,115.47994613647461,422.05230740441937,1
2622,completed,SambaNova,MiniMax-M2.7,621,PASS,1,1,,367,213,613.1901741027832,117.51103401184082,427.6960292521172,1
2623,completed,SambaNova,MiniMax-M2.7,622,PASS,1,1,,366,283,791.0804748535156,116.20497703552246,417.85485013422795,1
2624,completed,SambaNova,MiniMax-M2.7,623,PASS,1,1,,375,297,791.4440631866455,116.16230010986328,438.335545523008,1
2625,completed,SambaNova,MiniMax-M2.7,624,PASS,1,1,,369,259,703.5164833068848,117.95854568481445,440.60541822339343,1
2626,completed,SambaNova,MiniMax-M2.7,625,PASS,1,1,,369,456,1156.2206745147705,120.1021671295166,439.1389563615043,1
2627,completed,SambaNova,MiniMax-M2.7,626,PASS,1,1,,364,374,970.7365036010742,116.60885810852051,436.7028768690661,1
2628,completed,SambaNova,MiniMax-M2.7,627,PASS,1,1,,363,304,836.6110324859619,116.25266075134277,420.62397257961703,1
2629,completed,SambaNova,MiniMax-M2.7,628,PASS,1,1,,358,358,927.1340370178223,117.33412742614746,440.84964170965395,1
2630,completed,SambaNova,MiniMax-M2.7,629,"FAIL
result mismatch (order_matters=True)
predicted: SELECT Production_code, Channel
FROM Cartoon
ORDER BY date(Original_air_date) DESC
LIMIT 1
gold: select production_code ,  channel from cartoon order by original_air_date desc limit 1",0,1,,363,317,823.1048583984375,114.43018913269043,445.90277274536345,1
2631,completed,SambaNova,MiniMax-M2.7,630,PASS,1,1,,365,319,823.1551647186279,114.43018913269043,448.693091050014,1
2632,completed,SambaNova,MiniMax-M2.7,631,"FAIL
result mismatch (order_matters=False)
predicted: SELECT Package_Option, series_name FROM TV_Channel WHERE Hight_definition_TV = 'Yes'
gold: SELECT package_option ,  series_name FROM TV_Channel WHERE hight_definition_TV  =  ""yes""",0,1,,367,756,1830.1911354064941,120.98479270935059,441.7254845945651,1
2633,completed,SambaNova,MiniMax-M2.7,632,"FAIL
result mismatch (order_matters=False)
predicted: SELECT Package_Option, series_name FROM TV_Channel WHERE Hight_definition_TV = 'true'
gold: SELECT package_option ,  series_name FROM TV_Channel WHERE hight_definition_TV  =  ""yes""",0,1,,371,700,1789.8976802825928,216.6898250579834,444.3150964944824,1
2634,completed,SambaNova,MiniMax-M2.7,633,PASS,1,1,,364,443,1153.5251140594482,119.99988555908203,427.66251641610836,1
2635,completed,SambaNova,MiniMax-M2.7,634,PASS,1,1,,366,295,823.3015537261963,115.23270606994629,415.21386087406256,1
2636,completed,SambaNova,MiniMax-M2.7,635,PASS,1,1,,365,808,1928.3266067504883,115.23270606994629,445.09553514966535,1
2637,completed,SambaNova,MiniMax-M2.7,636,"FAIL
result mismatch (order_matters=False)
predicted: SELECT DISTINCT tc.Country
FROM TV_Channel tc
WHERE tc.id NOT IN (
    SELECT c.Channel
    FROM Cartoon c
    WHERE c.Written_by = 'Todd Casey'
)
gold: SELECT country FROM TV_Channel EXCEPT SELECT T1.country FROM TV_Channel AS T1 JOIN cartoon AS T2 ON T1.id = T2.Channel WHERE T2.written_by  =  'Todd Casey'",0,1,,364,874,2094.0675735473633,117.4764633178711,441.6694962766681,1
2638,completed,SambaNova,MiniMax-M2.7,637,"FAIL
model returned no SQL query",0,1,,1119,97185,239148.75841140747,120.96357345581055,409.05510381927513,3
2639,completed,SambaNova,MiniMax-M2.7,638,PASS,1,1,,376,1194,2811.3906383514404,114.79520797729492,442.409709132554,1
2640,completed,SambaNova,MiniMax-M2.7,639,PASS,1,1,,367,322,885.9438896179199,119.40932273864746,418.76780757175794,1
2641,completed,SambaNova,MiniMax-M2.7,640,PASS,1,1,,370,255,790.0729179382324,205.15179634094238,434.24658577276585,1
2642,completed,SambaNova,MiniMax-M2.7,641,"FAIL
result mismatch (order_matters=False)
predicted: SELECT id FROM TV_Channel
WHERE Country IN (
  SELECT Country FROM TV_Channel GROUP BY Country HAVING COUNT(*) > 2
)
gold: SELECT id FROM tv_channel GROUP BY country HAVING count(*)  >  2",0,1,,368,250,705.3980827331543,120.20349502563477,425.49949235766053,1
2643,completed,SambaNova,MiniMax-M2.7,642,"FAIL
result mismatch (order_matters=False)
predicted: SELECT tc.id
FROM TV_Channel tc
JOIN TV_series ts ON tc.id = ts.Channel
GROUP BY tc.id
HAVING COUNT(*) > 2
gold: SELECT id FROM tv_channel GROUP BY country HAVING count(*)  >  2",0,1,,367,1825,4256.615400314331,118.95513534545898,440.82884606131915,1
2644,completed,SambaNova,MiniMax-M2.7,643,PASS,1,1,,367,313,841.6025638580322,122.09963798522949,433.6327049977235,1
2645,completed,SambaNova,MiniMax-M2.7,644,PASS,1,1,,369,329,881.8411827087402,116.06287956237793,428.3223991230132,1
2646,completed,SambaNova,MiniMax-M2.7,645,PASS,1,1,,369,884,2204.2112350463867,182.73282051086426,436.8090174254411,1
2647,completed,SambaNova,MiniMax-M2.7,646,"FAIL
result mismatch (order_matters=False)
predicted: SELECT DISTINCT tc.Package_Option
FROM TV_Channel tc
WHERE tc.id NOT IN (
    SELECT c.Channel
    FROM Cartoon c
    WHERE c.Directed_by = 'Ben Jones'
)
gold: SELECT package_option FROM TV_Channel WHERE id NOT IN (SELECT channel FROM cartoon WHERE directed_by  =  'Ben Jones')",0,1,,370,1054,2498.7733364105225,118.15166473388672,442.32143751694406,1
2648,completed,SambaNova,MiniMax-M2.7,647,PASS,1,1,,234,72,299.12471771240234,117.64931678771973,391.23759825425043,1
2649,completed,SambaNova,MiniMax-M2.7,648,PASS,1,1,,234,178,520.9090709686279,114.72582817077637,435.76391478091824,1
2650,completed,SambaNova,MiniMax-M2.7,649,PASS,1,1,,237,186,568.7546730041504,118.31545829772949,410.7102444900938,1
2651,completed,SambaNova,MiniMax-M2.7,650,PASS,1,1,,240,1028,2452.8989791870117,117.43855476379395,439.7419837476524,1
2652,completed,SambaNova,MiniMax-M2.7,651,PASS,1,1,,240,175,513.0772590637207,113.89493942260742,435.89104887319536,1
2653,completed,SambaNova,MiniMax-M2.7,652,PASS,1,1,,241,106,424.40319061279297,113.89493942260742,338.15526510980783,1
2654,completed,SambaNova,MiniMax-M2.7,653,PASS,1,1,,236,107,387.955904006958,116.87755584716797,391.0308614449619,1
2655,completed,SambaNova,MiniMax-M2.7,654,PASS,1,1,,236,102,775.2337455749512,406.5549373626709,273.95119478048645,1
2656,completed,SambaNova,MiniMax-M2.7,655,PASS,1,1,,241,258,703.4542560577393,117.52963066101074,438.62297104509946,1
2657,completed,SambaNova,MiniMax-M2.7,656,PASS,1,1,,239,322,1300.246000289917,406.5549373626709,359.18452507355113,1
2658,completed,SambaNova,MiniMax-M2.7,657,PASS,1,1,,247,213,1037.3129844665527,406.5549373626709,336.1035201586337,1
2659,completed,SambaNova,MiniMax-M2.7,658,PASS,1,1,,245,213,736.4397048950195,240.63348770141602,427.58640906113885,1
2660,completed,SambaNova,MiniMax-M2.7,659,PASS,1,1,,235,216,612.591028213501,117.20752716064453,434.00718744781113,1
2661,completed,SambaNova,MiniMax-M2.7,660,PASS,1,1,,236,464,1175.318717956543,113.9841079711914,436.24319384665154,1
2662,completed,SambaNova,MiniMax-M2.7,661,PASS,1,1,,243,172,556.7049980163574,113.9841079711914,386.2478682281171,1
2663,completed,SambaNova,MiniMax-M2.7,662,PASS,1,1,,241,258,702.9588222503662,117.65384674072266,439.0873318242716,1
2664,completed,SambaNova,MiniMax-M2.7,663,PASS,1,1,,243,345,909.7204208374023,113.97695541381836,432.30012553968584,1
2665,completed,SambaNova,MiniMax-M2.7,664,PASS,1,1,,247,318,865.8044338226318,113.97695541381836,421.6392844152315,1
2666,completed,SambaNova,MiniMax-M2.7,665,PASS,1,1,,241,404,1059.7763061523438,115.24748802185059,426.66776520133953,1
2667,completed,SambaNova,MiniMax-M2.7,666,PASS,1,1,,240,281,1181.776523590088,392.91834831237793,354.9433963860851,1
2668,completed,SambaNova,MiniMax-M2.7,667,PASS,1,1,,238,364,972.9292392730713,117.85483360290527,424.5244596176378,1
2669,completed,SambaNova,MiniMax-M2.7,668,PASS,1,1,,240,433,1548.7611293792725,392.91834831237793,373.7532535361295,1
2670,completed,SambaNova,MiniMax-M2.7,669,PASS,1,1,,242,388,1496.192455291748,392.91834831237793,350.77411637943607,1
2671,completed,SambaNova,MiniMax-M2.7,670,PASS,1,1,,240,245,704.1196823120117,118.81518363952637,416.87702820226116,1
2672,completed,SambaNova,MiniMax-M2.7,671,PASS,1,1,,240,153,781.1791896820068,307.81006813049316,321.1024823541618,1
2673,completed,SambaNova,MiniMax-M2.7,672,PASS,1,1,,239,264,1043.8787937164307,307.81006813049316,357.30359252886666,1
2674,completed,SambaNova,MiniMax-M2.7,673,PASS,1,1,,243,208,614.1421794891357,118.22986602783203,417.41250293869206,1
2675,completed,SambaNova,MiniMax-M2.7,674,PASS,1,1,,236,180,833.4283828735352,307.81006813049316,340.5512992588688,1
2676,completed,SambaNova,MiniMax-M2.7,675,PASS,1,1,,236,203,732.1174144744873,235.9292507171631,407.10362470233,1
2677,completed,SambaNova,MiniMax-M2.7,676,PASS,1,1,,238,204,676.375150680542,179.48317527770996,408.5395016400239,1
2678,completed,SambaNova,MiniMax-M2.7,677,PASS,1,1,,240,162,522.5412845611572,117.09380149841309,397.09211852496514,1
2679,completed,SambaNova,MiniMax-M2.7,678,PASS,1,1,,239,139,431.93912506103516,115.49592018127441,436.0972138821436,1
2680,completed,SambaNova,MiniMax-M2.7,679,PASS,1,1,,242,187,568.1664943695068,118.04056167602539,413.2176941839494,1
2681,completed,SambaNova,MiniMax-M2.7,680,PASS,1,1,,245,107,385.86950302124023,115.00906944274902,391.3454564019326,1
2682,completed,SambaNova,MiniMax-M2.7,681,PASS,1,1,,238,176,521.7008590698242,116.21308326721191,431.5789783147208,1
2683,completed,SambaNova,MiniMax-M2.7,682,PASS,1,1,,239,297,794.4111824035645,118.83759498596191,438.1461997818293,1
2684,completed,SambaNova,MiniMax-M2.7,683,PASS,1,1,,238,156,476.89294815063477,116.38641357421875,429.9505976559348,1
2685,completed,SambaNova,MiniMax-M2.7,684,PASS,1,1,,239,266,745.6462383270264,115.47231674194336,420.51882968029327,1
2686,completed,SambaNova,MiniMax-M2.7,685,PASS,1,1,,234,50,251.33824348449707,115.14973640441895,359.7954118932243,1
2687,completed,SambaNova,MiniMax-M2.7,686,PASS,1,1,,234,134,430.7575225830078,115.08584022521973,421.3238229245262,1
2688,completed,SambaNova,MiniMax-M2.7,687,"FAIL
result mismatch (order_matters=False)
predicted: SELECT COUNT(DISTINCT state) FROM AREA_CODE_STATE
gold: SELECT count(*) FROM area_code_state",0,1,,255,303,838.2365703582764,116.81199073791504,418.61617767296326,1
2689,completed,SambaNova,MiniMax-M2.7,688,PASS,1,1,,264,106,379.25100326538086,112.27035522460938,393.28693210739794,1
2690,completed,SambaNova,MiniMax-M2.7,689,PASS,1,1,,262,117,379.32324409484863,112.27035522460938,434.3708861968697,1
2691,completed,SambaNova,MiniMax-M2.7,690,PASS,1,1,,260,148,479.8290729522705,118.65663528442383,407.0078020050605,1
2692,completed,SambaNova,MiniMax-M2.7,691,PASS,1,1,,263,272,1177.0682334899902,388.319730758667,343.58226869726633,1
2693,completed,SambaNova,MiniMax-M2.7,692,PASS,1,1,,266,143,861.9551658630371,388.319730758667,299.80864917488475,1
2694,completed,SambaNova,MiniMax-M2.7,693,PASS,1,1,,261,152,475.25787353515625,114.75610733032227,418.86063857507736,1
2695,completed,SambaNova,MiniMax-M2.7,694,PASS,1,1,,267,365,1387.0277404785156,388.319730758667,364.47089285096155,1
2696,completed,SambaNova,MiniMax-M2.7,695,PASS,1,1,,274,1605,3691.3669109344482,113.01040649414062,448.25047420781857,1
2697,completed,SambaNova,MiniMax-M2.7,696,PASS,1,1,,265,213,613.3522987365723,117.74659156799316,427.7594001311383,1
2698,completed,SambaNova,MiniMax-M2.7,697,PASS,1,1,,257,308,865.2019500732422,113.01040649414062,408.14072242719305,1
2699,completed,SambaNova,MiniMax-M2.7,698,PASS,1,1,,261,1294,2985.8744144439697,112.91098594665527,450.05793919078724,1
2700,completed,SambaNova,MiniMax-M2.7,699,PASS,1,1,,277,426,1134.0901851654053,143.65601539611816,429.10474312391705,1
2701,completed,SambaNova,MiniMax-M2.7,700,PASS,1,1,,277,1056,2499.2074966430664,112.91098594665527,442.10767407614037,1
2702,completed,SambaNova,MiniMax-M2.7,701,PASS,1,1,,264,181,564.2635822296143,114.75062370300293,400.4333948235753,1
2703,completed,SambaNova,MiniMax-M2.7,702,PASS,1,1,,363,174,523.0278968811035,117.29955673217773,426.393679910304,1
2704,completed,SambaNova,MiniMax-M2.7,703,PASS,1,1,,361,344,926.5117645263672,117.1271800994873,423.77876549610363,1
2705,completed,SambaNova,MiniMax-M2.7,704,PASS,1,1,,359,1095,2586.4903926849365,116.13225936889648,442.8507693868213,1
2706,completed,SambaNova,MiniMax-M2.7,705,"FAIL
result mismatch (order_matters=False)
predicted: SELECT COUNT(*) FROM country WHERE GovernmentForm LIKE '%Republic%'
gold: SELECT count(*) FROM country WHERE GovernmentForm  =  ""Republic""",0,1,,357,286,791.1124229431152,116.70231819152832,422.59153294415313,1
2707,completed,SambaNova,MiniMax-M2.7,706,PASS,1,1,,361,116,424.96180534362793,114.99643325805664,371.0091847558129,1
2708,completed,SambaNova,MiniMax-M2.7,707,PASS,1,1,,363,258,700.1900672912598,115.14425277709961,439.28183677960436,1
2709,completed,SambaNova,MiniMax-M2.7,708,PASS,1,1,,355,143,469.33865547180176,114.99643325805664,400.7425339065104,1
2710,completed,SambaNova,MiniMax-M2.7,709,PASS,1,1,,359,252,701.1051177978516,115.48089981079102,428.6024933578582,1
2711,completed,SambaNova,MiniMax-M2.7,710,PASS,1,1,,356,350,939.4030570983887,129.11581993103027,430.71146130852463,1
2712,completed,SambaNova,MiniMax-M2.7,711,"FAIL
result mismatch (order_matters=False)
predicted: SELECT District FROM city WHERE Name = 'Kabul'
gold: SELECT Region FROM country AS T1 JOIN city AS T2 ON T1.Code  =  T2.CountryCode WHERE T2.Name  =  ""Kabul""",0,1,,353,452,1149.4505405426025,115.12947082519531,436.0348185918907,1
2713,completed,SambaNova,MiniMax-M2.7,712,PASS,1,1,,356,450,1150.111436843872,116.02592468261719,434.2000682918214,1
2714,completed,SambaNova,MiniMax-M2.7,713,PASS,1,1,,355,319,841.4018154144287,120.87702751159668,441.34498262797393,1
2715,completed,SambaNova,MiniMax-M2.7,714,PASS,1,1,,358,108,423.84862899780273,113.90256881713867,345.221358637793,1
2716,completed,SambaNova,MiniMax-M2.7,715,PASS,1,1,,357,143,468.5516357421875,113.90256881713867,400.3958088236283,1
2717,completed,SambaNova,MiniMax-M2.7,716,PASS,1,1,,356,194,569.6418285369873,118.64161491394043,427.9377130435518,1
2718,completed,SambaNova,MiniMax-M2.7,717,PASS,1,1,,359,169,919.2814826965332,392.6217555999756,318.9915449320068,1
2719,completed,SambaNova,MiniMax-M2.7,718,PASS,1,1,,363,277,1181.208610534668,392.6217555999756,349.99315328792443,1
2720,completed,SambaNova,MiniMax-M2.7,719,PASS,1,1,,360,377,974.9493598937988,119.66705322265625,439.62092640900687,1
2721,completed,SambaNova,MiniMax-M2.7,720,PASS,1,1,,362,327,1286.5989208221436,392.6217555999756,364.6625581526835,1
2722,completed,SambaNova,MiniMax-M2.7,721,PASS,1,1,,361,227,770.81298828125,230.91697692871094,418.5991288096912,1
2723,completed,SambaNova,MiniMax-M2.7,722,PASS,1,1,,359,246,700.4764080047607,115.86427688598633,419.08127963602567,1
2724,completed,SambaNova,MiniMax-M2.7,723,PASS,1,1,,364,804,1960.6091976165771,118.7431812286377,435.97090822857643,1
2725,completed,SambaNova,MiniMax-M2.7,724,"FAIL
result mismatch (order_matters=False)
predicted: SELECT AVG(LifeExpectancy) AS ""Average Life Expectancy""
FROM country
WHERE Continent = 'Africa'
  AND GovernmentForm LIKE '%Republic%'
gold: SELECT avg(LifeExpectancy) FROM country WHERE Continent  =  ""Africa"" AND GovernmentForm  =  ""Republic""",0,1,,361,504,1285.1831912994385,116.69325828552246,430.4701185594293,1
2726,completed,SambaNova,MiniMax-M2.7,725,"FAIL
result mismatch (order_matters=False)
predicted: SELECT AVG(LifeExpectancy) AS ""Average Life Expectancy""
FROM country
WHERE Continent = 'Africa'
  AND GovernmentForm LIKE '%Republic%'
gold: SELECT avg(LifeExpectancy) FROM country WHERE Continent  =  ""Africa"" AND GovernmentForm  =  ""Republic""",0,1,,361,559,1438.6286735534668,178.99155616760254,442.98472337654056,1
2727,completed,SambaNova,MiniMax-M2.7,726,PASS,1,1,,360,349,924.7169494628906,115.34619331359863,429.96364441886243,1
2728,completed,SambaNova,MiniMax-M2.7,727,PASS,1,1,,360,312,838.3872509002686,118.53337287902832,432.03212415120663,1
2729,completed,SambaNova,MiniMax-M2.7,728,PASS,1,1,,357,239,658.7376594543457,118.62754821777344,440.65088775157966,1
2730,completed,SambaNova,MiniMax-M2.7,729,PASS,1,1,,358,103,386.80338859558105,116.20354652404785,376.94035302886925,1
2731,completed,SambaNova,MiniMax-M2.7,730,PASS,1,1,,365,793,1912.8093719482422,115.37528038024902,440.62811744551817,1
2732,completed,SambaNova,MiniMax-M2.7,731,"FAIL
result mismatch (order_matters=False)
predicted: SELECT AVG(GNP) AS mean_gnp, SUM(Population) AS total_population
FROM country
WHERE Code IN ('PRI', 'GUM', 'ASM', 'MNP', 'VIR')
gold: SELECT avg(GNP) ,  sum(population) FROM country WHERE GovernmentForm  =  ""US Territory""",0,1,,363,5863,13316.341161727905,116.02234840393066,444.08018343337943,1
2733,completed,SambaNova,MiniMax-M2.7,732,PASS,1,1,,357,139,563.7428760528564,208.84132385253906,388.8402266612476,1
2734,completed,SambaNova,MiniMax-M2.7,733,PASS,1,1,,359,196,566.2450790405273,115.59605598449707,432.70924826959003,1
2735,completed,SambaNova,MiniMax-M2.7,734,PASS,1,1,,356,220,696.3901519775391,208.84132385253906,449.185778668002,1
2736,completed,SambaNova,MiniMax-M2.7,735,PASS,1,1,,358,258,708.9166641235352,120.48840522766113,436.7567262697996,1
2737,completed,SambaNova,MiniMax-M2.7,736,PASS,1,1,,358,242,702.5918960571289,117.40303039550781,411.8328528474695,1
2738,completed,SambaNova,MiniMax-M2.7,737,PASS,1,1,,355,299,791.2006378173828,116.49322509765625,441.6729301946905,1
2739,completed,SambaNova,MiniMax-M2.7,738,PASS,1,1,,355,362,970.6771373748779,116.15276336669922,422.4572299871517,1
2740,completed,SambaNova,MiniMax-M2.7,739,PASS,1,1,,356,604,1508.5835456848145,115.72670936584473,432.92317220024086,1
2741,completed,SambaNova,MiniMax-M2.7,740,"FAIL
result mismatch (order_matters=True)
predicted: SELECT c.Name
FROM country c
JOIN (
    SELECT CountryCode, COUNT(*) AS lang_cnt
    FROM countrylanguage
    GROUP BY CountryCode
    ORDER BY lang_cnt DESC
    LIMIT 1
) t ON c.Code = t.CountryCode
gold: SELECT T1.Name FROM country AS T1 JOIN countrylanguage AS T2 ON T1.Code  =  T2.CountryCode GROUP BY T1.Name ORDER BY COUNT(*) DESC LIMIT 1",0,1,,361,660,1572.7341175079346,113.25716972351074,451.531626450423,1
2742,completed,SambaNova,MiniMax-M2.7,741,"FAIL
result mismatch (order_matters=True)
predicted: SELECT c.Name
FROM country c
JOIN (
    SELECT CountryCode, COUNT(*) AS langCount
    FROM countrylanguage
    GROUP BY CountryCode
    ORDER BY langCount DESC
    LIMIT 1
) sub ON c.Code = sub.CountryCode
gold: SELECT T1.Name FROM country AS T1 JOIN countrylanguage AS T2 ON T1.Code  =  T2.CountryCode GROUP BY T1.Name ORDER BY COUNT(*) DESC LIMIT 1",0,1,,361,363,975.4998683929443,119.7500228881836,423.0208184104032,1
2743,completed,SambaNova,MiniMax-M2.7,742,"FAIL
result mismatch (order_matters=True)
predicted: SELECT c.Continent, COUNT(DISTINCT cl.Language) AS LangCount
FROM country c
JOIN countrylanguage cl ON cl.CountryCode = c.Code
GROUP BY c.Continent
ORDER BY LangCount DESC
LIMIT 1
gold: SELECT T1.Continent FROM country AS T1 JOIN countrylanguage AS T2 ON T1.Code  =  T2.CountryCode GROUP BY T1.Continent ORDER BY COUNT(*) DESC LIMIT 1",0,1,,355,382,1041.5430068969727,113.25716972351074,410.43392535224615,1
2744,completed,SambaNova,MiniMax-M2.7,743,"FAIL
result mismatch (order_matters=True)
predicted: SELECT c.Continent, COUNT(DISTINCT cl.Language) AS LanguageCount
FROM countrylanguage cl
JOIN country c ON cl.CountryCode = c.Code
GROUP BY c.Continent
ORDER BY LanguageCount DESC
LIMIT 1
gold: SELECT T1.Continent FROM country AS T1 JOIN countrylanguage AS T2 ON T1.Code  =  T2.CountryCode GROUP BY T1.Continent ORDER BY COUNT(*) DESC LIMIT 1",0,1,,354,508,1283.4200859069824,114.84026908874512,433.8599663482461,1
2745,completed,SambaNova,MiniMax-M2.7,744,PASS,1,1,,356,487,1248.4092712402344,124.58300590515137,432.4511848413624,1
2746,completed,SambaNova,MiniMax-M2.7,745,PASS,1,1,,359,1302,3082.325220108032,117.51675605773926,438.8141816833166,1
2747,completed,SambaNova,MiniMax-M2.7,746,PASS,1,1,,359,506,1287.8329753875732,117.84791946411133,431.62944470381007,1
2748,completed,SambaNova,MiniMax-M2.7,747,PASS,1,1,,359,651,1616.7783737182617,114.50982093811035,432.67896328994374,1
2749,completed,SambaNova,MiniMax-M2.7,748,PASS,1,1,,362,1387,3206.979990005493,114.50982093811035,448.1854065606025,1
2750,completed,SambaNova,MiniMax-M2.7,749,PASS,1,1,,360,573,1424.281358718872,118.82209777832031,438.15997719292125,1
2751,completed,SambaNova,MiniMax-M2.7,750,PASS,1,1,,359,352,954.61106300354,114.35985565185547,417.7322173761424,1
2752,completed,SambaNova,MiniMax-M2.7,751,PASS,1,1,,353,369,957.503080368042,114.35985565185547,436.46202591958655,1
2753,completed,SambaNova,MiniMax-M2.7,752,PASS,1,1,,357,335,885.1902484893799,120.03278732299805,436.51145934179476,1
2754,completed,SambaNova,MiniMax-M2.7,753,PASS,1,1,,354,379,1444.4797039031982,393.37706565856934,359.62234918491947,1
2755,completed,SambaNova,MiniMax-M2.7,754,"FAIL
result mismatch (order_matters=False)
predicted: SELECT DISTINCT c.Name
FROM country c
JOIN countrylanguage cl ON c.Code = cl.CountryCode
WHERE cl.Language IN ('English', 'Dutch')
  AND cl.IsOfficial = 'T'
gold: select t1.name from country as t1 join countrylanguage as t2 on t1.code  =  t2.countrycode where t2.language  =  ""english"" and isofficial  =  ""t"" union select t1.name from country as t1 join countrylanguage as t2 on t1.code  =  t2.countrycode where t2.language  =  ""dutch"" and isofficial  =  ""t""",0,1,,361,386,1496.933937072754,393.37706565856934,348.8719158683963,1
2756,completed,SambaNova,MiniMax-M2.7,755,"FAIL
result mismatch (order_matters=False)
predicted: SELECT DISTINCT c.""Name""
FROM country c
JOIN countrylanguage cl ON c.""Code"" = cl.""CountryCode""
WHERE cl.""Language"" IN ('English', 'Dutch')
  AND cl.""IsOfficial"" = 'T'
gold: SELECT * FROM country AS T1 JOIN countrylanguage AS T2 ON T1.Code  =  T2.CountryCode WHERE T2.Language  =  ""English"" AND IsOfficial  =  ""T"" UNION SELECT * FROM country AS T1 JOIN countrylanguage AS T2 ON T1.Code  =  T2.CountryCode WHERE T2.Language  =  ""Dutch"" AND IsOfficial  =  ""T""",0,1,,359,401,1128.6342144012451,184.80300903320312,423.80459315712295,1
2757,completed,SambaNova,MiniMax-M2.7,756,"FAIL
result mismatch (order_matters=True)
predicted: SELECT cl.Language
FROM countrylanguage cl
JOIN country c ON cl.CountryCode = c.Code
WHERE c.Continent = 'Asia'
GROUP BY cl.Language
ORDER BY SUM(c.Population * cl.Percentage) DESC
LIMIT 1
gold: SELECT T2.Language FROM country AS T1 JOIN countrylanguage AS T2 ON T1.Code  =  T2.CountryCode WHERE T1.Continent  =  ""Asia"" GROUP BY T2.Language ORDER BY COUNT (*) DESC LIMIT 1",0,1,,358,511,1760.209321975708,393.37706565856934,373.1255226403345,1
2758,completed,SambaNova,MiniMax-M2.7,757,PASS,1,1,,362,603,1636.4283561706543,240.98682403564453,431.4046745326168,1
2759,completed,SambaNova,MiniMax-M2.7,758,"FAIL
result mismatch (order_matters=False)
predicted: SELECT CL.Language
FROM countrylanguage CL
JOIN country C ON CL.CountryCode = C.Code
WHERE C.GovernmentForm LIKE '%Republic%'
GROUP BY CL.Language
HAVING COUNT(DISTINCT CL.CountryCode) = 1
gold: SELECT T2.Language FROM country AS T1 JOIN countrylanguage AS T2 ON T1.Code  =  T2.CountryCode WHERE T1.GovernmentForm  =  ""Republic"" GROUP BY T2.Language HAVING COUNT(*)  =  1",0,1,,359,1062,2550.1298904418945,120.98073959350586,436.778449618642,1
2760,completed,SambaNova,MiniMax-M2.7,759,"FAIL
result mismatch (order_matters=False)
predicted: SELECT DISTINCT cl.Language
FROM countrylanguage cl
JOIN country c ON cl.CountryCode = c.Code
WHERE c.GovernmentForm LIKE '%Republic%'
  AND (SELECT COUNT(*) FROM countrylanguage WHERE Language = cl.Language) = 1
gold: SELECT T2.Language FROM country AS T1 JOIN countrylanguage AS T2 ON T1.Code  =  T2.CountryCode WHERE T1.GovernmentForm  =  ""Republic"" GROUP BY T2.Language HAVING COUNT(*)  =  1",0,1,,361,1141,2722.325325012207,117.22731590270996,437.60349745524053,1
2761,completed,SambaNova,MiniMax-M2.7,760,"FAIL
result mismatch (order_matters=True)
predicted: SELECT * FROM city WHERE ""CountryCode"" IN (SELECT ""CountryCode"" FROM countrylanguage WHERE ""Language"" = 'English') ORDER BY ""Population"" DESC LIMIT 1
gold: SELECT T1.Name ,  T1.Population FROM city AS T1 JOIN countrylanguage AS T2 ON T1.CountryCode  =  T2.CountryCode WHERE T2.Language  =  ""English"" ORDER BY T1.Population DESC LIMIT 1",0,1,,358,589,1466.505765914917,117.47884750366211,435.86973097059166,1
2762,completed,SambaNova,MiniMax-M2.7,761,"FAIL
result mismatch (order_matters=True)
predicted: SELECT city.""Name"", city.""CountryCode"", city.""Population""
FROM city
JOIN countrylanguage ON city.""CountryCode"" = countrylanguage.""CountryCode""
WHERE countrylanguage.""Language"" = 'English'
ORDER BY city.""Population"" DESC
LIMIT 1
gold: SELECT T1.Name ,  T1.Population FROM city AS T1 JOIN countrylanguage AS T2 ON T1.CountryCode  =  T2.CountryCode WHERE T2.Language  =  ""English"" ORDER BY T1.Population DESC LIMIT 1",0,1,,357,707,1803.0128479003906,185.2414608001709,436.4028228150779,1
2763,completed,SambaNova,MiniMax-M2.7,762,PASS,1,1,,364,423,1089.2784595489502,115.14735221862793,433.2065743763403,1
2764,completed,SambaNova,MiniMax-M2.7,763,PASS,1,1,,365,308,867.7098751068115,115.14735221862793,407.93952749838746,1
2765,completed,SambaNova,MiniMax-M2.7,764,PASS,1,1,,363,549,1373.0411529541016,114.8834228515625,435.5574717609837,1
2766,completed,SambaNova,MiniMax-M2.7,765,PASS,1,1,,363,843,2058.4516525268555,114.39323425292969,433.1145566847666,1
2767,completed,SambaNova,MiniMax-M2.7,766,"FAIL
result mismatch (order_matters=False)
predicted: SELECT SUM(c.Population) AS total_population
FROM country c
WHERE c.Code NOT IN (
  SELECT cl.CountryCode
  FROM countrylanguage cl
  WHERE cl.Language = 'English' AND cl.IsOfficial = 'T'
)
gold: SELECT sum(Population) FROM country WHERE Name NOT IN (SELECT T1.Name FROM country AS T1 JOIN countrylanguage AS T2 ON T1.Code  =  T2.CountryCode WHERE T2.Language  =  ""English"")",0,1,,364,3359,7954.604387283325,402.07600593566895,444.61931560471754,1
2768,completed,SambaNova,MiniMax-M2.7,767,PASS,1,1,,359,993,2324.317216873169,114.39323425292969,448.8842185529911,1
2769,completed,SambaNova,MiniMax-M2.7,768,PASS,1,1,,364,335,1258.3255767822266,312.36886978149414,353.08169763813663,1
2770,completed,SambaNova,MiniMax-M2.7,769,PASS,1,1,,367,429,1104.26926612854,115.07439613342285,432.67511082231215,1
2771,completed,SambaNova,MiniMax-M2.7,770,PASS,1,1,,368,701,2202.578067779541,312.36886978149414,370.3293798069452,1
2772,completed,SambaNova,MiniMax-M2.7,771,PASS,1,1,,366,490,1677.860975265503,312.36886978149414,358.1126526005585,1
2773,completed,SambaNova,MiniMax-M2.7,772,"FAIL
result mismatch (order_matters=False)
predicted: SELECT * FROM country WHERE SurfaceArea > (SELECT MAX(SurfaceArea) FROM country WHERE Continent = 'Europe')
gold: SELECT Name FROM country WHERE SurfaceArea  >  (SELECT min(SurfaceArea) FROM country WHERE Continent  =  ""Europe"")",0,1,,362,550,1373.1613159179688,114.71295356750488,436.25151132511036,1
2774,completed,SambaNova,MiniMax-M2.7,773,"FAIL
result mismatch (order_matters=False)
predicted: SELECT *
FROM country
WHERE SurfaceArea > (SELECT MAX(SurfaceArea) FROM country WHERE Continent = 'Europe')
gold: SELECT Name FROM country WHERE SurfaceArea  >  (SELECT min(SurfaceArea) FROM country WHERE Continent  =  ""Europe"")",0,1,,360,675,1761.0032558441162,232.78117179870605,441.0353750521855,1
2775,completed,SambaNova,MiniMax-M2.7,774,"FAIL
result mismatch (order_matters=False)
predicted: SELECT Name
FROM country
WHERE Continent = 'Africa'
  AND Population < (SELECT MIN(Population) FROM country WHERE Continent = 'Asia')
gold: SELECT Name FROM country WHERE Continent  =  ""Africa""  AND population  <  (SELECT max(population) FROM country WHERE Continent  =  ""Asia"")",0,1,,364,292,789.8967266082764,114.94565010070801,431.142359985164,1
2776,completed,SambaNova,MiniMax-M2.7,775,PASS,1,1,,362,316,898.1363773345947,177.26659774780273,436.9721257847158,1
2777,completed,SambaNova,MiniMax-M2.7,776,PASS,1,1,,362,220,646.1069583892822,114.75443840026855,412.1557567931137,1
2778,completed,SambaNova,MiniMax-M2.7,777,"FAIL
result mismatch (order_matters=False)
predicted: SELECT Name
FROM country
WHERE Continent = 'Asia'
  AND Population > (SELECT MAX(Population) FROM country WHERE Continent = 'Africa')
gold: SELECT Name FROM country WHERE Continent  =  ""Asia""  AND population  >  (SELECT min(population) FROM country WHERE Continent  =  ""Africa"")",0,1,,365,303,822.8092193603516,114.75443840026855,426.5206706047585,1
2779,completed,SambaNova,MiniMax-M2.7,778,"FAIL
result mismatch (order_matters=False)
predicted: SELECT Code FROM country WHERE Code NOT IN (SELECT CountryCode FROM countrylanguage WHERE Language = 'English')
gold: SELECT CountryCode FROM countrylanguage EXCEPT SELECT CountryCode FROM countrylanguage WHERE LANGUAGE  =  ""English""",0,1,,360,368,969.5100784301758,115.52143096923828,429.7481015598478,1
2780,completed,SambaNova,MiniMax-M2.7,779,"FAIL
result mismatch (order_matters=False)
predicted: SELECT Code FROM country WHERE Code NOT IN (SELECT CountryCode FROM countrylanguage WHERE Language = 'English')
gold: SELECT CountryCode FROM countrylanguage EXCEPT SELECT CountryCode FROM countrylanguage WHERE LANGUAGE  =  ""English""",0,1,,359,364,1442.4448013305664,392.0137882232666,345.57243214497527,1
2781,completed,SambaNova,MiniMax-M2.7,780,PASS,1,1,,362,290,1233.2863807678223,392.0137882232666,343.5271784212962,1
2782,completed,SambaNova,MiniMax-M2.7,781,PASS,1,1,,365,311,838.7930393218994,117.706298828125,429.9066708503378,1
2783,completed,SambaNova,MiniMax-M2.7,782,PASS,1,1,,367,998,3019.0932750701904,392.0137882232666,379.50888238886915,1
2784,completed,SambaNova,MiniMax-M2.7,783,"FAIL
result mismatch (order_matters=False)
predicted: SELECT Code FROM country
WHERE GovernmentForm NOT LIKE '%Republic%'
  AND Code NOT IN (SELECT CountryCode FROM countrylanguage WHERE Language = 'English')
gold: SELECT Code FROM country WHERE GovernmentForm != ""Republic"" EXCEPT SELECT CountryCode FROM countrylanguage WHERE LANGUAGE  =  ""English""",0,1,,366,699,1813.1351470947266,240.26823043823242,443.7756256478243,1
2785,completed,SambaNova,MiniMax-M2.7,784,"FAIL
result mismatch (order_matters=False)
predicted: SELECT city.ID, city.Name, city.CountryCode, city.District, city.Population
FROM city
JOIN country ON city.CountryCode = country.Code
WHERE country.Continent = 'Europe'
AND city.CountryCode NOT IN (
    SELECT cl.CountryCode
    FROM countrylanguage cl
    WHERE cl.Language = 'English'
    AND cl.IsOfficial = 'T'
)
gold: SELECT DISTINCT T2.Name FROM country AS T1 JOIN city AS T2 ON T2.CountryCode  =  T1.Code WHERE T1.Continent  =  'Europe' AND T1.Name NOT IN (SELECT T3.Name FROM country AS T3 JOIN countrylanguage AS T4 ON T3.Code  =  T4.CountryCode WHERE T4.IsOfficial  =  'T' AND T4.Language  =  'English')",0,1,,361,760,2168.0383682250977,458.97531509399414,444.10298298208926,1
2786,completed,SambaNova,MiniMax-M2.7,785,"FAIL
result mismatch (order_matters=False)
predicted: SELECT city.Name
FROM city
JOIN country ON city.CountryCode = country.Code
WHERE country.Continent = 'Europe'
  AND city.CountryCode NOT IN (
    SELECT CountryCode
    FROM countrylanguage
    WHERE Language = 'English'
      AND IsOfficial = 'T'
  )
gold: SELECT DISTINCT T2.Name FROM country AS T1 JOIN city AS T2 ON T2.CountryCode  =  T1.Code WHERE T1.Continent  =  'Europe' AND T1.Name NOT IN (SELECT T3.Name FROM country AS T3 JOIN countrylanguage AS T4 ON T3.Code  =  T4.CountryCode WHERE T4.IsOfficial  =  'T' AND T4.Language  =  'English')",0,1,,364,684,1687.770128250122,115.27490615844727,434.34154228557765,1
2787,completed,SambaNova,MiniMax-M2.7,786,"FAIL
result mismatch (order_matters=False)
predicted: SELECT DISTINCT city.Name
FROM city
JOIN country ON city.CountryCode = country.Code
JOIN countrylanguage ON country.Code = countrylanguage.CountryCode
WHERE country.Continent = 'Asia'
  AND countrylanguage.Language = 'Chinese'
  AND countrylanguage.IsOfficial = 'T'
gold: select distinct t3.name from country as t1 join countrylanguage as t2 on t1.code  =  t2.countrycode join city as t3 on t1.code  =  t3.countrycode where t2.isofficial  =  't' and t2.language  =  'chinese' and t1.continent  =  ""asia""",0,1,,361,696,1692.784309387207,117.7208423614502,441.2520603454735,1
2788,completed,SambaNova,MiniMax-M2.7,787,PASS,1,1,,366,506,1264.7976875305176,113.0979061126709,438.48232685978223,1
2789,completed,SambaNova,MiniMax-M2.7,788,PASS,1,1,,366,225,689.5239353179932,113.0979061126709,388.6014660177871,1
2790,completed,SambaNova,MiniMax-M2.7,789,PASS,1,1,,367,258,701.8818855285645,116.76144599914551,439.2258117092805,1
2791,completed,SambaNova,MiniMax-M2.7,790,PASS,1,1,,363,231,688.3318424224854,113.3108139038086,399.98537200023384,1
2792,completed,SambaNova,MiniMax-M2.7,791,PASS,1,1,,366,366,953.6981582641602,113.3108139038086,434.32353241565573,1
2793,completed,SambaNova,MiniMax-M2.7,792,PASS,1,1,,368,365,1257.209062576294,401.65066719055176,425.45313325560295,1
2794,completed,SambaNova,MiniMax-M2.7,793,PASS,1,1,,370,554,1373.8222122192383,115.52739143371582,439.48364951130907,1
2795,completed,SambaNova,MiniMax-M2.7,794,PASS,1,1,,366,421,1104.3345928192139,115.65828323364258,424.8104217001555,1
2796,completed,SambaNova,MiniMax-M2.7,795,PASS,1,1,,366,422,1103.7068367004395,114.90726470947266,425.7687927112554,1
2797,completed,SambaNova,MiniMax-M2.7,796,PASS,1,1,,369,620,1485.8145713806152,114.0754222869873,451.25197484449006,1
2798,completed,SambaNova,MiniMax-M2.7,797,PASS,1,1,,375,441,1132.617712020874,114.0754222869873,431.98991778236154,1
2799,completed,SambaNova,MiniMax-M2.7,798,PASS,1,1,,369,492,1238.7447357177734,114.94278907775879,436.9097254796633,1
2800,completed,SambaNova,MiniMax-M2.7,799,PASS,1,1,,378,744,1823.960781097412,117.14839935302734,435.31439538811185,1
2801,completed,SambaNova,MiniMax-M2.7,800,PASS,1,1,,363,139,425.49657821655273,114.74370956420898,444.08278706636224,1
2802,completed,SambaNova,MiniMax-M2.7,801,PASS,1,1,,360,174,520.7791328430176,114.92466926574707,426.2611737102716,1
2803,completed,SambaNova,MiniMax-M2.7,802,PASS,1,1,,360,124,425.53257942199707,114.74370956420898,395.76706867360724,1
2804,completed,SambaNova,MiniMax-M2.7,803,PASS,1,1,,358,99,341.57395362854004,116.1184310913086,434.67553554300895,1
2805,completed,SambaNova,MiniMax-M2.7,804,PASS,1,1,,361,257,701.4420032501221,116.55664443969727,437.6926112848307,1
2806,completed,SambaNova,MiniMax-M2.7,805,PASS,1,1,,361,186,568.0522918701172,116.59073829650879,409.7801873395554,1
2807,completed,SambaNova,MiniMax-M2.7,806,PASS,1,1,,354,112,672.6298332214355,400.8445739746094,408.4106706434493,1
2808,completed,SambaNova,MiniMax-M2.7,807,PASS,1,1,,355,66,654.0215015411377,390.16246795654297,246.34365978286897,1
2809,completed,SambaNova,MiniMax-M2.7,808,PASS,1,1,,370,183,969.0067768096924,390.16246795654297,314.41960682068776,1
2810,completed,SambaNova,MiniMax-M2.7,809,PASS,1,1,,366,203,610.5828285217285,115.34786224365234,407.8871924535641,1
2811,completed,SambaNova,MiniMax-M2.7,810,"FAIL
result mismatch (order_matters=False)
predicted: SELECT SUM(Population) AS total_population, AVG(SurfaceArea) AS average_area
FROM country
WHERE Continent = 'North America'
  AND SurfaceArea > 3000
gold: select sum(population) ,  avg(surfacearea) from country where continent  =  ""north america"" and surfacearea  >  3000",0,1,,372,387,1441.7994022369385,390.16246795654297,367.0468271106592,1
2812,completed,SambaNova,MiniMax-M2.7,811,"FAIL
result mismatch (order_matters=False)
predicted: SELECT SUM(Population) AS TotalPopulation, AVG(SurfaceArea) AS AverageSurfaceArea
FROM country
WHERE Continent = 'North America'
  AND SurfaceArea > 3000
gold: select sum(population) ,  avg(surfacearea) from country where continent  =  ""north america"" and surfacearea  >  3000",0,1,,372,501,1397.5615501403809,229.88152503967285,428.199497509497,1
2813,completed,SambaNova,MiniMax-M2.7,812,"FAIL
result mismatch (order_matters=False)
predicted: SELECT * FROM city WHERE Population BETWEEN 160000 AND 900000
gold: SELECT name FROM city WHERE Population BETWEEN 160000 AND 900000",0,1,,363,119,386.2309455871582,114.7608757019043,434.6703857625142,1
2814,completed,SambaNova,MiniMax-M2.7,813,PASS,1,1,,365,130,469.83981132507324,114.07995223999023,362.6041463243006,1
2815,completed,SambaNova,MiniMax-M2.7,814,PASS,1,1,,358,482,1220.5429077148438,114.07995223999023,434.718575637783,1
2816,completed,SambaNova,MiniMax-M2.7,815,PASS,1,1,,358,411,1059.0460300445557,115.21148681640625,434.3981717364336,1
2817,completed,SambaNova,MiniMax-M2.7,816,"FAIL
result mismatch (order_matters=False)
predicted: SELECT c.Code, c.Name, sub.Language, sub.Percentage
FROM country c
JOIN (
    SELECT CountryCode, Language, Percentage,
           ROW_NUMBER() OVER (PARTITION BY CountryCode ORDER BY Percentage DESC) AS rn
    FROM countrylanguage
) sub ON c.Code = sub.CountryCode
WHERE sub.rn = 1
gold: SELECT LANGUAGE ,  CountryCode ,  max(Percentage) FROM countrylanguage GROUP BY CountryCode",0,1,,362,763,1869.3153858184814,116.37544631958008,434.6982933242007,1
2818,completed,SambaNova,MiniMax-M2.7,817,"FAIL
result mismatch (order_matters=False)
predicted: SELECT c.Code, cl.Language
FROM country c
JOIN countrylanguage cl ON c.Code = cl.CountryCode
WHERE cl.Percentage = (
    SELECT MAX(cl2.Percentage)
    FROM countrylanguage cl2
    WHERE cl2.CountryCode = c.Code
)
gold: SELECT LANGUAGE ,  CountryCode ,  max(Percentage) FROM countrylanguage GROUP BY CountryCode",0,1,,372,461,1195.0743198394775,117.02179908752441,426.6953521699899,1
2819,completed,SambaNova,MiniMax-M2.7,818,"FAIL
result mismatch (order_matters=False)
predicted: SELECT COUNT(DISTINCT c.Code) AS TotalCountries
FROM countrylanguage cl
JOIN (
    SELECT CountryCode, MAX(Percentage) AS MaxPercentage
    FROM countrylanguage
    GROUP BY CountryCode
) mp ON cl.CountryCode = mp.CountryCode AND cl.Percentage = mp.MaxPercentage
JOIN country c ON c.Code = cl.CountryCode
WHERE cl.Language = 'Spanish'
gold: SELECT count(*) ,   max(Percentage) FROM countrylanguage WHERE LANGUAGE  =  ""Spanish"" GROUP BY CountryCode",0,1,,365,803,1957.8468799591064,115.40579795837402,435.29207410480507,1
2820,completed,SambaNova,MiniMax-M2.7,819,"FAIL
result mismatch (order_matters=False)
predicted: SELECT COUNT(*) AS cnt
FROM countrylanguage c
WHERE c.Language = 'Spanish'
  AND c.Percentage = (
      SELECT MAX(c2.Percentage)
      FROM countrylanguage c2
      WHERE c2.CountryCode = c.CountryCode
  )
gold: SELECT count(*) ,   max(Percentage) FROM countrylanguage WHERE LANGUAGE  =  ""Spanish"" GROUP BY CountryCode",0,1,,361,1195,2766.6337490081787,114.09187316894531,450.13426965115576,1
2821,completed,SambaNova,MiniMax-M2.7,820,"FAIL
result mismatch (order_matters=False)
predicted: SELECT CountryCode
FROM countrylanguage
WHERE Language = 'Spanish'
  AND Percentage = (
    SELECT MAX(Percentage)
    FROM countrylanguage
    WHERE Language = 'Spanish'
  )
gold: SELECT CountryCode ,  max(Percentage) FROM countrylanguage WHERE LANGUAGE  =  ""Spanish"" GROUP BY CountryCode",0,1,,364,461,1176.715612411499,114.09187316894531,432.89076181178814,1
2822,completed,SambaNova,MiniMax-M2.7,821,"FAIL
result mismatch (order_matters=False)
predicted: SELECT DISTINCT cl.CountryCode
FROM countrylanguage cl
WHERE cl.Language = 'Spanish'
AND cl.Percentage = (SELECT MAX(cl2.Percentage) FROM countrylanguage cl2 WHERE cl2.CountryCode = cl.CountryCode)
gold: SELECT CountryCode ,  max(Percentage) FROM countrylanguage WHERE LANGUAGE  =  ""Spanish"" GROUP BY CountryCode",0,1,,361,867,2091.686725616455,114.98498916625977,438.10352570195136,1
2823,completed,SambaNova,MiniMax-M2.7,822,PASS,1,1,,374,88,379.32348251342773,113.51180076599121,327.2993851438925,1
2824,completed,SambaNova,MiniMax-M2.7,823,PASS,1,1,,374,133,424.0560531616211,113.51180076599121,425.06019345620825,1
2825,completed,SambaNova,MiniMax-M2.7,824,PASS,1,1,,379,159,477.18358039855957,116.12248420715332,437.59907025884837,1
2826,completed,SambaNova,MiniMax-M2.7,825,PASS,1,1,,379,81,655.4903984069824,391.56556129455566,303.11660272398535,1
2827,completed,SambaNova,MiniMax-M2.7,826,PASS,1,1,,382,217,966.3693904876709,470.1852798461914,435.3222833370252,1
2828,completed,SambaNova,MiniMax-M2.7,827,PASS,1,1,,382,234,1075.0672817230225,391.56556129455566,340.8916071987928,1
2829,completed,SambaNova,MiniMax-M2.7,828,PASS,1,1,,386,402,1495.0001239776611,391.56556129455566,363.4107663121686,1
2830,completed,SambaNova,MiniMax-M2.7,829,PASS,1,1,,386,308,835.4990482330322,115.72647094726562,426.52361271901276,1
2831,completed,SambaNova,MiniMax-M2.7,830,PASS,1,1,,376,188,719.3002700805664,232.71965980529785,384.31453299014584,1
2832,completed,SambaNova,MiniMax-M2.7,831,PASS,1,1,,376,158,482.0079803466797,119.99368667602539,433.6845333041798,1
2833,completed,SambaNova,MiniMax-M2.7,832,"FAIL
result mismatch (order_matters=False)
predicted: SELECT MAX(CAST(Share AS REAL)) AS MaxShare,
       MIN(CAST(Share AS REAL)) AS MinShare
FROM performance
WHERE Type <> 'Live final'
gold: SELECT max(SHARE) ,  min(SHARE) FROM performance WHERE TYPE != ""Live final""",0,1,,385,379,1094.796895980835,208.71782302856445,426.5984961596778,1
2834,completed,SambaNova,MiniMax-M2.7,833,PASS,1,1,,386,756,1890.7618522644043,208.71782302856445,448.85864274492263,1
2835,completed,SambaNova,MiniMax-M2.7,834,PASS,1,1,,376,86,341.74084663391113,115.93914031982422,376.43648220162794,1
2836,completed,SambaNova,MiniMax-M2.7,835,PASS,1,1,,377,84,386.6419792175293,120.69249153137207,312.08933967922127,1
2837,completed,SambaNova,MiniMax-M2.7,836,PASS,1,1,,380,122,431.06532096862793,120.69249153137207,389.85371309527284,1
2838,completed,SambaNova,MiniMax-M2.7,837,PASS,1,1,,386,127,431.2551021575928,115.63277244567871,399.21129824688626,1
2839,completed,SambaNova,MiniMax-M2.7,838,PASS,1,1,,381,318,1270.4486846923828,429.37779426574707,376.90045346736565,1
2840,completed,SambaNova,MiniMax-M2.7,839,PASS,1,1,,384,220,1060.4174137115479,429.37779426574707,347.0463553339691,1
2841,completed,SambaNova,MiniMax-M2.7,840,PASS,1,1,,380,172,520.798921585083,115.32449722290039,421.72820213996374,1
2842,completed,SambaNova,MiniMax-M2.7,841,PASS,1,1,,388,247,1165.1558876037598,429.37779426574707,334.33993513447655,1
2843,completed,SambaNova,MiniMax-M2.7,842,PASS,1,1,,381,404,1093.0254459381104,119.83346939086914,414.10123563676683,1
2844,completed,SambaNova,MiniMax-M2.7,843,PASS,1,1,,383,484,1245.551347732544,120.38207054138184,429.2687418605548,1
2845,completed,SambaNova,MiniMax-M2.7,844,PASS,1,1,,383,484,1225.900650024414,119.83346939086914,436.6823358083386,1
2846,completed,SambaNova,MiniMax-M2.7,845,"FAIL
result mismatch (order_matters=True)
predicted: SELECT c.Name
FROM conductor c
JOIN orchestra o ON c.Conductor_ID = o.Conductor_ID
GROUP BY c.Conductor_ID, c.Name
ORDER BY COUNT(*) DESC
LIMIT 1
gold: SELECT T1.Name FROM conductor AS T1 JOIN orchestra AS T2 ON T1.Conductor_ID  =  T2.Conductor_ID GROUP BY T2.Conductor_ID ORDER BY COUNT(*) DESC LIMIT 1",0,1,,382,208,611.0324859619141,115.8132553100586,417.99669154109097,1
2847,completed,SambaNova,MiniMax-M2.7,846,PASS,1,1,,385,249,735.5208396911621,115.62275886535645,400.0657651167808,1
2848,completed,SambaNova,MiniMax-M2.7,847,PASS,1,1,,386,299,779.8733711242676,115.62275886535645,448.6258567178343,1
2849,completed,SambaNova,MiniMax-M2.7,848,PASS,1,1,,381,160,476.91845893859863,115.97013473510742,440.50627011738345,1
2850,completed,SambaNova,MiniMax-M2.7,849,PASS,1,1,,377,267,749.3937015533447,118.13569068908691,421.3807910901889,1
2851,completed,SambaNova,MiniMax-M2.7,850,"FAIL
result mismatch (order_matters=True)
predicted: SELECT ""Major_Record_Format"", COUNT(*) AS ""cnt""
FROM ""orchestra""
GROUP BY ""Major_Record_Format""
ORDER BY ""cnt"" ASC
gold: SELECT Major_Record_Format FROM orchestra GROUP BY Major_Record_Format ORDER BY COUNT(*) ASC",0,1,,381,389,1020.2085971832275,120.65887451171875,431.32690747511583,1
2852,completed,SambaNova,MiniMax-M2.7,851,"FAIL
result mismatch (order_matters=True)
predicted: SELECT ""Major_Record_Format"", COUNT(*) AS frequency
FROM ""orchestra""
GROUP BY ""Major_Record_Format""
ORDER BY frequency DESC
gold: SELECT Major_Record_Format FROM orchestra GROUP BY Major_Record_Format ORDER BY COUNT(*) ASC",0,1,,382,305,837.7676010131836,117.95306205749512,422.3310082636635,1
2853,completed,SambaNova,MiniMax-M2.7,852,PASS,1,1,,380,850,2016.150712966919,115.15593528747559,446.6082758188214,1
2854,completed,SambaNova,MiniMax-M2.7,853,PASS,1,1,,381,201,602.1990776062012,115.15593528747559,410.64124021505705,1
2855,completed,SambaNova,MiniMax-M2.7,854,PASS,1,1,,378,301,1118.499994277954,398.5726833343506,416.708736340051,1
2856,completed,SambaNova,MiniMax-M2.7,855,"FAIL
result mismatch (order_matters=False)
predicted: SELECT * FROM ""orchestra""
WHERE ""Orchestra_ID"" NOT IN (SELECT ""Orchestra_ID"" FROM ""performance"")
gold: SELECT Orchestra FROM orchestra WHERE Orchestra_ID NOT IN (SELECT Orchestra_ID FROM performance)",0,1,,379,250,735.90087890625,115.79394340515137,401.5436463370419,1
2857,completed,SambaNova,MiniMax-M2.7,856,PASS,1,1,,386,640,1531.8834781646729,115.79394340515137,451.2426540236484,1
2858,completed,SambaNova,MiniMax-M2.7,857,PASS,1,1,,392,431,1109.8911762237549,119.02952194213867,433.9657288602554,1
2859,completed,SambaNova,MiniMax-M2.7,858,PASS,1,1,,384,162,522.5472450256348,117.19131469726562,397.1818048142968,1
2860,completed,SambaNova,MiniMax-M2.7,859,PASS,1,1,,383,224,658.4711074829102,118.23558807373047,412.7829289045647,1
2861,completed,SambaNova,MiniMax-M2.7,860,PASS,1,1,,384,543,1446.561336517334,187.82472610473633,430.5904789901514,1
2862,completed,SambaNova,MiniMax-M2.7,861,PASS,1,1,,384,447,1151.7295837402344,116.83893203735352,430.96340590778425,1
2863,completed,SambaNova,MiniMax-M2.7,862,PASS,1,1,,259,196,557.1973323822021,113.84868621826172,439.8344320823602,1
2864,completed,SambaNova,MiniMax-M2.7,863,PASS,1,1,,259,165,519.2363262176514,113.75141143798828,404.45401054960615,1
2865,completed,SambaNova,MiniMax-M2.7,864,PASS,1,1,,262,119,423.9697456359863,113.84868621826172,380.49657195662166,1
2866,completed,SambaNova,MiniMax-M2.7,865,PASS,1,1,,263,45,537.7569198608398,401.4127254486084,322.712677204045,1
2867,completed,SambaNova,MiniMax-M2.7,866,"FAIL
result mismatch (order_matters=False)
predicted: SELECT DISTINCT grade FROM Highschooler
gold: SELECT grade FROM Highschooler",0,1,,261,268,1201.4641761779785,411.92126274108887,338.17034572287633,1
2868,completed,SambaNova,MiniMax-M2.7,867,"FAIL
result mismatch (order_matters=False)
predicted: SELECT name, grade FROM Highschooler
gold: SELECT grade FROM Highschooler",0,1,,261,281,1201.3838291168213,411.92126274108887,354.67166136252035,1
2869,completed,SambaNova,MiniMax-M2.7,868,PASS,1,1,,257,127,435.0271224975586,118.93558502197266,398.6187071197118,1
2870,completed,SambaNova,MiniMax-M2.7,869,PASS,1,1,,262,68,676.3856410980225,411.92126274108887,253.34224751272038,1
2871,completed,SambaNova,MiniMax-M2.7,870,PASS,1,1,,264,111,506.0455799102783,235.1851463317871,406.11320947370365,1
2872,completed,SambaNova,MiniMax-M2.7,871,PASS,1,1,,265,72,296.66948318481445,115.42773246765137,391.7419673946931,1
2873,completed,SambaNova,MiniMax-M2.7,872,PASS,1,1,,262,110,379.3966770172119,112.8852367401123,408.98807153144935,1
2874,completed,SambaNova,MiniMax-M2.7,873,PASS,1,1,,257,55,290.6179428100586,112.8852367401123,303.8270287672795,1
2875,completed,SambaNova,MiniMax-M2.7,874,PASS,1,1,,266,208,607.8100204467773,112.61820793151855,418.0198354826828,1
2876,completed,SambaNova,MiniMax-M2.7,875,PASS,1,1,,266,182,556.7998886108398,113.79146575927734,408.5701098749699,1
2877,completed,SambaNova,MiniMax-M2.7,876,PASS,1,1,,262,156,512.6540660858154,113.79146575927734,388.6049979945617,1
2878,completed,SambaNova,MiniMax-M2.7,877,PASS,1,1,,261,199,566.1194324493408,115.64755439758301,439.53909144412876,1
2879,completed,SambaNova,MiniMax-M2.7,878,PASS,1,1,,260,232,657.0136547088623,115.89574813842773,426.89402290170176,1
2880,completed,SambaNova,MiniMax-M2.7,879,"FAIL
result mismatch (order_matters=True)
predicted: SELECT grade
FROM Highschooler
GROUP BY grade
HAVING COUNT(*) = (
    SELECT MAX(cnt)
    FROM (SELECT COUNT(*) AS cnt FROM Highschooler GROUP BY grade)
)
gold: SELECT grade FROM Highschooler GROUP BY grade ORDER BY count(*) DESC LIMIT 1",0,1,,264,427,1103.9438247680664,114.30716514587402,430.46101400753633,1
2881,completed,SambaNova,MiniMax-M2.7,880,PASS,1,1,,263,192,567.1601295471191,116.6219711303711,423.93745442383795,1
2882,completed,SambaNova,MiniMax-M2.7,881,PASS,1,1,,262,223,688.9925003051758,113.57879638671875,385.80937243625334,1
2883,completed,SambaNova,MiniMax-M2.7,882,"FAIL
result mismatch (order_matters=False)
predicted: SELECT h.ID, COUNT(f.friend_id) AS number_of_friends
FROM Highschooler h
LEFT JOIN Friend f ON h.ID = f.student_id
GROUP BY h.ID
gold: SELECT student_id ,  count(*) FROM Friend GROUP BY student_id",0,1,,263,851,2014.5015716552734,113.57879638671875,447.151252569908,1
2884,completed,SambaNova,MiniMax-M2.7,883,"FAIL
result mismatch (order_matters=False)
predicted: SELECT h.ID, h.name, COUNT(f.friend_id) AS friend_count
FROM Highschooler h
LEFT JOIN Friend f ON h.ID = f.student_id
GROUP BY h.ID, h.name
gold: SELECT student_id ,  count(*) FROM Friend GROUP BY student_id",0,1,,259,2873,6581.875562667847,114.82882499694824,444.09761000650326,1
2885,completed,SambaNova,MiniMax-M2.7,884,"FAIL
result mismatch (order_matters=False)
predicted: SELECT h.name, COUNT(f.friend_id) AS number_of_friends
FROM Highschooler h
LEFT JOIN Friend f ON h.ID = f.student_id
GROUP BY h.ID, h.name
gold: SELECT T2.name ,  count(*) FROM Friend AS T1 JOIN Highschooler AS T2 ON T1.student_id  =  T2.id GROUP BY T1.student_id",0,1,,265,517,1289.344072341919,118.86930465698242,440.846752314523,1
2886,completed,SambaNova,MiniMax-M2.7,885,"FAIL
result mismatch (order_matters=False)
predicted: SELECT h.name, COUNT(f.friend_id) AS friend_count
FROM Highschooler h
LEFT JOIN Friend f ON h.ID = f.student_id
GROUP BY h.ID, h.name
gold: SELECT T2.name ,  count(*) FROM Friend AS T1 JOIN Highschooler AS T2 ON T1.student_id  =  T2.id GROUP BY T1.student_id",0,1,,268,1614,4045.8126068115234,403.17487716674805,442.81098470840726,1
2887,completed,SambaNova,MiniMax-M2.7,886,"FAIL
model returned no SQL query",0,1,,804,97500,241776.66211128235,115.93365669250488,403.89619970255717,3
2888,completed,SambaNova,MiniMax-M2.7,887,PASS,1,1,,264,888,2100.7208824157715,112.56718635559082,446.14257024380015,1
2889,completed,SambaNova,MiniMax-M2.7,888,PASS,1,1,,266,498,1239.1066551208496,115.14973640441895,442.18776691866327,1
2890,completed,SambaNova,MiniMax-M2.7,889,PASS,1,1,,267,648,1614.9301528930664,112.56718635559082,430.6549178932127,1
2891,completed,SambaNova,MiniMax-M2.7,890,PASS,1,1,,265,409,1060.530185699463,116.00112915039062,431.9613008949319,1
2892,completed,SambaNova,MiniMax-M2.7,891,PASS,1,1,,263,1218,2858.3669662475586,116.72472953796387,443.89453288427336,1
2893,completed,SambaNova,MiniMax-M2.7,892,PASS,1,1,,262,386,1015.0563716888428,115.67950248718262,428.07416243843215,1
2894,completed,SambaNova,MiniMax-M2.7,893,PASS,1,1,,259,1812,4201.857328414917,115.16594886779785,443.1457704547027,1
2895,completed,SambaNova,MiniMax-M2.7,894,PASS,1,1,,263,1213,2856.9772243499756,115.48233032226562,442.0945676901741,1
2896,completed,SambaNova,MiniMax-M2.7,895,PASS,1,1,,265,488,1218.0018424987793,112.91790008544922,440.69050441224255,1
2897,completed,SambaNova,MiniMax-M2.7,896,"FAIL
result mismatch (order_matters=False)
predicted: SELECT name
FROM Highschooler
WHERE ID NOT IN (
    SELECT student_id FROM Friend
    UNION
    SELECT friend_id FROM Friend
)
gold: SELECT name FROM Highschooler EXCEPT SELECT T2.name FROM Friend AS T1 JOIN Highschooler AS T2 ON T1.student_id  =  T2.id",0,1,,265,415,1084.8369598388672,112.91790008544922,425.96139652311626,1
2898,completed,SambaNova,MiniMax-M2.7,897,"FAIL
result mismatch (order_matters=False)
predicted: SELECT name FROM Highschooler WHERE ID NOT IN (SELECT student_id FROM Friend) AND ID NOT IN (SELECT friend_id FROM Friend)
gold: SELECT name FROM Highschooler EXCEPT SELECT T2.name FROM Friend AS T1 JOIN Highschooler AS T2 ON T1.student_id  =  T2.id",0,1,,262,1916,4427.982807159424,115.03267288208008,444.0116255415199,1
2899,completed,SambaNova,MiniMax-M2.7,898,PASS,1,1,,269,1909,4444.961309432983,203.8116455078125,449.8780168569085,1
2900,completed,SambaNova,MiniMax-M2.7,899,PASS,1,1,,265,975,2413.0594730377197,203.8116455078125,440.87403317218593,1
2901,completed,SambaNova,MiniMax-M2.7,900,PASS,1,1,,268,687,1974.552869796753,399.6105194091797,435.5714987479917,1
2902,completed,SambaNova,MiniMax-M2.7,901,PASS,1,1,,267,580,1439.2085075378418,113.61384391784668,436.7851017284877,1
2903,completed,SambaNova,MiniMax-M2.7,902,PASS,1,1,,261,759,1793.4198379516602,113.61384391784668,451.2425855677366,1
2904,completed,SambaNova,MiniMax-M2.7,903,PASS,1,1,,260,175,523.9431858062744,117.8123950958252,428.4334110585898,1
2905,completed,SambaNova,MiniMax-M2.7,904,PASS,1,1,,269,460,1149.216890335083,115.36288261413574,443.9698415560923,1
2906,completed,SambaNova,MiniMax-M2.7,905,PASS,1,1,,271,4111,9377.898216247559,116.84489250183105,443.7940109319734,1
2907,completed,SambaNova,MiniMax-M2.7,906,"FAIL
result mismatch (order_matters=True)
predicted: SELECT h.name
FROM Highschooler h
JOIN Likes l ON h.ID = l.liked_id
GROUP BY h.ID, h.name
ORDER BY COUNT(*) DESC
LIMIT 1
gold: SELECT T2.name FROM Likes AS T1 JOIN Highschooler AS T2 ON T1.student_id  =  T2.id GROUP BY T1.student_id ORDER BY count(*) DESC LIMIT 1",0,1,,268,870,2092.1711921691895,115.39387702941895,439.60439718955206,1
2908,completed,SambaNova,MiniMax-M2.7,907,"FAIL
result mismatch (order_matters=True)
predicted: SELECT h.name
FROM Highschooler h
JOIN Likes l ON h.ID = l.liked_id
GROUP BY h.ID
ORDER BY COUNT(*) DESC
LIMIT 1
gold: SELECT T2.name FROM Likes AS T1 JOIN Highschooler AS T2 ON T1.student_id  =  T2.id GROUP BY T1.student_id ORDER BY count(*) DESC LIMIT 1",0,1,,262,867,2090.9576416015625,114.94922637939453,438.25724289875217,1
2909,completed,SambaNova,MiniMax-M2.7,908,PASS,1,1,,264,373,971.76194190979,116.57428741455078,434.99224766003783,1
2910,completed,SambaNova,MiniMax-M2.7,909,PASS,1,1,,265,296,791.6011810302734,116.67656898498535,437.0858533459515,1
2911,completed,SambaNova,MiniMax-M2.7,910,PASS,1,1,,272,757,1823.254108428955,115.84281921386719,442.77556601347055,1
2912,completed,SambaNova,MiniMax-M2.7,911,PASS,1,1,,275,446,1151.8118381500244,116.28961563110352,429.7348625870451,1
2913,completed,SambaNova,MiniMax-M2.7,912,PASS,1,1,,258,3150,7210.191011428833,115.65685272216797,443.86282870108323,1
2914,completed,SambaNova,MiniMax-M2.7,913,PASS,1,1,,265,435,1227.381944656372,209.916353225708,426.5500510830545,1
2915,completed,SambaNova,MiniMax-M2.7,914,"FAIL
result mismatch (order_matters=False)
predicted: SELECT AVG(grade) FROM Highschooler
WHERE ID IN (SELECT student_id FROM Friend
             UNION
             SELECT friend_id FROM Friend)
gold: SELECT avg(grade) FROM Highschooler WHERE id IN (SELECT T1.student_id FROM Friend AS T1 JOIN Highschooler AS T2 ON T1.student_id  =  T2.id)",0,1,,263,985,2363.502025604248,115.81945419311523,437.78423720313333,1
2916,completed,SambaNova,MiniMax-M2.7,915,PASS,1,1,,262,616,1581.5088748931885,209.916353225708,448.38389702819944,1
2917,completed,SambaNova,MiniMax-M2.7,916,"FAIL
result mismatch (order_matters=False)
predicted: SELECT MIN(grade) FROM Highschooler WHERE ID NOT IN (SELECT student_id FROM Friend UNION SELECT friend_id FROM Friend)
gold: SELECT min(grade) FROM Highschooler WHERE id NOT IN (SELECT T1.student_id FROM Friend AS T1 JOIN Highschooler AS T2 ON T1.student_id  =  T2.id)",0,1,,262,4495,10227.050304412842,119.06695365905762,444.599070265076,1
2918,completed,SambaNova,MiniMax-M2.7,917,PASS,1,1,,265,569,1497.0104694366455,213.72509002685547,442.61394161697314,1
2919,completed,SambaNova,MiniMax-M2.7,918,PASS,1,1,,693,219,745.4862594604492,213.72509002685547,409.95847860084075,1
2920,completed,SambaNova,MiniMax-M2.7,919,PASS,1,1,,693,289,1079.8039436340332,403.03874015808105,425.5537940201349,1
2921,completed,SambaNova,MiniMax-M2.7,920,PASS,1,1,,698,556,1380.8493614196777,121.02341651916504,440.53704580899694,1
2922,completed,SambaNova,MiniMax-M2.7,921,PASS,1,1,,695,522,1334.160327911377,119.70233917236328,428.9979602678233,1
2923,completed,SambaNova,MiniMax-M2.7,922,PASS,1,1,,714,670,1651.9489288330078,120.66340446472168,436.8878235664039,1
2924,completed,SambaNova,MiniMax-M2.7,923,PASS,1,1,,710,483,1364.912986755371,214.99013900756836,419.1585556753027,1
2925,completed,SambaNova,MiniMax-M2.7,924,PASS,1,1,,703,675,1652.2765159606934,122.82872200012207,440.68192628834214,1
2926,completed,SambaNova,MiniMax-M2.7,925,PASS,1,1,,705,1226,2956.150770187378,214.99013900756836,446.8909942985551,1
2927,completed,SambaNova,MiniMax-M2.7,926,PASS,1,1,,700,931,2230.4916381835938,117.57564544677734,440.15001220914144,1
2928,completed,SambaNova,MiniMax-M2.7,927,PASS,1,1,,702,589,1469.226360321045,120.24450302124023,435.8842906730953,1
2929,completed,SambaNova,MiniMax-M2.7,928,PASS,1,1,,703,298,784.661054611206,120.01681327819824,446.85559812319747,1
2930,completed,SambaNova,MiniMax-M2.7,929,PASS,1,1,,703,231,695.8823204040527,120.01681327819824,399.39881301092385,1
2931,completed,SambaNova,MiniMax-M2.7,930,PASS,1,1,,701,543,1379.202127456665,120.20039558410645,430.49980494773735,1
2932,completed,SambaNova,MiniMax-M2.7,931,PASS,1,1,,702,472,1584.7084522247314,322.65520095825195,373.2013681097435,1
2933,completed,SambaNova,MiniMax-M2.7,932,PASS,1,1,,704,479,1584.7599506378174,322.65520095825195,378.7324309819442,1
2934,completed,SambaNova,MiniMax-M2.7,933,PASS,1,1,,704,606,1510.6515884399414,117.28358268737793,434.19972146786677,1
2935,completed,SambaNova,MiniMax-M2.7,934,PASS,1,1,,695,253,1059.3795776367188,322.65520095825195,342.0546516136006,1
2936,completed,SambaNova,MiniMax-M2.7,935,PASS,1,1,,697,334,1012.3116970062256,247.18499183654785,435.22203283461727,1
2937,completed,SambaNova,MiniMax-M2.7,936,"FAIL
result mismatch (order_matters=True)
predicted: SELECT o.owner_id, o.last_name
FROM Owners o
JOIN Dogs d ON d.owner_id = o.owner_id
JOIN Treatments t ON t.dog_id = d.dog_id
GROUP BY o.owner_id, o.last_name
ORDER BY SUM(t.cost_of_treatment) DESC
LIMIT 1
gold: SELECT T1.owner_id ,  T1.last_name FROM Owners AS T1 JOIN Dogs AS T2 ON T1.owner_id  =  T2.owner_id JOIN Treatments AS T3 ON T2.dog_id  =  T3.dog_id GROUP BY T1.owner_id ORDER BY count(*) DESC LIMIT 1",0,1,,705,647,1886.1620426177979,402.70543098449707,435.4694265636441,1
2938,completed,SambaNova,MiniMax-M2.7,937,"FAIL
result mismatch (order_matters=True)
predicted: SELECT o.owner_id, o.last_name
FROM Owners o
JOIN Dogs d ON d.owner_id = o.owner_id
JOIN Treatments t ON t.dog_id = d.dog_id
GROUP BY o.owner_id, o.last_name
ORDER BY SUM(t.cost_of_treatment) DESC
LIMIT 1
gold: SELECT T1.owner_id ,  T1.last_name FROM Owners AS T1 JOIN Dogs AS T2 ON T1.owner_id  =  T2.owner_id JOIN Treatments AS T3 ON T2.dog_id  =  T3.dog_id GROUP BY T1.owner_id ORDER BY count(*) DESC LIMIT 1",0,1,,706,678,1649.0283012390137,120.00679969787598,442.76682788151464,1
2939,completed,SambaNova,MiniMax-M2.7,938,PASS,1,1,,699,516,1291.9533252716064,121.46806716918945,439.98845473279573,1
2940,completed,SambaNova,MiniMax-M2.7,939,PASS,1,1,,698,627,1560.9800815582275,121.60110473632812,434.90978406686685,1
2941,completed,SambaNova,MiniMax-M2.7,940,PASS,1,1,,706,2768,6261.852264404297,117.90919303894043,450.362245850871,1
2942,completed,SambaNova,MiniMax-M2.7,941,PASS,1,1,,706,693,1710.9804153442383,117.90919303894043,434.38108121658377,1
2943,completed,SambaNova,MiniMax-M2.7,942,"FAIL
result mismatch (order_matters=False)
predicted: SELECT p.professional_id, p.cell_number
FROM Professionals p
JOIN Treatments t ON p.professional_id = t.professional_id
GROUP BY p.professional_id
HAVING COUNT(DISTINCT t.treatment_type_code) >= 2
gold: SELECT T1.professional_id ,  T1.cell_number FROM Professionals AS T1 JOIN Treatments AS T2 ON T1.professional_id  =  T2.professional_id GROUP BY T1.professional_id HAVING count(*)  >=  2",0,1,,702,492,1246.5729713439941,121.05631828308105,436.24410057789436,1
2944,completed,SambaNova,MiniMax-M2.7,943,"FAIL
result mismatch (order_matters=False)
predicted: SELECT p.""professional_id"", p.""cell_number""
FROM Professionals p
JOIN Treatments t ON p.""professional_id"" = t.""professional_id""
GROUP BY p.""professional_id""
HAVING COUNT(DISTINCT t.""treatment_type_code"") >= 2
gold: SELECT T1.professional_id ,  T1.cell_number FROM Professionals AS T1 JOIN Treatments AS T2 ON T1.professional_id  =  T2.professional_id GROUP BY T1.professional_id HAVING count(*)  >=  2",0,1,,701,483,1226.8157005310059,120.97001075744629,435.8655140200416,1
2945,completed,SambaNova,MiniMax-M2.7,944,"FAIL
result mismatch (order_matters=False)
predicted: SELECT DISTINCT p.first_name, p.last_name
FROM Professionals p
JOIN Treatments t ON p.professional_id = t.professional_id
WHERE t.cost_of_treatment < (SELECT AVG(cost_of_treatment) FROM Treatments)
gold: SELECT DISTINCT T1.first_name ,  T1.last_name FROM Professionals AS T1 JOIN Treatments AS T2 WHERE cost_of_treatment  <  ( SELECT avg(cost_of_treatment) FROM Treatments )",0,1,,703,794,1919.2681312561035,119.45652961730957,440.60167146269345,1
2946,completed,SambaNova,MiniMax-M2.7,945,"FAIL
result mismatch (order_matters=False)
predicted: SELECT DISTINCT p.first_name, p.last_name
FROM Professionals p
JOIN Treatments t ON p.professional_id = t.professional_id
WHERE t.cost_of_treatment < (SELECT AVG(cost_of_treatment) FROM Treatments)
gold: SELECT DISTINCT T1.first_name ,  T1.last_name FROM Professionals AS T1 JOIN Treatments AS T2 WHERE cost_of_treatment  <  ( SELECT avg(cost_of_treatment) FROM Treatments )",0,1,,705,436,1138.3647918701172,120.97001075744629,427.56264144019246,1
2947,completed,SambaNova,MiniMax-M2.7,946,PASS,1,1,,702,214,615.7608032226562,120.1925277709961,429.8095954707192,1
2948,completed,SambaNova,MiniMax-M2.7,947,PASS,1,1,,698,239,944.6783065795898,403.96809577941895,440.1618376094568,1
2949,completed,SambaNova,MiniMax-M2.7,948,PASS,1,1,,696,210,616.1274909973145,120.44739723205566,421.64291572091446,1
2950,completed,SambaNova,MiniMax-M2.7,949,"FAIL
result mismatch (order_matters=False)
predicted: SELECT t.treatment_id, t.cost_of_treatment, tt.treatment_type_description
FROM Treatments AS t
JOIN Treatment_Types AS tt ON t.treatment_type_code = tt.treatment_type_code
gold: SELECT T1.cost_of_treatment ,  T2.treatment_type_description FROM Treatments AS T1 JOIN treatment_types AS T2 ON T1.treatment_type_code  =  T2.treatment_type_code",0,1,,695,325,884.7253322601318,118.25084686279297,422.71465805158414,1
2951,completed,SambaNova,MiniMax-M2.7,950,"FAIL
result mismatch (order_matters=False)
predicted: SELECT 
    o.first_name, 
    o.last_name, 
    s.size_description
FROM Owners o
JOIN Dogs d ON o.owner_id = d.owner_id
JOIN Sizes s ON d.size_code = s.size_code
gold: SELECT T1.first_name ,  T1.last_name ,  T2.size_code FROM Owners AS T1 JOIN Dogs AS T2 ON T1.owner_id  =  T2.owner_id",0,1,,701,431,1107.15913772583,117.97332763671875,434.7009385034175,1
2952,completed,SambaNova,MiniMax-M2.7,951,"FAIL
result mismatch (order_matters=False)
predicted: SELECT o.first_name, o.last_name, s.size_description
FROM Owners o
JOIN Dogs d ON o.owner_id = d.owner_id
JOIN Sizes s ON d.size_code = s.size_code
gold: SELECT T1.first_name ,  T1.last_name ,  T2.size_code FROM Owners AS T1 JOIN Dogs AS T2 ON T1.owner_id  =  T2.owner_id",0,1,,700,346,931.2136173248291,120.95093727111816,425.78784447672024,1
2953,completed,SambaNova,MiniMax-M2.7,952,PASS,1,1,,696,416,1064.2688274383545,119.18950080871582,439.11657816067304,1
2954,completed,SambaNova,MiniMax-M2.7,953,PASS,1,1,,695,326,888.0395889282227,121.39320373535156,423.92425801138717,1
2955,completed,SambaNova,MiniMax-M2.7,954,PASS,1,1,,701,1670,3833.496332168579,119.3695068359375,449.36537670614473,1
2956,completed,SambaNova,MiniMax-M2.7,955,"FAIL
result mismatch (order_matters=True)
predicted: SELECT d.name, t.date_of_treatment
FROM Dogs d
JOIN Treatments t ON d.dog_id = t.dog_id
WHERE d.breed_code = (
    SELECT breed_code
    FROM Dogs
    GROUP BY breed_code
    ORDER BY COUNT(*) ASC
    LIMIT 1
)
ORDER BY d.name, t.date_of_treatment
gold: SELECT T1.name ,  T2.date_of_treatment FROM Dogs AS T1 JOIN Treatments AS T2 ON T1.dog_id  =  T2.dog_id WHERE T1.breed_code  =  ( SELECT breed_code FROM Dogs GROUP BY breed_code ORDER BY count(*) ASC LIMIT 1 )",0,1,,699,830,2021.4533805847168,119.3695068359375,435.8377732135126,1
2957,completed,SambaNova,MiniMax-M2.7,956,PASS,1,1,,704,227,661.3388061523438,120.26309967041016,417.686466593462,1
2958,completed,SambaNova,MiniMax-M2.7,957,PASS,1,1,,700,325,870.9566593170166,118.78705024719238,430.7539098803485,1
2959,completed,SambaNova,MiniMax-M2.7,958,PASS,1,1,,702,290,826.6580104827881,118.78705024719238,408.26650086594054,1
2960,completed,SambaNova,MiniMax-M2.7,959,PASS,1,1,,699,291,793.9355373382568,118.85929107666016,429.5811052543286,1
2961,completed,SambaNova,MiniMax-M2.7,960,"FAIL
result mismatch (order_matters=False)
predicted: SELECT o.last_name
FROM Dogs d
JOIN Owners o ON d.owner_id = o.owner_id
ORDER BY d.date_of_birth DESC
LIMIT 1
gold: SELECT T1.last_name FROM Owners AS T1 JOIN Dogs AS T2 ON T1.owner_id  =  T2.owner_id WHERE T2.age  =  ( SELECT max(age) FROM Dogs )",0,1,,695,374,1003.364086151123,118.7288761138916,421.6427243318764,1
2962,completed,SambaNova,MiniMax-M2.7,961,"FAIL
result mismatch (order_matters=False)
predicted: SELECT o.last_name
FROM Owners o
JOIN Dogs d ON d.owner_id = o.owner_id
WHERE d.date_of_birth = (SELECT MAX(date_of_birth) FROM Dogs)
gold: SELECT T1.last_name FROM Owners AS T1 JOIN Dogs AS T2 ON T1.owner_id  =  T2.owner_id WHERE T2.age  =  ( SELECT max(age) FROM Dogs )",0,1,,697,433,1091.9530391693115,118.7288761138916,443.88540317756156,1
2963,completed,SambaNova,MiniMax-M2.7,962,PASS,1,1,,702,3323,7630.732297897339,122.69401550292969,442.45911848768196,1
2964,completed,SambaNova,MiniMax-M2.7,963,PASS,1,1,,703,170,892.0755386352539,415.96055030822754,354.9562692698091,1
2965,completed,SambaNova,MiniMax-M2.7,964,PASS,1,1,,697,186,568.612813949585,118.08562278747559,410.6300432673175,1
2966,completed,SambaNova,MiniMax-M2.7,965,PASS,1,1,,696,66,681.2777519226074,415.96055030822754,244.98976924411025,1
2967,completed,SambaNova,MiniMax-M2.7,966,PASS,1,1,,691,175,892.1310901641846,415.96055030822754,365.41529858742524,1
2968,completed,SambaNova,MiniMax-M2.7,967,PASS,1,1,,694,103,389.1270160675049,118.47472190856934,376.86730244415514,1
2969,completed,SambaNova,MiniMax-M2.7,968,PASS,1,1,,693,162,934.1189861297607,407.4594974517822,305.70036895023475,1
2970,completed,SambaNova,MiniMax-M2.7,969,PASS,1,1,,694,218,987.5264167785645,407.4594974517822,374.09476867228915,1
2971,completed,SambaNova,MiniMax-M2.7,970,PASS,1,1,,707,256,703.2723426818848,117.94853210449219,435.65629040181244,1
2972,completed,SambaNova,MiniMax-M2.7,971,PASS,1,1,,706,204,987.5881671905518,407.4594974517822,349.9223716893881,1
2973,completed,SambaNova,MiniMax-M2.7,972,PASS,1,1,,707,341,1051.2781143188477,241.8820858001709,420.06630625832696,1
2974,completed,SambaNova,MiniMax-M2.7,973,PASS,1,1,,707,196,602.7765274047852,115.80991744995117,400.4381327460751,1
2975,completed,SambaNova,MiniMax-M2.7,974,PASS,1,1,,693,197,572.4561214447021,121.18077278137207,434.32463257864333,1
2976,completed,SambaNova,MiniMax-M2.7,975,PASS,1,1,,695,273,735.9147071838379,115.80991744995117,438.6355411264066,1
2977,completed,SambaNova,MiniMax-M2.7,976,PASS,1,1,,692,281,795.1951026916504,119.97342109680176,414.678627230468,1
2978,completed,SambaNova,MiniMax-M2.7,977,PASS,1,1,,694,220,613.1815910339355,117.46954917907715,441.7887432803618,1
2979,completed,SambaNova,MiniMax-M2.7,978,PASS,1,1,,693,195,569.178581237793,117.74945259094238,429.7463049881406,1
2980,completed,SambaNova,MiniMax-M2.7,979,PASS,1,1,,696,229,658.9560508728027,118.24297904968262,421.66541162256965,1
2981,completed,SambaNova,MiniMax-M2.7,980,"FAIL
result mismatch (order_matters=False)
predicted: SELECT COUNT(*) AS num_owners_temporarily_without_dogs
FROM (
    SELECT owner_id
    FROM Dogs
    GROUP BY owner_id
    HAVING SUM(CASE WHEN date_departed IS NULL THEN 1 ELSE 0 END) = 0
)
gold: SELECT count(*) FROM Owners WHERE owner_id NOT IN ( SELECT owner_id FROM Dogs )",0,1,,693,3866,8687.950849533081,116.08076095581055,450.8934409949159,1
2982,completed,SambaNova,MiniMax-M2.7,981,PASS,1,1,,698,3187,7229.702711105347,116.08076095581055,447.87311194306955,1
2983,completed,SambaNova,MiniMax-M2.7,982,PASS,1,1,,694,278,750.6122589111328,120.02396583557129,439.2723478087277,1
2984,completed,SambaNova,MiniMax-M2.7,983,PASS,1,1,,695,283,780.9805870056152,116.57357215881348,424.4386252680117,1
2985,completed,SambaNova,MiniMax-M2.7,984,PASS,1,1,,712,112,391.7057514190674,121.08302116394043,410.16510289197004,1
2986,completed,SambaNova,MiniMax-M2.7,985,PASS,1,1,,717,193,603.8813591003418,116.57357215881348,394.00150201793906,1
2987,completed,SambaNova,MiniMax-M2.7,986,PASS,1,1,,693,241,703.8424015045166,118.91293525695801,410.3058810486139,1
2988,completed,SambaNova,MiniMax-M2.7,987,PASS,1,1,,692,486,1239.6965026855469,116.28580093383789,431.72100750308897,1
2989,completed,SambaNova,MiniMax-M2.7,988,"FAIL
result mismatch (order_matters=False)
predicted: SELECT MAX(CAST(age AS INTEGER)) FROM Dogs
gold: SELECT max(age) FROM Dogs",0,1,,692,495,1242.8901195526123,116.99557304382324,438.76222824936093,1
2990,completed,SambaNova,MiniMax-M2.7,989,"FAIL
result mismatch (order_matters=False)
predicted: SELECT MAX(CAST(age AS INTEGER)) AS oldest_dog_age FROM Dogs
gold: SELECT max(age) FROM Dogs",0,1,,692,317,840.1188850402832,120.09453773498535,438.87404805495095,1
2991,completed,SambaNova,MiniMax-M2.7,990,PASS,1,1,,698,360,932.1370124816895,121.55747413635254,442.89299571123973,1
2992,completed,SambaNova,MiniMax-M2.7,991,PASS,1,1,,691,58,295.62997817993164,115.7681941986084,316.9100113335852,1
2993,completed,SambaNova,MiniMax-M2.7,992,PASS,1,1,,693,1688,3873.3625411987305,115.7681941986084,448.9574563435294,1
2994,completed,SambaNova,MiniMax-M2.7,993,PASS,1,1,,695,122,436.78832054138184,121.11473083496094,383.3073273964129,1
2995,completed,SambaNova,MiniMax-M2.7,994,PASS,1,1,,697,78,419.4953441619873,197.78776168823242,347.30431472326865,1
2996,completed,SambaNova,MiniMax-M2.7,995,PASS,1,1,,697,1508,3554.4261932373047,197.78776168823242,448.9610754127387,1
2997,completed,SambaNova,MiniMax-M2.7,996,"FAIL
result mismatch (order_matters=False)
predicted: SELECT b.breed_name, s.size_description
FROM Breeds b
CROSS JOIN Sizes s
gold: SELECT DISTINCT breed_code ,  size_code FROM dogs",0,1,,695,150,480.4415702819824,119.92359161376953,413.2942289048106,1
2998,completed,SambaNova,MiniMax-M2.7,997,"FAIL
result mismatch (order_matters=False)
predicted: SELECT DISTINCT b.breed_name, s.size_description
FROM Dogs d
JOIN Breeds b ON d.breed_code = b.breed_code
JOIN Sizes s ON d.size_code = s.size_code
gold: SELECT DISTINCT breed_code ,  size_code FROM dogs",0,1,,695,170,526.5405178070068,121.002197265625,416.73003866660474,1
2999,completed,SambaNova,MiniMax-M2.7,998,"FAIL
result mismatch (order_matters=False)
predicted: SELECT p.first_name, tt.treatment_type_description
FROM Professionals p
JOIN Treatments t ON p.professional_id = t.professional_id
JOIN Treatment_Types tt ON t.treatment_type_code = tt.treatment_type_code
gold: SELECT DISTINCT T1.first_name ,  T3.treatment_type_description FROM professionals AS T1 JOIN Treatments AS T2 ON T1.professional_id  =  T2.professional_id JOIN Treatment_types AS T3 ON T2.treatment_type_code  =  T3.treatment_type_code",0,1,,702,486,1244.4689273834229,119.72832679748535,431.2105384542334,1
3000,completed,SambaNova,MiniMax-M2.7,999,"FAIL
result mismatch (order_matters=False)
predicted: SELECT p.first_name, tt.treatment_type_description
FROM Professionals p
JOIN Treatments t ON p.professional_id = t.professional_id
JOIN Treatment_Types tt ON t.treatment_type_code = tt.treatment_type_code
gold: SELECT DISTINCT T1.first_name ,  T3.treatment_type_description FROM professionals AS T1 JOIN Treatments AS T2 ON T1.professional_id  =  T2.professional_id JOIN Treatment_types AS T3 ON T2.treatment_type_code  =  T3.treatment_type_code",0,1,,699,370,973.4137058258057,118.4539794921875,431.5992772927536,1
3001,completed,SambaNova,MiniMax-M2.7,1000,PASS,1,1,,223,134,433.6576461791992,115.08584022521973,417.48829467731684,1
3002,completed,SambaNova,MiniMax-M2.7,1001,PASS,1,1,,224,80,298.7518310546875,117.0811653137207,434.8528127961028,1
3003,completed,SambaNova,MiniMax-M2.7,1002,PASS,1,1,,229,225,654.1571617126465,114.12358283996582,414.7890219485975,1
3004,completed,SambaNova,MiniMax-M2.7,1003,PASS,1,1,,229,122,431.47993087768555,115.64326286315918,383.1094114583137,1
3005,completed,SambaNova,MiniMax-M2.7,1004,PASS,1,1,,227,91,342.09132194519043,116.12391471862793,398.28752785468293,1
3006,completed,SambaNova,MiniMax-M2.7,1005,PASS,1,1,,229,70,294.9872016906738,114.26973342895508,381.8114577616414,1
3007,completed,SambaNova,MiniMax-M2.7,1006,PASS,1,1,,229,163,522.4056243896484,116.42122268676758,399.03010884285027,1
3008,completed,SambaNova,MiniMax-M2.7,1007,"FAIL
result mismatch (order_matters=False)
predicted: SELECT Name FROM singer WHERE Citizenship <> 'French'
gold: SELECT Name FROM singer WHERE Citizenship != ""France""",0,1,,230,185,565.4706954956055,115.30423164367676,408.7376887775503,1
3009,completed,SambaNova,MiniMax-M2.7,1008,PASS,1,1,,235,143,573.1470584869385,212.61119842529297,393.85818646644583,1
3010,completed,SambaNova,MiniMax-M2.7,1009,PASS,1,1,,237,155,479.56299781799316,118.48235130310059,426.49751928382113,1
3011,completed,SambaNova,MiniMax-M2.7,1010,PASS,1,1,,230,214,612.520694732666,117.00558662414551,429.855712801701,1
3012,completed,SambaNova,MiniMax-M2.7,1011,PASS,1,1,,230,171,524.4219303131104,118.01481246948242,418.2997603536324,1
3013,completed,SambaNova,MiniMax-M2.7,1012,PASS,1,1,,231,138,538.9890670776367,183.64548683166504,385.5423528551367,1
3014,completed,SambaNova,MiniMax-M2.7,1013,PASS,1,1,,229,119,390.62976837158203,119.48108673095703,435.18559369724255,1
3015,completed,SambaNova,MiniMax-M2.7,1014,PASS,1,1,,226,290,790.5890941619873,116.14441871643066,428.50067695927567,1
3016,completed,SambaNova,MiniMax-M2.7,1015,PASS,1,1,,225,210,672.1978187561035,183.64548683166504,427.7944988548838,1
3017,completed,SambaNova,MiniMax-M2.7,1016,PASS,1,1,,232,161,520.8714008331299,116.04619026184082,395.2323022921624,1
3018,completed,SambaNova,MiniMax-M2.7,1017,PASS,1,1,,228,174,521.2218761444092,115.63706398010254,426.54457171812413,1
3019,completed,SambaNova,MiniMax-M2.7,1018,PASS,1,1,,226,161,518.7180042266846,114.01128768920898,395.34802231329934,1
3020,completed,SambaNova,MiniMax-M2.7,1019,PASS,1,1,,226,172,521.9695568084717,116.3327693939209,421.5593982240132,1
3021,completed,SambaNova,MiniMax-M2.7,1020,PASS,1,1,,233,245,704.369306564331,118.61729621887207,416.558536190249,1
3022,completed,SambaNova,MiniMax-M2.7,1021,PASS,1,1,,234,242,700.4480361938477,115.70143699645996,412.1443379590272,1
3023,completed,SambaNova,MiniMax-M2.7,1022,PASS,1,1,,229,323,882.3356628417969,116.91498756408691,420.6836977367667,1
3024,completed,SambaNova,MiniMax-M2.7,1023,PASS,1,1,,231,309,837.0676040649414,116.56832695007324,427.4813449270068,1
3025,completed,SambaNova,MiniMax-M2.7,1024,"FAIL
result mismatch (order_matters=False)
predicted: SELECT s.Name, SUM(sg.Sales) AS Total_Sales
FROM singer s
LEFT JOIN song sg ON s.Singer_ID = sg.Singer_ID
GROUP BY s.Singer_ID, s.Name
gold: SELECT T1.Name ,  sum(T2.Sales) FROM singer AS T1 JOIN song AS T2 ON T1.Singer_ID  =  T2.Singer_ID GROUP BY T1.Name",0,1,,230,464,1199.0385055541992,119.53091621398926,428.899254226627,1
3026,completed,SambaNova,MiniMax-M2.7,1025,"FAIL
result mismatch (order_matters=False)
predicted: SELECT s.Name, SUM(sg.Sales) AS Total_Sales
FROM singer s
LEFT JOIN song sg ON s.Singer_ID = sg.Singer_ID
GROUP BY s.Name
gold: SELECT T1.Name ,  sum(T2.Sales) FROM singer AS T1 JOIN song AS T2 ON T1.Singer_ID  =  T2.Singer_ID GROUP BY T1.Name",0,1,,231,498,1241.901159286499,116.9281005859375,441.788357646606,1
3027,completed,SambaNova,MiniMax-M2.7,1026,PASS,1,1,,229,371,973.7837314605713,117.70820617675781,432.20485701578076,1
3028,completed,SambaNova,MiniMax-M2.7,1027,PASS,1,1,,232,357,953.9015293121338,113.37876319885254,423.545933974167,1
3029,completed,SambaNova,MiniMax-M2.7,1028,PASS,1,1,,236,548,1351.84645652771,113.37876319885254,441.67482361185176,1
3030,completed,SambaNova,MiniMax-M2.7,1029,PASS,1,1,,241,508,1286.8690490722656,117.0499324798584,433.40033754692934,1
3031,completed,SambaNova,MiniMax-M2.7,1030,PASS,1,1,,582,652,1687.326431274414,204.3743133544922,438.98922435414295,1
3032,completed,SambaNova,MiniMax-M2.7,1031,PASS,1,1,,584,375,974.6813774108887,119.54903602600098,437.3592038330659,1
3033,completed,SambaNova,MiniMax-M2.7,1032,"FAIL
result mismatch (order_matters=False)
predicted: SELECT p.property_id, r.property_type_description
FROM Properties p
JOIN Ref_Property_Types r ON p.property_type_code = r.property_type_code
gold: SELECT T2.property_type_description FROM Properties AS T1 JOIN Ref_Property_Types AS T2 ON T1.property_type_code  =  T2.property_type_code GROUP BY T1.property_type_code",0,1,,585,453,1240.6659126281738,205.70945739746094,436.7333501961104,1
3034,completed,SambaNova,MiniMax-M2.7,1033,"FAIL
result mismatch (order_matters=False)
predicted: SELECT p.property_name
FROM Properties p
JOIN Ref_Property_Types r ON p.property_type_code = r.property_type_code
WHERE LOWER(r.property_type_description) IN ('house', 'apartment')
  AND p.room_count > 1
gold: SELECT property_name FROM Properties WHERE property_type_code  =  ""House"" UNION SELECT property_name FROM Properties WHERE property_type_code  =  ""Apartment"" AND room_count  >  1",0,1,,592,573,1423.6986637115479,117.93351173400879,438.05733300029067,1
3035,completed,SambaNova,gemma-4-31B-it,500,"FAIL
result mismatch (order_matters=True)
predicted: SELECT
  T1.id,
  T1.name
FROM ship AS T1
JOIN death AS T2
  ON T1.id = T2.caused_by_ship_id
GROUP BY
  T1.id
ORDER BY
  SUM(T2.injured) DESC
LIMIT 1
gold: SELECT T2.id ,  T2.name FROM death AS T1 JOIN ship AS t2 ON T1.caused_by_ship_id  =  T2.id GROUP BY T2.id ORDER BY count(*) DESC LIMIT 1",0,1,,356,76,1258.162498474121,861.9310855865479,189.2833267646059,1
3036,completed,SambaNova,gemma-4-31B-it,501,PASS,1,1,,356,30,1060.6627464294434,861.9310855865479,145.925414586685,1
3037,completed,SambaNova,gemma-4-31B-it,502,PASS,1,1,,358,15,1766.601800918579,1609.813928604126,89.29262061750322,1
3038,completed,SambaNova,gemma-4-31B-it,503,PASS,1,1,,358,31,1818.3350563049316,1609.813928604126,143.87031343435464,1
3039,completed,SambaNova,gemma-4-31B-it,504,PASS,1,1,,358,92,2129.962205886841,1609.813928604126,174.95011321654152,1
3040,completed,SambaNova,gemma-4-31B-it,505,PASS,1,1,,1081,59,1931.9548606872559,1617.5563335418701,184.47923572230778,1
3041,completed,SambaNova,gemma-4-31B-it,506,PASS,1,1,,1081,15,1775.1274108886719,1617.5563335418701,88.84879278439585,1
3042,completed,SambaNova,gemma-4-31B-it,507,PASS,1,1,,1081,16,1775.2714157104492,1617.5563335418701,95.1082153574047,1
3043,completed,SambaNova,gemma-4-31B-it,508,PASS,1,1,,1078,16,1723.4899997711182,1613.2245063781738,136.03530477613424,1
3044,completed,SambaNova,gemma-4-31B-it,509,PASS,1,1,,1078,11,1718.9478874206543,1613.2245063781738,94.58645667018465,1
3045,completed,SambaNova,gemma-4-31B-it,510,PASS,1,1,,1078,11,1719.184398651123,1613.2245063781738,94.37533188727983,1
3046,completed,SambaNova,gemma-4-31B-it,511,"FAIL
result mismatch (order_matters=False)
predicted: SELECT course_description FROM Courses WHERE course_name = 'Math'
gold: SELECT course_description FROM Courses WHERE course_name  =  'math'",0,1,,1081,19,1775.240421295166,1617.7513599395752,114.2936521753611,1
3047,completed,SambaNova,gemma-4-31B-it,512,PASS,1,1,,1081,27,1780.3170680999756,1617.7513599395752,159.93532888465205,1
3048,completed,SambaNova,gemma-4-31B-it,513,PASS,1,1,,1081,19,1775.4828929901123,1617.7513599395752,114.11795505869335,1
3049,completed,SambaNova,gemma-4-31B-it,514,PASS,1,1,,1083,19,1721.6405868530273,1564.0616416931152,114.22845851476849,1
3050,completed,SambaNova,gemma-4-31B-it,515,PASS,1,1,,1083,77,1982.3212623596191,1564.0616416931152,181.7053242646103,1
3051,completed,SambaNova,gemma-4-31B-it,516,PASS,1,1,,1083,77,1982.58376121521,1564.0616416931152,181.5913579114611,1
3052,completed,SambaNova,gemma-4-31B-it,517,PASS,1,1,,1075,22,1781.5766334533691,1619.771957397461,129.7861131821919,1
3053,completed,SambaNova,gemma-4-31B-it,518,PASS,1,1,,1075,22,1781.7034721374512,1619.771957397461,129.68445354024647,1
3054,completed,SambaNova,gemma-4-31B-it,519,PASS,1,1,,1075,21,1777.7783870697021,1619.771957397461,126.57712753516908,1
3055,completed,SambaNova,gemma-4-31B-it,520,"FAIL
result mismatch (order_matters=False)
predicted: SELECT count(*) FROM Degree_Programs
gold: SELECT count(DISTINCT degree_summary_name) FROM Degree_Programs",0,1,,1076,13,1716.8819904327393,1559.2174530029297,76.11096442877816,1
3056,completed,SambaNova,gemma-4-31B-it,521,PASS,1,1,,1076,47,1821.5138912200928,1559.2174530029297,175.37409319266175,1
3057,completed,SambaNova,gemma-4-31B-it,522,PASS,1,1,,1076,47,1821.6946125030518,1559.2174530029297,175.25334428186162,1
3058,completed,SambaNova,gemma-4-31B-it,523,PASS,1,1,,1082,16,1772.0637321472168,1614.271640777588,95.06179853375802,1
3059,completed,SambaNova,gemma-4-31B-it,524,PASS,1,1,,1082,16,1771.8884944915771,1614.271640777588,95.16748778159806,1
3060,completed,SambaNova,gemma-4-31B-it,525,PASS,1,1,,1082,63,1980.604887008667,1614.271640777588,169.2448082118407,1
3061,completed,SambaNova,gemma-4-31B-it,526,"FAIL
result mismatch (order_matters=False)
predicted: SELECT T1.course_name, T1.course_id
FROM Courses AS T1
JOIN Sections AS T2 ON T1.course_id = T2.course_id
GROUP BY T1.course_id
HAVING COUNT(*) < 2
gold: SELECT T1.course_name ,  T1.course_id FROM Courses AS T1 JOIN Sections AS T2 ON T1.course_id  =  T2.course_id GROUP BY T1.course_id HAVING count(*)  <=  2",0,1,,1083,63,1979.1607856750488,1613.6834621429443,169.6411678864496,1
3062,completed,SambaNova,gemma-4-31B-it,527,PASS,1,1,,1083,18,1771.0254192352295,1613.6834621429443,108.04492529623906,1
3063,completed,SambaNova,gemma-4-31B-it,528,PASS,1,1,,1083,18,1771.2297439575195,1613.6834621429443,107.9047998099265,1
3064,completed,SambaNova,gemma-4-31B-it,529,PASS,1,1,,1086,80,2030.4245948791504,1610.870122909546,188.29497783478118,1
3065,completed,SambaNova,gemma-4-31B-it,530,PASS,1,1,,1086,80,2030.6859016418457,1610.870122909546,188.17777702056128,1
3066,completed,SambaNova,gemma-4-31B-it,531,"FAIL
result mismatch (order_matters=False)
predicted: SELECT department_description FROM Departments WHERE department_name LIKE '%the computer%'
gold: SELECT department_description FROM Departments WHERE department_name LIKE '%computer%'",0,1,,1086,20,1769.18625831604,1610.870122909546,120.01303563414686,1
3067,completed,SambaNova,gemma-4-31B-it,532,PASS,1,1,,1097,19,1778.1062126159668,1620.9053993225098,114.50322439743505,1
3068,completed,SambaNova,gemma-4-31B-it,533,"FAIL
result mismatch (order_matters=False)
predicted: SELECT
  T1.first_name,
  T1.middle_name,
  T1.last_name,
  T1.student_id
FROM Students AS T1
JOIN Student_Enrolment AS T2
  ON T1.student_id = T2.student_id
GROUP BY
  T1.student_id,
  T2.semester_id
HAVING
  COUNT(T2.degree_program_id) = 2
gold: SELECT T1.first_name ,  T1.middle_name ,  T1.last_name ,  T1.student_id FROM Students AS T1 JOIN Student_Enrolment AS T2 ON T1.student_id  =  T2.student_id GROUP BY T1.student_id HAVING count(*)  =  2",0,1,,1097,113,2247.16854095459,1620.9053993225098,178.83856250604362,1
3069,completed,SambaNova,gemma-4-31B-it,534,"FAIL
result mismatch (order_matters=False)
predicted: SELECT
  T1.first_name,
  T1.middle_name,
  T1.last_name,
  T1.student_id
FROM Students AS T1
JOIN Student_Enrolment AS T2
  ON T1.student_id = T2.student_id
GROUP BY
  T1.student_id,
  T2.semester_id
HAVING
  COUNT(T2.degree_program_id) = 2
gold: SELECT T1.first_name ,  T1.middle_name ,  T1.last_name ,  T1.student_id FROM Students AS T1 JOIN Student_Enrolment AS T2 ON T1.student_id  =  T2.student_id GROUP BY T1.student_id HAVING count(*)  =  2",0,1,,1097,113,2247.4467754364014,1620.9053993225098,178.75914388077194,1
3070,completed,SambaNova,gemma-4-31B-it,535,"FAIL
result mismatch (order_matters=False)
predicted: SELECT
  T1.first_name,
  T1.middle_name,
  T1.last_name
FROM Students AS T1
JOIN Student_Enrolment AS T2
  ON T1.student_id = T2.student_id
JOIN Degree_Programs AS T3
  ON T2.degree_program_id = T3.degree_program_id
WHERE
  T3.degree_summary_name LIKE '%Bachelor%'
gold: SELECT DISTINCT T1.first_name ,  T1.middle_name ,  T1.last_name FROM Students AS T1 JOIN Student_Enrolment AS T2 ON T1.student_id  =  T2.student_id JOIN Degree_Programs AS T3 ON T2.degree_program_id  =  T3.degree_program_id WHERE T3.degree_summary_name  =  'Bachelor'",0,1,,1087,108,2187.7734661102295,1613.206148147583,186.22709063823962,1
3071,completed,SambaNova,gemma-4-31B-it,536,"FAIL
result mismatch (order_matters=False)
predicted: SELECT
  T1.first_name,
  T1.middle_name,
  T1.last_name
FROM Students AS T1
JOIN Student_Enrolment AS T2
  ON T1.student_id = T2.student_id
JOIN Degree_Programs AS T3
  ON T2.degree_program_id = T3.degree_program_id
WHERE
  T3.degree_summary_name LIKE '%Bachelors%'
gold: SELECT DISTINCT T1.first_name ,  T1.middle_name ,  T1.last_name FROM Students AS T1 JOIN Student_Enrolment AS T2 ON T1.student_id  =  T2.student_id JOIN Degree_Programs AS T3 ON T2.degree_program_id  =  T3.degree_program_id WHERE T3.degree_summary_name  =  'Bachelor'",0,1,,1087,109,2188.0581378936768,1613.206148147583,187.87444755597437,1
3072,completed,SambaNova,gemma-4-31B-it,537,PASS,1,1,,1087,80,2083.2793712615967,1613.206148147583,168.0589238345937,1
3073,completed,SambaNova,gemma-4-31B-it,538,PASS,1,1,,1087,80,2083.5511684417725,1613.206148147583,167.96180801613974,1
3074,completed,SambaNova,gemma-4-31B-it,539,PASS,1,1,,1087,91,1360.335111618042,864.3496036529541,181.45691467730353,1
3075,completed,SambaNova,gemma-4-31B-it,540,PASS,1,1,,1101,91,2090.388774871826,1566.8058395385742,171.89253874883542,1
3076,completed,SambaNova,gemma-4-31B-it,541,PASS,1,1,,1101,112,2196.0160732269287,1566.8058395385742,176.411625331221,1
3077,completed,SambaNova,gemma-4-31B-it,542,"FAIL
result mismatch (order_matters=True)
predicted: SELECT
  T1.first_name,
  T1.middle_name,
  T1.last_name,
  T1.student_id,
  COUNT(*)
FROM Students AS T1
JOIN Student_Enrolment AS T2
  ON T1.student_id = T2.student_id
GROUP BY
  T1.student_id
ORDER BY
  COUNT(*) DESC
LIMIT 1
gold: SELECT T1.student_id ,  T1.first_name ,  T1.middle_name ,  T1.last_name ,  count(*) ,  T1.student_id FROM Students AS T1 JOIN Student_Enrolment AS T2 ON T1.student_id  =  T2.student_id GROUP BY T1.student_id ORDER BY count(*) DESC LIMIT 1",0,1,,1101,102,2194.3395137786865,1566.8058395385742,160.94753818956735,1
3078,completed,SambaNova,gemma-4-31B-it,543,PASS,1,1,,1081,30,1047.170877456665,896.5339660644531,192.51589621678428,1
3079,completed,SambaNova,gemma-4-31B-it,544,PASS,1,1,,1083,30,1823.486089706421,1612.696886062622,137.57820371581042,1
3080,completed,SambaNova,gemma-4-31B-it,545,PASS,1,1,,1083,44,1927.011489868164,1612.696886062622,136.8056064827422,1
3081,completed,SambaNova,gemma-4-31B-it,546,PASS,1,1,,1083,44,1926.8443584442139,1612.696886062622,136.87838922914628,1
3082,completed,SambaNova,gemma-4-31B-it,547,"FAIL
result mismatch (order_matters=True)
predicted: SELECT
  T1.course_name
FROM Courses AS T1
JOIN Student_Enrolment_Courses AS T2
  ON T1.course_id = T2.course_id
GROUP BY
  T1.course_id
ORDER BY
  COUNT(*) DESC
LIMIT 1
gold: SELECT  T1.course_name FROM Courses AS T1 JOIN Student_Enrolment_Courses AS T2 ON T1.course_id  =  T2.course_id GROUP BY T1.course_name ORDER BY count(*) DESC LIMIT 1",0,1,,1083,72,2031.7943096160889,1612.696886062622,169.41168332174703,1
3083,completed,SambaNova,gemma-4-31B-it,548,"FAIL
result mismatch (order_matters=True)
predicted: SELECT
  T1.course_name
FROM Courses AS T1
JOIN Student_Enrolment_Courses AS T2
  ON T1.course_id = T2.course_id
GROUP BY
  T1.course_id
ORDER BY
  COUNT(*) DESC
LIMIT 1
gold: SELECT  T1.course_name FROM Courses AS T1 JOIN Student_Enrolment_Courses AS T2 ON T1.course_id  =  T2.course_id GROUP BY T1.course_name ORDER BY count(*) DESC LIMIT 1",0,1,,1092,72,2089.846134185791,1619.2150115966797,150.86125118416186,1
3084,completed,SambaNova,gemma-4-31B-it,549,"FAIL
result mismatch (order_matters=False)
predicted: SELECT
  T1.last_name
FROM Students AS T1
JOIN Addresses AS T2
  ON T1.current_address_id = T2.address_id
WHERE
  T2.state_province_county = 'North Carolina'
  AND T1.student_id NOT IN (
    SELECT
      student_id
    FROM Student_Enrolment
  )
gold: SELECT T1.last_name FROM Students AS T1 JOIN Addresses AS T2 ON T1.current_address_id  =  T2.address_id WHERE T2.state_province_county  =  'NorthCarolina' EXCEPT SELECT DISTINCT T3.last_name FROM Students AS T3 JOIN Student_Enrolment AS T4 ON T3.student_id  =  T4.student_id",0,1,,1092,92,2142.7712440490723,1619.2150115966797,173.81132027355764,1
3085,completed,SambaNova,gemma-4-31B-it,550,"FAIL
result mismatch (order_matters=False)
predicted: SELECT
  T1.last_name
FROM Students AS T1
JOIN Addresses AS T2
  ON T1.current_address_id = T2.address_id
WHERE
  T2.state_province_county = 'North Carolina'
  AND T1.student_id NOT IN (
    SELECT
      student_id
    FROM Student_Enrolment
  )
gold: SELECT T1.last_name FROM Students AS T1 JOIN Addresses AS T2 ON T1.current_address_id  =  T2.address_id WHERE T2.state_province_county  =  'NorthCarolina' EXCEPT SELECT DISTINCT T3.last_name FROM Students AS T3 JOIN Student_Enrolment AS T4 ON T3.student_id  =  T4.student_id",0,1,,1092,92,2142.5061225891113,1619.2150115966797,173.8993804565431,1
3086,completed,SambaNova,gemma-4-31B-it,551,PASS,1,1,,1092,76,2090.3098583221436,1619.2150115966797,159.20360946700643,1
3087,completed,SambaNova,gemma-4-31B-it,552,PASS,1,1,,1087,76,2035.1767539978027,1616.774559020996,179.2533617185194,1
3088,completed,SambaNova,gemma-4-31B-it,553,PASS,1,1,,1087,31,1826.7884254455566,1616.774559020996,142.84771053808655,1
3089,completed,SambaNova,gemma-4-31B-it,554,"FAIL
result mismatch (order_matters=False)
predicted: SELECT cell_mobile_number FROM Students WHERE first_name = 'Timmothy' AND last_name = 'Ward'
gold: select cell_mobile_number from students where first_name  =  'timmothy' and last_name  =  'ward'",0,1,,1087,31,1827.0456790924072,1616.774559020996,142.67294524236883,1
3090,completed,SambaNova,gemma-4-31B-it,555,PASS,1,1,,1087,42,1930.35888671875,1616.774559020996,130.7463300255157,1
3091,completed,SambaNova,gemma-4-31B-it,556,PASS,1,1,,1087,31,1824.7978687286377,1614.9647235870361,142.97073982165745,1
3092,completed,SambaNova,gemma-4-31B-it,557,PASS,1,1,,1087,55,1930.5267333984375,1614.9647235870361,171.12326047192315,1
3093,completed,SambaNova,gemma-4-31B-it,558,PASS,1,1,,1087,55,1930.3603172302246,1614.9647235870361,171.21355240330647,1
3094,completed,SambaNova,gemma-4-31B-it,559,PASS,1,1,,1087,42,1928.9069175720215,1614.9647235870361,130.5972907928422,1
3095,completed,SambaNova,gemma-4-31B-it,560,PASS,1,1,,1088,36,1883.3725452423096,1621.5081214904785,133.6569492661191,1
3096,completed,SambaNova,gemma-4-31B-it,561,"FAIL
result mismatch (order_matters=True)
predicted: SELECT
  T1.address_id,
  T1.line_1,
  T1.line_2,
  T1.line_3
FROM Addresses AS T1
JOIN Students AS T2
  ON T1.address_id = T2.current_address_id
GROUP BY
  T1.address_id
ORDER BY
  COUNT(*) DESC
LIMIT 1
gold: SELECT T1.address_id ,  T1.line_1 ,  T1.line_2 FROM Addresses AS T1 JOIN Students AS T2 ON T1.address_id  =  T2.current_address_id GROUP BY T1.address_id ORDER BY count(*) DESC LIMIT 1",0,1,,1088,95,2145.970344543457,1621.5081214904785,179.23121221736614,1
3097,completed,SambaNova,gemma-4-31B-it,562,PASS,1,1,,1088,86,2144.3145275115967,1621.5081214904785,162.5840827906124,1
3098,completed,SambaNova,gemma-4-31B-it,563,PASS,1,1,,1088,16,1779.2551517486572,1621.5081214904785,95.08895334162587,1
3099,completed,SambaNova,gemma-4-31B-it,564,"FAIL
result mismatch (order_matters=False)
predicted: SELECT AVG(strftime('%s', transcript_date)) FROM Transcripts
gold: SELECT avg(transcript_date) FROM Transcripts",0,1,,1085,20,1775.8944034576416,1618.0663108825684,120.38414511638587,1
3100,completed,SambaNova,gemma-4-31B-it,565,PASS,1,1,,1085,35,1829.4217586517334,1618.0663108825684,160.86644729940247,1
3101,completed,SambaNova,gemma-4-31B-it,566,PASS,1,1,,1085,26,1827.7907371520996,1618.0663108825684,119.20404525446543,1
3102,completed,SambaNova,gemma-4-31B-it,567,PASS,1,1,,1085,12,1776.2038707733154,1618.0663108825684,69.55969225527193,1
3103,completed,SambaNova,gemma-4-31B-it,568,PASS,1,1,,1089,12,1772.6657390594482,1614.8393154144287,69.69682101357762,1
3104,completed,SambaNova,gemma-4-31B-it,569,PASS,1,1,,1089,16,1772.9763984680176,1614.8393154144287,94.85441182013494,1
3105,completed,SambaNova,gemma-4-31B-it,570,PASS,1,1,,1089,16,1772.8755474090576,1614.8393154144287,94.91494330559462,1
3106,completed,SambaNova,gemma-4-31B-it,571,PASS,1,1,,1089,34,1825.2456188201904,1614.8393154144287,156.83940768808895,1
3107,completed,SambaNova,gemma-4-31B-it,572,"FAIL
result mismatch (order_matters=True)
predicted: SELECT
  COUNT(*),
  T2.student_enrolment_id
FROM Transcript_Contents AS T1
JOIN Student_Enrolment_Courses AS T2
  ON T1.student_course_id = T2.student_course_id
GROUP BY
  T2.course_id
ORDER BY
  COUNT(*) DESC
LIMIT 1
gold: SELECT count(*) ,  student_course_id FROM Transcript_Contents GROUP BY student_course_id ORDER BY count(*) DESC LIMIT 1",0,1,,1092,87,2136.0924243927,1615.671157836914,165.25074113354148,1
3108,completed,SambaNova,gemma-4-31B-it,573,PASS,1,1,,1092,78,2084.974527359009,1615.671157836914,164.07297496800703,1
3109,completed,SambaNova,gemma-4-31B-it,574,PASS,1,1,,1092,78,2084.5987796783447,1615.671157836914,164.2044452353412,1
3110,completed,SambaNova,gemma-4-31B-it,575,"FAIL
result mismatch (order_matters=False)
predicted: SELECT
  T1.semester_name
FROM Semesters AS T1
JOIN Student_Enrolment AS T2
  ON T1.semester_id = T2.semester_id
JOIN Degree_Programs AS T3
  ON T2.degree_program_id = T3.degree_program_id
WHERE
  T3.degree_summary_name LIKE '%Master%'
INTERSECT
SELECT
  T1.semester_name
FROM Semesters AS T1
JOIN Student_Enrolment AS T2
  ON T1.semester_id = T2.semester_id
JOIN Degree_Programs AS T3
  ON T2.degree_program_id = T3.degree_program_id
WHERE
  T3.degree_summary_name LIKE '%Bachelor%'
gold: SELECT DISTINCT T2.semester_id FROM Degree_Programs AS T1 JOIN Student_Enrolment AS T2 ON T1.degree_program_id  =  T2.degree_program_id WHERE degree_summary_name  =  'Master' INTERSECT SELECT DISTINCT T2.semester_id FROM Degree_Programs AS T1 JOIN Student_Enrolment AS T2 ON T1.degree_program_id  =  T2.degree_program_id WHERE degree_summary_name  =  'Bachelor'",0,1,,1092,182,2603.829860687256,1615.671157836914,183.1689580609935,1
3111,completed,SambaNova,gemma-4-31B-it,576,"FAIL
result mismatch (order_matters=False)
predicted: SELECT
  T1.semester_id
FROM Student_Enrolment AS T1
JOIN Degree_Programs AS T2
  ON T1.degree_program_id = T2.degree_program_id
WHERE
  T2.degree_summary_name LIKE '%Masters%'
INTERSECT
SELECT
  T1.semester_id
FROM Student_Enrolment AS T1
JOIN Degree_Programs AS T2
  ON T1.degree_program_id = T2.degree_program_id
WHERE
  T2.degree_summary_name LIKE '%Bachelors%'
gold: SELECT DISTINCT T2.semester_id FROM Degree_Programs AS T1 JOIN Student_Enrolment AS T2 ON T1.degree_program_id  =  T2.degree_program_id WHERE degree_summary_name  =  'Master' INTERSECT SELECT DISTINCT T2.semester_id FROM Degree_Programs AS T1 JOIN Student_Enrolment AS T2 ON T1.degree_program_id  =  T2.degree_program_id WHERE degree_summary_name  =  'Bachelor'",0,1,,1083,137,2354.2890548706055,1622.706651687622,185.89840243325764,1
3112,completed,SambaNova,gemma-4-31B-it,577,PASS,1,1,,1083,19,1780.515193939209,1622.706651687622,114.06226648557102,1
3113,completed,SambaNova,gemma-4-31B-it,578,"FAIL
result mismatch (order_matters=False)
predicted: SELECT DISTINCT T1.* FROM Addresses AS T1 JOIN Students AS T2 ON T1.address_id = T2.current_address_id OR T1.address_id = T2.permanent_address_id
gold: SELECT count(DISTINCT current_address_id) FROM Students",0,1,,1083,53,1988.8689517974854,1622.706651687622,142.0135278383327,1
3114,completed,SambaNova,gemma-4-31B-it,579,"FAIL
result mismatch (order_matters=True)
predicted: SELECT * FROM Students ORDER BY student_id DESC
gold: SELECT other_student_details FROM Students ORDER BY other_student_details DESC",0,1,,1083,16,1780.8334827423096,1622.706651687622,94.86056161343241,1
3115,completed,SambaNova,gemma-4-31B-it,580,PASS,1,1,,1081,22,1046.9634532928467,896.942138671875,139.980109180195,1
3116,completed,SambaNova,gemma-4-31B-it,581,PASS,1,1,,1100,19,2090.0118350982666,1932.4910640716553,114.27064432638605,1
3117,completed,SambaNova,gemma-4-31B-it,582,PASS,1,1,,1100,19,2090.2044773101807,1932.4910640716553,114.13106615590675,1
3118,completed,SambaNova,gemma-4-31B-it,583,"FAIL
result mismatch (order_matters=False)
predicted: SELECT
  T1.first_name
FROM Students AS T1
JOIN Addresses AS T2
  ON T1.permanent_address_id = T2.address_id
WHERE
  T2.country = 'Haiti' OR T1.cell_mobile_number = '09700166582'
gold: select t1.first_name from students as t1 join addresses as t2 on t1.permanent_address_id  =  t2.address_id where t2.country  =  'haiti' or t1.cell_mobile_number  =  '09700166582'",0,1,,1100,80,2350.3670692443848,1932.4910640716553,189.05129517390037,1
3119,completed,SambaNova,gemma-4-31B-it,584,"FAIL
result mismatch (order_matters=False)
predicted: SELECT
  T1.first_name
FROM Students AS T1
JOIN Addresses AS T2
  ON T1.permanent_address_id = T2.address_id
WHERE
  T2.country = 'Haiti' OR T1.cell_mobile_number = '09700166582'
gold: select t1.first_name from students as t1 join addresses as t2 on t1.permanent_address_id  =  t2.address_id where t2.country  =  'haiti' or t1.cell_mobile_number  =  '09700166582'",0,1,,1099,80,1254.4574737548828,856.9564819335938,198.7416424749886,1
3120,completed,SambaNova,gemma-4-31B-it,585,PASS,1,1,,412,14,1674.7817993164062,1568.4168338775635,122.22069500388903,1
3121,completed,SambaNova,gemma-4-31B-it,586,PASS,1,1,,412,14,1674.673080444336,1568.4168338775635,122.34574832107093,1
3122,completed,SambaNova,gemma-4-31B-it,587,PASS,1,1,,412,18,1674.9420166015625,1568.4168338775635,159.58667767832964,1
3123,completed,SambaNova,gemma-4-31B-it,588,PASS,1,1,,416,18,1770.8487510681152,1613.0433082580566,107.7275897287138,1
3124,completed,SambaNova,gemma-4-31B-it,589,PASS,1,1,,416,20,1771.1198329925537,1613.0433082580566,120.1949500845373,1
3125,completed,SambaNova,gemma-4-31B-it,590,PASS,1,1,,416,20,1771.2883949279785,1613.0433082580566,120.06691897885881,1
3126,completed,SambaNova,gemma-4-31B-it,591,PASS,1,1,,416,21,1771.5082168579102,1613.0433082580566,126.21090799668998,1
3127,completed,SambaNova,gemma-4-31B-it,592,PASS,1,1,,422,21,1764.8777961730957,1606.9457530975342,126.63674584663693,1
3128,completed,SambaNova,gemma-4-31B-it,593,PASS,1,1,,422,28,1769.9618339538574,1606.9457530975342,165.6278316726119,1
3129,completed,SambaNova,gemma-4-31B-it,594,PASS,1,1,,422,28,1769.822597503662,1606.9457530975342,165.76941982419802,1
3130,completed,SambaNova,gemma-4-31B-it,595,PASS,1,1,,422,26,1770.1423168182373,1606.9457530975342,153.18950001168744,1
3131,completed,SambaNova,gemma-4-31B-it,596,PASS,1,1,,420,26,1772.6378440856934,1608.7062358856201,152.50262151694568,1
3132,completed,SambaNova,gemma-4-31B-it,597,PASS,1,1,,420,25,1772.435188293457,1608.7062358856201,146.58372662287454,1
3133,completed,SambaNova,gemma-4-31B-it,598,PASS,1,1,,420,25,1772.2928524017334,1608.7062358856201,146.71126838567506,1
3134,completed,SambaNova,gemma-4-31B-it,599,PASS,1,1,,420,20,1767.0016288757324,1608.7062358856201,120.02876167840721,1
3135,completed,SambaNova,gemma-4-31B-it,600,PASS,1,1,,418,20,1776.9019603729248,1618.9601421356201,120.29746277488618,1
3136,completed,SambaNova,gemma-4-31B-it,601,PASS,1,1,,418,22,1782.8876972198486,1618.9601421356201,128.10536940668624,1
3137,completed,SambaNova,gemma-4-31B-it,602,PASS,1,1,,418,22,1782.7610969543457,1618.9601421356201,128.20438087946542,1
3138,completed,SambaNova,gemma-4-31B-it,603,PASS,1,1,,418,18,1777.1191596984863,1618.9601421356201,107.48675770727215,1
3139,completed,SambaNova,gemma-4-31B-it,604,PASS,1,1,,421,18,1718.5208797454834,1560.8549118041992,107.82288798259184,1
3140,completed,SambaNova,gemma-4-31B-it,605,PASS,1,1,,421,26,1769.9499130249023,1560.8549118041992,119.56287741959024,1
3141,completed,SambaNova,gemma-4-31B-it,606,PASS,1,1,,421,34,1771.3978290557861,1560.8549118041992,156.73764014852546,1
3142,completed,SambaNova,gemma-4-31B-it,607,PASS,1,1,,421,18,1718.7848091125488,1560.8549118041992,107.64269647315996,1
3143,completed,SambaNova,gemma-4-31B-it,608,PASS,1,1,,429,18,1014.5928859710693,865.1437759399414,113.75109558336723,1
3144,completed,SambaNova,gemma-4-31B-it,609,PASS,1,1,,429,57,1163.339614868164,865.1437759399414,187.79604772915528,1
3145,completed,SambaNova,gemma-4-31B-it,610,"FAIL
result mismatch (order_matters=False)
predicted: SELECT
  T1.series_name
FROM TV_Channel AS T1
JOIN Cartoon AS T2
  ON T1.id = T2.Channel
WHERE
  T2.Title = 'The Rise of the Blue Beetle'
gold: SELECT T1.series_name FROM TV_Channel AS T1 JOIN Cartoon AS T2 ON T1.id = T2.Channel WHERE T2.Title = ""The Rise of the Blue Beetle!"";",0,1,,423,57,1110.4798316955566,809.4029426574707,185.99899905607185,1
3146,completed,SambaNova,gemma-4-31B-it,611,PASS,1,1,,423,44,1107.4082851409912,809.4029426574707,144.2927151629098,1
3147,completed,SambaNova,gemma-4-31B-it,612,PASS,1,1,,425,44,1872.9732036590576,1610.565423965454,163.86709285147072,1
3148,completed,SambaNova,gemma-4-31B-it,613,PASS,1,1,,425,15,1768.0761814117432,1610.565423965454,88.88281808164106,1
3149,completed,SambaNova,gemma-4-31B-it,614,PASS,1,1,,425,15,1768.5117721557617,1610.565423965454,88.63769349786784,1
3150,completed,SambaNova,gemma-4-31B-it,615,PASS,1,1,,425,21,1768.3534622192383,1610.565423965454,126.75232052655517,1
3151,completed,SambaNova,gemma-4-31B-it,616,"FAIL
result mismatch (order_matters=True)
predicted: SELECT Rating FROM TV_series ORDER BY Rating DESC LIMIT 3
gold: SELECT Episode ,  Rating FROM TV_series ORDER BY Rating DESC LIMIT 3;",0,1,,421,19,1767.9824829101562,1610.7354164123535,114.4695440169087,1
3152,completed,SambaNova,gemma-4-31B-it,617,PASS,1,1,,421,19,1768.2454586029053,1610.7354164123535,114.27842790000682,1
3153,completed,SambaNova,gemma-4-31B-it,618,PASS,1,1,,421,19,1768.1453227996826,1610.7354164123535,114.35112575258435,1
3154,completed,SambaNova,gemma-4-31B-it,619,PASS,1,1,,421,23,1774.0678787231445,1610.7354164123535,134.69459584915907,1
3155,completed,SambaNova,gemma-4-31B-it,620,PASS,1,1,,428,23,1770.3948020935059,1560.75119972229,104.94000175137523,1
3156,completed,SambaNova,gemma-4-31B-it,621,PASS,1,1,,428,23,1770.0836658477783,1560.75119972229,105.09597678370486,1
3157,completed,SambaNova,gemma-4-31B-it,622,PASS,1,1,,428,23,1770.2436447143555,1560.75119972229,105.01572026061969,1
3158,completed,SambaNova,gemma-4-31B-it,623,PASS,1,1,,428,58,1875.267505645752,1560.75119972229,181.23066730241658,1
3159,completed,SambaNova,gemma-4-31B-it,624,PASS,1,1,,421,49,1922.3787784576416,1608.804702758789,153.0738786139254,1
3160,completed,SambaNova,gemma-4-31B-it,625,PASS,1,1,,421,55,1925.3036975860596,1608.804702758789,170.61665560571694,1
3161,completed,SambaNova,gemma-4-31B-it,626,PASS,1,1,,421,46,1922.0056533813477,1608.804702758789,143.67772482986464,1
3162,completed,SambaNova,gemma-4-31B-it,627,PASS,1,1,,421,20,1766.4942741394043,1608.804702758789,120.48989564528469,1
3163,completed,SambaNova,gemma-4-31B-it,628,PASS,1,1,,419,20,1769.7012424468994,1611.5424633026123,120.13243970899926,1
3164,completed,SambaNova,gemma-4-31B-it,629,PASS,1,1,,419,25,1774.163007736206,1611.5424633026123,147.58282899366642,1
3165,completed,SambaNova,gemma-4-31B-it,630,PASS,1,1,,419,25,1773.850440979004,1611.5424633026123,147.86703859899615,1
3166,completed,SambaNova,gemma-4-31B-it,631,"FAIL
result mismatch (order_matters=False)
predicted: SELECT Package_Option, series_name FROM TV_Channel WHERE Hight_definition_TV = 'Yes'
gold: SELECT package_option ,  series_name FROM TV_Channel WHERE hight_definition_TV  =  ""yes""",0,1,,419,27,1774.0495204925537,1611.5424633026123,159.993051683969,1
3167,completed,SambaNova,gemma-4-31B-it,632,"FAIL
result mismatch (order_matters=False)
predicted: SELECT Package_Option, series_name FROM TV_Channel WHERE Hight_definition_TV = 'Yes'
gold: SELECT package_option ,  series_name FROM TV_Channel WHERE hight_definition_TV  =  ""yes""",0,1,,423,27,958.1015110015869,807.5740337371826,172.7259399579953,1
3168,completed,SambaNova,gemma-4-31B-it,633,PASS,1,1,,418,45,1870.1324462890625,1557.0318698883057,140.5299233422096,1
3169,completed,SambaNova,gemma-4-31B-it,634,PASS,1,1,,418,45,1870.3091144561768,1557.0318698883057,140.4506735262333,1
3170,completed,SambaNova,gemma-4-31B-it,635,"FAIL
result mismatch (order_matters=False)
predicted: SELECT Country FROM TV_Channel WHERE id NOT IN (
    SELECT T1.id FROM TV_Channel AS T1 
    JOIN Cartoon AS T2 ON T1.id = T2.Channel 
    WHERE T2.Written_by = 'Todd Casey'
)
gold: SELECT country FROM TV_Channel EXCEPT SELECT T1.country FROM TV_Channel AS T1 JOIN cartoon AS T2 ON T1.id = T2.Channel WHERE T2.written_by  =  'Todd Casey'",0,1,,418,65,1922.7213859558105,1557.0318698883057,175.01185346583972,1
3171,completed,SambaNova,gemma-4-31B-it,636,"FAIL
result mismatch (order_matters=False)
predicted: SELECT Country FROM TV_Channel WHERE id NOT IN (SELECT Channel FROM Cartoon WHERE Written_by = 'Todd Casey')
gold: SELECT country FROM TV_Channel EXCEPT SELECT T1.country FROM TV_Channel AS T1 JOIN cartoon AS T2 ON T1.id = T2.Channel WHERE T2.written_by  =  'Todd Casey'",0,1,,428,29,1770.7552909851074,1560.7585906982422,133.3354284222119,1
3172,completed,SambaNova,gemma-4-31B-it,637,"FAIL
result mismatch (order_matters=False)
predicted: SELECT
  T1.series_name,
  T1.Country
FROM TV_Channel AS T1
JOIN Cartoon AS T2
  ON T1.id = T2.Channel
WHERE
  T2.Directed_by = 'Ben Jones' OR T2.Directed_by = 'Michael Chang'
gold: SELECT T1.series_name ,  T1.country FROM TV_Channel AS T1 JOIN cartoon AS T2 ON T1.id = T2.Channel WHERE T2.directed_by  =  'Michael Chang' INTERSECT SELECT T1.series_name ,  T1.country FROM TV_Channel AS T1 JOIN cartoon AS T2 ON T1.id = T2.Channel WHERE T2.directed_by  =  'Ben Jones'",0,1,,428,74,2030.3657054901123,1560.7585906982422,155.44909287065124,1
3173,completed,SambaNova,gemma-4-31B-it,638,PASS,1,1,,428,124,2238.8558387756348,1560.7585906982422,181.38991176964896,1
3174,completed,SambaNova,gemma-4-31B-it,639,PASS,1,1,,428,25,1771.1048126220703,1560.7585906982422,114.09760432346167,1
3175,completed,SambaNova,gemma-4-31B-it,640,PASS,1,1,,422,25,1815.0322437286377,1605.6289672851562,114.61138721235659,1
3176,completed,SambaNova,gemma-4-31B-it,641,"FAIL
result mismatch (order_matters=False)
predicted: SELECT id FROM TV_Channel WHERE Country IN (SELECT Country FROM TV_Channel GROUP BY Country HAVING COUNT(*) > 2)
gold: SELECT id FROM tv_channel GROUP BY country HAVING count(*)  >  2",0,1,,422,31,1815.319538116455,1605.6289672851562,143.06794950801927,1
3177,completed,SambaNova,gemma-4-31B-it,642,"FAIL
result mismatch (order_matters=False)
predicted: SELECT id FROM TV_Channel GROUP BY id HAVING COUNT(*) > 2
gold: SELECT id FROM tv_channel GROUP BY country HAVING count(*)  >  2",0,1,,422,21,1763.923168182373,1605.6289672851562,126.34701642030684,1
3178,completed,SambaNova,gemma-4-31B-it,643,PASS,1,1,,422,29,1815.5367374420166,1605.6289672851562,133.3919176935475,1
3179,completed,SambaNova,gemma-4-31B-it,644,PASS,1,1,,422,29,1827.2173404693604,1617.3243522644043,133.40131197073907,1
3180,completed,SambaNova,gemma-4-31B-it,645,PASS,1,1,,422,31,1827.486515045166,1617.3243522644043,142.74691316008006,1
3181,completed,SambaNova,gemma-4-31B-it,646,PASS,1,1,,422,31,1827.6910781860352,1617.3243522644043,142.6081043404938,1
3182,completed,SambaNova,gemma-4-31B-it,647,PASS,1,1,,422,13,1774.9342918395996,1617.3243522644043,76.13733012234822,1
3183,completed,SambaNova,gemma-4-31B-it,648,PASS,1,1,,259,13,910.7577800750732,810.1558685302734,119.28202770437606,1
3184,completed,SambaNova,gemma-4-31B-it,649,PASS,1,1,,266,16,1667.560338973999,1559.4596862792969,138.75956921706106,1
3185,completed,SambaNova,gemma-4-31B-it,650,PASS,1,1,,266,16,1667.8779125213623,1559.4596862792969,138.35312124097558,1
3186,completed,SambaNova,gemma-4-31B-it,651,PASS,1,1,,266,20,1667.7789688110352,1559.4596862792969,175.40736566855372,1
3187,completed,SambaNova,gemma-4-31B-it,652,PASS,1,1,,266,20,1667.9813861846924,1559.4596862792969,175.08019148763216,1
3188,completed,SambaNova,gemma-4-31B-it,653,PASS,1,1,,266,15,1765.0773525238037,1607.088565826416,88.61388388794738,1
3189,completed,SambaNova,gemma-4-31B-it,654,PASS,1,1,,266,15,1765.5367851257324,1607.088565826416,88.35694122603749,1
3190,completed,SambaNova,gemma-4-31B-it,655,PASS,1,1,,266,21,1765.709400177002,1607.088565826416,126.08684150403424,1
3191,completed,SambaNova,gemma-4-31B-it,656,PASS,1,1,,266,21,1765.3727531433105,1607.088565826416,126.35500954974604,1
3192,completed,SambaNova,gemma-4-31B-it,657,PASS,1,1,,276,29,1817.4951076507568,1608.0243587493896,133.67021480017846,1
3193,completed,SambaNova,gemma-4-31B-it,658,PASS,1,1,,276,29,1817.6820278167725,1608.0243587493896,133.55104120231803,1
3194,completed,SambaNova,gemma-4-31B-it,659,PASS,1,1,,276,37,1821.9842910766602,1608.0243587493896,168.2558019551756,1
3195,completed,SambaNova,gemma-4-31B-it,660,PASS,1,1,,276,37,1822.1242427825928,1608.0243587493896,168.14581737193765,1
3196,completed,SambaNova,gemma-4-31B-it,661,PASS,1,1,,272,50,1822.8023052215576,1559.7186088562012,186.25251460642184,1
3197,completed,SambaNova,gemma-4-31B-it,662,PASS,1,1,,272,50,1823.0020999908447,1559.7186088562012,186.11117540575808,1
3198,completed,SambaNova,gemma-4-31B-it,663,PASS,1,1,,272,48,1823.3528137207031,1559.7186088562012,178.2773218830092,1
3199,completed,SambaNova,gemma-4-31B-it,664,PASS,1,1,,272,48,1823.2014179229736,1559.7186088562012,178.37975906841476,1
3200,completed,SambaNova,gemma-4-31B-it,665,PASS,1,1,,266,59,1926.7890453338623,1610.8253002166748,183.56536436953687,1
3201,completed,SambaNova,gemma-4-31B-it,666,PASS,1,1,,266,59,1926.9928932189941,1610.8253002166748,183.4470112804209,1
3202,completed,SambaNova,gemma-4-31B-it,667,PASS,1,1,,266,59,1927.1869659423828,1610.8253002166748,183.3344753289015,1
3203,completed,SambaNova,gemma-4-31B-it,668,PASS,1,1,,266,59,1927.3467063903809,1610.8253002166748,183.241950998315,1
3204,completed,SambaNova,gemma-4-31B-it,669,PASS,1,1,,269,59,1932.919979095459,1612.9050254821777,181.24153057575396,1
3205,completed,SambaNova,gemma-4-31B-it,670,PASS,1,1,,269,59,1932.744026184082,1612.9050254821777,181.34123691205826,1
3206,completed,SambaNova,gemma-4-31B-it,671,PASS,1,1,,269,44,1927.0343780517578,1612.9050254821777,136.88628473671668,1
3207,completed,SambaNova,gemma-4-31B-it,672,PASS,1,1,,269,44,1927.3178577423096,1612.9050254821777,136.7628658502832,1
3208,completed,SambaNova,gemma-4-31B-it,673,PASS,1,1,,268,16,1762.8319263458252,1606.2517166137695,95.79754699312518,1
3209,completed,SambaNova,gemma-4-31B-it,674,PASS,1,1,,268,16,1762.9778385162354,1606.2517166137695,95.70835938462662,1
3210,completed,SambaNova,gemma-4-31B-it,675,PASS,1,1,,268,21,1763.1313800811768,1606.2517166137695,127.48625002089662,1
3211,completed,SambaNova,gemma-4-31B-it,676,PASS,1,1,,268,21,1763.24462890625,1606.2517166137695,127.39428620025635,1
3212,completed,SambaNova,gemma-4-31B-it,677,PASS,1,1,,270,19,1721.116304397583,1613.370656967163,167.06011267530835,1
3213,completed,SambaNova,gemma-4-31B-it,678,PASS,1,1,,270,19,1721.2586402893066,1613.370656967163,166.83971139078264,1
3214,completed,SambaNova,gemma-4-31B-it,679,PASS,1,1,,270,18,1721.4133739471436,1613.370656967163,157.34517304993335,1
3215,completed,SambaNova,gemma-4-31B-it,680,PASS,1,1,,270,17,1721.5232849121094,1613.370656967163,147.9390774317994,1
3216,completed,SambaNova,gemma-4-31B-it,681,PASS,1,1,,264,15,1767.5585746765137,1608.3548069000244,87.9376172783486,1
3217,completed,SambaNova,gemma-4-31B-it,682,PASS,1,1,,264,15,1767.3516273498535,1608.3548069000244,88.05207525780462,1
3218,completed,SambaNova,gemma-4-31B-it,683,PASS,1,1,,264,25,1773.0913162231445,1608.3548069000244,145.6871952587361,1
3219,completed,SambaNova,gemma-4-31B-it,684,PASS,1,1,,264,25,1773.2219696044922,1608.3548069000244,145.57174155426657,1
3220,completed,SambaNova,gemma-4-31B-it,685,PASS,1,1,,291,15,1766.2286758422852,1608.5803508758545,88.80525690952399,1
3221,completed,SambaNova,gemma-4-31B-it,686,PASS,1,1,,291,15,1766.01243019104,1608.5803508758545,88.92723808831502,1
3222,completed,SambaNova,gemma-4-31B-it,687,"FAIL
result mismatch (order_matters=False)
predicted: SELECT count(DISTINCT state) FROM AREA_CODE_STATE
gold: SELECT count(*) FROM area_code_state",0,1,,291,19,1766.366720199585,1608.5803508758545,114.07829508434521,1
3223,completed,SambaNova,gemma-4-31B-it,688,PASS,1,1,,291,24,1772.7906703948975,1608.5803508758545,140.06427895253415,1
3224,completed,SambaNova,gemma-4-31B-it,689,PASS,1,1,,295,19,1773.5331058502197,1615.9038543701172,114.19200326705942,1
3225,completed,SambaNova,gemma-4-31B-it,690,PASS,1,1,,295,25,1778.2227993011475,1615.9038543701172,147.85704780300082,1
3226,completed,SambaNova,gemma-4-31B-it,691,PASS,1,1,,295,19,1773.737907409668,1615.9038543701172,114.0438305508728,1
3227,completed,SambaNova,gemma-4-31B-it,692,PASS,1,1,,295,24,1778.411626815796,1615.9038543701172,141.53169201607378,1
3228,completed,SambaNova,gemma-4-31B-it,693,PASS,1,1,,301,14,1763.4620666503906,1606.0552597045898,82.58855034443482,1
3229,completed,SambaNova,gemma-4-31B-it,694,PASS,1,1,,301,71,2023.1599807739258,1606.0552597045898,167.82356195954875,1
3230,completed,SambaNova,gemma-4-31B-it,695,PASS,1,1,,301,83,2075.3259658813477,1606.0552597045898,174.7392260387834,1
3231,completed,SambaNova,gemma-4-31B-it,696,PASS,1,1,,301,23,1815.3698444366455,1606.0552597045898,105.1049549564942,1
3232,completed,SambaNova,gemma-4-31B-it,697,PASS,1,1,,304,27,1820.7335472106934,1610.8741760253906,123.8924897808942,1
3233,completed,SambaNova,gemma-4-31B-it,698,PASS,1,1,,304,67,2029.0684700012207,1610.8741760253906,157.82137860497573,1
3234,completed,SambaNova,gemma-4-31B-it,699,PASS,1,1,,304,79,2080.6663036346436,1610.8741760253906,166.03087922511142,1
3235,completed,SambaNova,gemma-4-31B-it,700,PASS,1,1,,304,173,2549.1976737976074,1610.8741760253906,183.30565141805064,1
3236,completed,SambaNova,gemma-4-31B-it,701,PASS,1,1,,403,21,1715.4109477996826,1557.4159622192383,126.5862959290999,1
3237,completed,SambaNova,gemma-4-31B-it,702,PASS,1,1,,403,20,1715.5911922454834,1557.4159622192383,120.11994543549858,1
3238,completed,SambaNova,gemma-4-31B-it,703,PASS,1,1,,403,20,1715.6996726989746,1557.4159622192383,120.03762069017458,1
3239,completed,SambaNova,gemma-4-31B-it,704,PASS,1,1,,403,17,1715.839147567749,1557.4159622192383,100.99531810828097,1
3240,completed,SambaNova,gemma-4-31B-it,705,PASS,1,1,,401,17,1707.5188159942627,1600.3828048706055,149.34287577248583,1
3241,completed,SambaNova,gemma-4-31B-it,706,PASS,1,1,,401,19,1707.3473930358887,1600.3828048706055,168.27999161915292,1
3242,completed,SambaNova,gemma-4-31B-it,707,PASS,1,1,,401,19,1707.7438831329346,1600.3828048706055,167.6585247776507,1
3243,completed,SambaNova,gemma-4-31B-it,708,PASS,1,1,,401,17,1707.6430320739746,1600.3828048706055,149.16992455799522,1
3244,completed,SambaNova,gemma-4-31B-it,709,PASS,1,1,,397,17,1782.4311256408691,1624.2127418518066,101.12604879930562,1
3245,completed,SambaNova,gemma-4-31B-it,710,PASS,1,1,,397,50,1937.9408359527588,1624.2127418518066,156.18620366282104,1
3246,completed,SambaNova,gemma-4-31B-it,711,PASS,1,1,,397,50,1938.1937980651855,1624.2127418518066,156.06037061898414,1
3247,completed,SambaNova,gemma-4-31B-it,712,PASS,1,1,,397,66,1990.6022548675537,1624.2127418518066,177.40682440658819,1
3248,completed,SambaNova,gemma-4-31B-it,713,PASS,1,1,,396,66,1974.5993614196777,1608.3734035491943,177.48605363191484,1
3249,completed,SambaNova,gemma-4-31B-it,714,PASS,1,1,,396,19,1766.0081386566162,1608.3734035491943,114.18803087868741,1
3250,completed,SambaNova,gemma-4-31B-it,715,PASS,1,1,,396,19,1766.2162780761719,1608.3734035491943,114.03745689466362,1
3251,completed,SambaNova,gemma-4-31B-it,716,PASS,1,1,,396,18,1766.404151916504,1608.3734035491943,107.5740017410222,1
3252,completed,SambaNova,gemma-4-31B-it,717,PASS,1,1,,401,18,1717.4651622772217,1559.3726634979248,107.53198368843954,1
3253,completed,SambaNova,gemma-4-31B-it,718,PASS,1,1,,401,21,1717.6690101623535,1559.3726634979248,126.34530373842333,1
3254,completed,SambaNova,gemma-4-31B-it,719,PASS,1,1,,401,21,1717.780590057373,1559.3726634979248,126.2563082188585,1
3255,completed,SambaNova,gemma-4-31B-it,720,PASS,1,1,,401,25,1723.0339050292969,1559.3726634979248,146.64437209099054,1
3256,completed,SambaNova,gemma-4-31B-it,721,PASS,1,1,,401,25,1822.7472305297852,1613.1665706634521,114.51438322270191,1
3257,completed,SambaNova,gemma-4-31B-it,722,PASS,1,1,,401,23,1822.9598999023438,1613.1665706634521,104.86510738836985,1
3258,completed,SambaNova,gemma-4-31B-it,723,PASS,1,1,,401,23,1823.0667114257812,1613.1665706634521,104.81174486162304,1
3259,completed,SambaNova,gemma-4-31B-it,724,PASS,1,1,,401,33,1828.7286758422852,1613.1665706634521,148.4490976438201,1
3260,completed,SambaNova,gemma-4-31B-it,725,PASS,1,1,,398,33,1769.9131965637207,1557.8012466430664,150.86373027059716,1
3261,completed,SambaNova,gemma-4-31B-it,726,PASS,1,1,,398,22,1766.934871673584,1557.8012466430664,100.41426861383768,1
3262,completed,SambaNova,gemma-4-31B-it,727,PASS,1,1,,398,25,1767.183542251587,1557.8012466430664,114.62287167236194,1
3263,completed,SambaNova,gemma-4-31B-it,728,PASS,1,1,,398,20,1715.1854038238525,1557.8012466430664,120.72371412946492,1
3264,completed,SambaNova,gemma-4-31B-it,729,PASS,1,1,,402,20,1715.3723239898682,1558.159589767456,120.8553498797388,1
3265,completed,SambaNova,gemma-4-31B-it,730,"FAIL
result mismatch (order_matters=False)
predicted: SELECT AVG(GNP), SUM(Population) FROM country WHERE GovernmentForm = 'US territory'
gold: SELECT avg(GNP) ,  sum(population) FROM country WHERE GovernmentForm  =  ""US Territory""",0,1,,402,25,1719.6028232574463,1558.159589767456,148.65906412539763,1
3266,completed,SambaNova,gemma-4-31B-it,731,"FAIL
result mismatch (order_matters=False)
predicted: SELECT AVG(GNP), SUM(Population) FROM country WHERE GovernmentForm = 'US territory'
gold: SELECT avg(GNP) ,  sum(population) FROM country WHERE GovernmentForm  =  ""US Territory""",0,1,,402,25,1719.7365760803223,1558.159589767456,148.53600471002784,1
3267,completed,SambaNova,gemma-4-31B-it,732,PASS,1,1,,402,16,1715.6717777252197,1558.159589767456,95.23072591704583,1
3268,completed,SambaNova,gemma-4-31B-it,733,PASS,1,1,,397,16,1774.8901844024658,1616.9359683990479,94.96422684707204,1
3269,completed,SambaNova,gemma-4-31B-it,734,PASS,1,1,,397,27,1826.5225887298584,1616.9359683990479,124.05372040906867,1
3270,completed,SambaNova,gemma-4-31B-it,735,PASS,1,1,,397,21,1775.209903717041,1616.9359683990479,126.3631940396084,1
3271,completed,SambaNova,gemma-4-31B-it,736,PASS,1,1,,397,41,1878.6849975585938,1616.9359683990479,152.81814082916233,1
3272,completed,SambaNova,gemma-4-31B-it,737,PASS,1,1,,399,41,1878.5247802734375,1616.1386966705322,152.4471094303002,1
3273,completed,SambaNova,gemma-4-31B-it,738,PASS,1,1,,399,50,1929.9664497375488,1616.1386966705322,156.13660525917942,1
3274,completed,SambaNova,gemma-4-31B-it,739,PASS,1,1,,399,50,1930.281639099121,1616.1386966705322,155.97994855841367,1
3275,completed,SambaNova,gemma-4-31B-it,740,"FAIL
result mismatch (order_matters=True)
predicted: SELECT T1.Name 
FROM country AS T1 
JOIN countrylanguage AS T2 ON T1.Code = T2.CountryCode 
GROUP BY T1.Code 
ORDER BY COUNT(*) DESC 
LIMIT 1
gold: SELECT T1.Name FROM country AS T1 JOIN countrylanguage AS T2 ON T1.Code  =  T2.CountryCode GROUP BY T1.Name ORDER BY COUNT(*) DESC LIMIT 1",0,1,,399,57,1933.2201480865479,1616.1386966705322,176.6107722476871,1
3276,completed,SambaNova,gemma-4-31B-it,741,"FAIL
result mismatch (order_matters=True)
predicted: SELECT T1.Name FROM country AS T1 JOIN countrylanguage AS T2 ON T1.Code = T2.CountryCode GROUP BY T1.Code ORDER BY COUNT(*) DESC LIMIT 1
gold: SELECT T1.Name FROM country AS T1 JOIN countrylanguage AS T2 ON T1.Code  =  T2.CountryCode GROUP BY T1.Name ORDER BY COUNT(*) DESC LIMIT 1",0,1,,399,47,1921.7770099639893,1608.7806224822998,146.9665524580249,1
3277,completed,SambaNova,gemma-4-31B-it,742,PASS,1,1,,399,67,1976.0715961456299,1608.7806224822998,179.6940429592413,1
3278,completed,SambaNova,gemma-4-31B-it,743,PASS,1,1,,399,67,1976.2701988220215,1608.7806224822998,179.5969307684173,1
3279,completed,SambaNova,gemma-4-31B-it,744,PASS,1,1,,399,56,1973.7744331359863,1608.7806224822998,150.68748673161778,1
3280,completed,SambaNova,gemma-4-31B-it,745,PASS,1,1,,400,45,1868.5555458068848,1555.1457405090332,140.39126809764053,1
3281,completed,SambaNova,gemma-4-31B-it,746,PASS,1,1,,400,78,2024.7712135314941,1555.1457405090332,163.96044172058208,1
3282,completed,SambaNova,gemma-4-31B-it,747,PASS,1,1,,400,78,2024.4312286376953,1555.1457405090332,164.07922671346108,1
3283,completed,SambaNova,gemma-4-31B-it,748,PASS,1,1,,400,97,2076.929807662964,1555.1457405090332,183.98415368187008,1
3284,completed,SambaNova,gemma-4-31B-it,749,PASS,1,1,,398,95,2135.4000568389893,1612.8170490264893,179.87572996963326,1
3285,completed,SambaNova,gemma-4-31B-it,750,PASS,1,1,,398,55,1978.5966873168945,1612.8170490264893,147.62986877122862,1
3286,completed,SambaNova,gemma-4-31B-it,751,PASS,1,1,,398,46,1926.6915321350098,1612.8170490264893,143.36941172896007,1
3287,completed,SambaNova,gemma-4-31B-it,752,PASS,1,1,,398,51,1926.9382953643799,1612.8170490264893,159.17420608415813,1
3288,completed,SambaNova,gemma-4-31B-it,753,PASS,1,1,,399,51,1925.7993698120117,1611.5994453430176,159.13434761164018,1
3289,completed,SambaNova,gemma-4-31B-it,754,"FAIL
result mismatch (order_matters=False)
predicted: SELECT T1.Name FROM country AS T1 JOIN countrylanguage AS T2 ON T1.Code = T2.CountryCode WHERE T2.IsOfficial = 'T' AND (T2.Language = 'English' OR T2.Language = 'Dutch')
gold: select t1.name from country as t1 join countrylanguage as t2 on t1.code  =  t2.countrycode where t2.language  =  ""english"" and isofficial  =  ""t"" union select t1.name from country as t1 join countrylanguage as t2 on t1.code  =  t2.countrycode where t2.language  =  ""dutch"" and isofficial  =  ""t""",0,1,,399,61,1977.5753021240234,1611.5994453430176,163.9452408903111,1
3290,completed,SambaNova,gemma-4-31B-it,755,"FAIL
result mismatch (order_matters=False)
predicted: SELECT T1.Name FROM country AS T1 JOIN countrylanguage AS T2 ON T1.Code = T2.CountryCode WHERE T2.IsOfficial = 'T' AND (T2.Language = 'English' OR T2.Language = 'Dutch')
gold: SELECT * FROM country AS T1 JOIN countrylanguage AS T2 ON T1.Code  =  T2.CountryCode WHERE T2.Language  =  ""English"" AND IsOfficial  =  ""T"" UNION SELECT * FROM country AS T1 JOIN countrylanguage AS T2 ON T1.Code  =  T2.CountryCode WHERE T2.Language  =  ""Dutch"" AND IsOfficial  =  ""T""",0,1,,399,61,1977.8780937194824,1611.5994453430176,163.80971226674234,1
3291,completed,SambaNova,gemma-4-31B-it,756,"FAIL
result mismatch (order_matters=True)
predicted: SELECT
  T1.Language
FROM countrylanguage AS T1
JOIN country AS T2
  ON T1.CountryCode = T2.Code
WHERE
  T2.Continent = 'Asia'
ORDER BY
  T1.Percentage DESC
LIMIT 1
gold: SELECT T2.Language FROM country AS T1 JOIN countrylanguage AS T2 ON T1.Code  =  T2.CountryCode WHERE T1.Continent  =  ""Asia"" GROUP BY T2.Language ORDER BY COUNT (*) DESC LIMIT 1",0,1,,399,65,1980.6711673736572,1611.5994453430176,173.4080293333523,1
3292,completed,SambaNova,gemma-4-31B-it,757,PASS,1,1,,400,72,2025.6190299987793,1603.100299835205,168.0398877761301,1
3293,completed,SambaNova,gemma-4-31B-it,758,PASS,1,1,,400,71,2019.3901062011719,1603.100299835205,168.15208763113915,1
3294,completed,SambaNova,gemma-4-31B-it,759,PASS,1,1,,400,71,2019.660472869873,1603.100299835205,168.04294920958344,1
3295,completed,SambaNova,gemma-4-31B-it,760,"FAIL
result mismatch (order_matters=True)
predicted: SELECT
  T1.Name
FROM city AS T1
JOIN countrylanguage AS T2
  ON T1.CountryCode = T2.CountryCode
WHERE
  T2.Language = 'English'
ORDER BY
  T1.Population DESC
LIMIT 1
gold: SELECT T1.Name ,  T1.Population FROM city AS T1 JOIN countrylanguage AS T2 ON T1.CountryCode  =  T2.CountryCode WHERE T2.Language  =  ""English"" ORDER BY T1.Population DESC LIMIT 1",0,1,,400,66,2019.8884010314941,1603.100299835205,155.9545481587245,1
3296,completed,SambaNova,gemma-4-31B-it,761,"FAIL
result mismatch (order_matters=True)
predicted: SELECT
  T1.Name
FROM city AS T1
JOIN countrylanguage AS T2
  ON T1.CountryCode = T2.CountryCode
WHERE
  T2.Language = 'English'
ORDER BY
  T1.Population DESC
LIMIT 1
gold: SELECT T1.Name ,  T1.Population FROM city AS T1 JOIN countrylanguage AS T2 ON T1.CountryCode  =  T2.CountryCode WHERE T2.Language  =  ""English"" ORDER BY T1.Population DESC LIMIT 1",0,1,,403,66,1921.3416576385498,1556.2524795532227,178.03869274045823,1
3297,completed,SambaNova,gemma-4-31B-it,762,PASS,1,1,,403,30,1765.4931545257568,1556.2524795532227,138.5963795223212,1
3298,completed,SambaNova,gemma-4-31B-it,763,PASS,1,1,,403,38,1817.009449005127,1556.2524795532227,141.89457745950878,1
3299,completed,SambaNova,gemma-4-31B-it,764,"FAIL
result mismatch (order_matters=False)
predicted: SELECT
  AVG(T1.LifeExpectancy)
FROM country AS T1
JOIN countrylanguage AS T2
  ON T1.Code = T2.CountryCode
WHERE
  T2.Language = 'English' AND T2.IsOfficial = 'F'
gold: SELECT avg(LifeExpectancy) FROM country WHERE Name NOT IN (SELECT T1.Name FROM country AS T1 JOIN countrylanguage AS T2 ON T1.Code  =  T2.CountryCode WHERE T2.Language  =  ""English"" AND T2.IsOfficial  =  ""T"")",0,1,,403,65,1921.5798377990723,1556.2524795532227,175.1853469373371,1
3300,completed,SambaNova,gemma-4-31B-it,765,"FAIL
result mismatch (order_matters=False)
predicted: SELECT
  AVG(T1.LifeExpectancy)
FROM country AS T1
JOIN countrylanguage AS T2
  ON T1.Code = T2.CountryCode
WHERE
  T2.Language = 'English' AND T2.IsOfficial = 'F'
gold: SELECT avg(LifeExpectancy) FROM country WHERE Name NOT IN (SELECT T1.Name FROM country AS T1 JOIN countrylanguage AS T2 ON T1.Code  =  T2.CountryCode WHERE T2.Language  =  ""English"" AND T2.IsOfficial  =  ""T"")",0,1,,402,65,1208.683729171753,861.6762161254883,184.43404708493222,1
3301,completed,SambaNova,gemma-4-31B-it,766,PASS,1,1,,402,48,1158.949851989746,861.6762161254883,158.10349230384261,1
3302,completed,SambaNova,gemma-4-31B-it,767,PASS,1,1,,402,29,1008.8446140289307,809.8697662353516,140.72130377527827,1
3303,completed,SambaNova,gemma-4-31B-it,768,PASS,1,1,,402,63,1157.9625606536865,809.8697662353516,178.11342548357644,1
3304,completed,SambaNova,gemma-4-31B-it,769,PASS,1,1,,408,63,1980.6182384490967,1613.7688159942627,169.00667196125505,1
3305,completed,SambaNova,gemma-4-31B-it,770,PASS,1,1,,408,70,1980.8850288391113,1613.7688159942627,187.95138320181167,1
3306,completed,SambaNova,gemma-4-31B-it,771,PASS,1,1,,408,69,1981.083631515503,1613.7688159942627,185.12729987083208,1
3307,completed,SambaNova,gemma-4-31B-it,772,"FAIL
result mismatch (order_matters=False)
predicted: SELECT Name FROM country WHERE SurfaceArea > (SELECT MAX(SurfaceArea) FROM country WHERE Continent = 'Europe')
gold: SELECT Name FROM country WHERE SurfaceArea  >  (SELECT min(SurfaceArea) FROM country WHERE Continent  =  ""Europe"")",0,1,,408,28,1823.9727020263672,1613.7688159942627,128.44672146487474,1
3308,completed,SambaNova,gemma-4-31B-it,773,"FAIL
result mismatch (order_matters=False)
predicted: SELECT Name FROM country WHERE SurfaceArea > (SELECT MAX(SurfaceArea) FROM country WHERE Continent = 'Europe')
gold: SELECT Name FROM country WHERE SurfaceArea  >  (SELECT min(SurfaceArea) FROM country WHERE Continent  =  ""Europe"")",0,1,,402,28,1768.066644668579,1558.59375,128.89495818883145,1
3309,completed,SambaNova,gemma-4-31B-it,774,"FAIL
result mismatch (order_matters=False)
predicted: SELECT Name FROM country WHERE Continent = 'Africa' AND Population < (SELECT MIN(Population) FROM country WHERE Continent = 'Asia')
gold: SELECT Name FROM country WHERE Continent  =  ""Africa""  AND population  <  (SELECT max(population) FROM country WHERE Continent  =  ""Asia"")",0,1,,402,32,1820.23286819458,1558.59375,118.48381164832321,1
3310,completed,SambaNova,gemma-4-31B-it,775,PASS,1,1,,402,48,1821.8514919281006,1558.59375,178.53226140956707,1
3311,completed,SambaNova,gemma-4-31B-it,776,PASS,1,1,,402,48,1822.0419883728027,1558.59375,178.40316674841762,1
3312,completed,SambaNova,gemma-4-31B-it,777,"FAIL
result mismatch (order_matters=False)
predicted: SELECT Name 
FROM country 
WHERE Continent = 'Asia' 
AND Population > (
    SELECT MAX(Population) 
    FROM country 
    WHERE Continent = 'Africa'
)
gold: SELECT Name FROM country WHERE Continent  =  ""Asia""  AND population  >  (SELECT min(population) FROM country WHERE Continent  =  ""Africa"")",0,1,,403,48,1876.0952949523926,1614.264965057373,179.50556002753606,1
3313,completed,SambaNova,gemma-4-31B-it,778,"FAIL
result mismatch (order_matters=False)
predicted: SELECT CountryCode FROM countrylanguage WHERE Language != 'English'
gold: SELECT CountryCode FROM countrylanguage EXCEPT SELECT CountryCode FROM countrylanguage WHERE LANGUAGE  =  ""English""",0,1,,403,17,1771.8896865844727,1614.264965057373,101.50692001222157,1
3314,completed,SambaNova,gemma-4-31B-it,779,"FAIL
result mismatch (order_matters=False)
predicted: SELECT CountryCode FROM countrylanguage WHERE Language != 'English'
gold: SELECT CountryCode FROM countrylanguage EXCEPT SELECT CountryCode FROM countrylanguage WHERE LANGUAGE  =  ""English""",0,1,,403,17,1771.6708183288574,1614.264965057373,101.64806242881032,1
3315,completed,SambaNova,gemma-4-31B-it,780,"FAIL
result mismatch (order_matters=False)
predicted: SELECT CountryCode FROM countrylanguage WHERE Language != 'English'
gold: SELECT DISTINCT CountryCode FROM countrylanguage WHERE LANGUAGE != ""English""",0,1,,403,17,1772.0060348510742,1614.264965057373,101.43204950318464,1
3316,completed,SambaNova,gemma-4-31B-it,781,"FAIL
result mismatch (order_matters=False)
predicted: SELECT CountryCode FROM countrylanguage WHERE Language != 'English'
gold: SELECT DISTINCT CountryCode FROM countrylanguage WHERE LANGUAGE != ""English""",0,1,,405,17,1773.510217666626,1616.1346435546875,101.66761958002124,1
3317,completed,SambaNova,gemma-4-31B-it,782,"FAIL
result mismatch (order_matters=False)
predicted: SELECT T1.Code 
FROM country AS T1 
JOIN countrylanguage AS T2 ON T1.Code = T2.CountryCode 
WHERE T2.Language != 'English' AND T1.GovernmentForm != 'Republic'
gold: SELECT Code FROM country WHERE GovernmentForm != ""Republic"" EXCEPT SELECT CountryCode FROM countrylanguage WHERE LANGUAGE  =  ""English""",0,1,,405,57,1981.452226638794,1616.1346435546875,153.2912802259157,1
3318,completed,SambaNova,gemma-4-31B-it,783,"FAIL
result mismatch (order_matters=False)
predicted: SELECT Code FROM country 
WHERE GovernmentForm NOT LIKE '%Republic%' 
AND Code NOT IN (SELECT CountryCode FROM countrylanguage WHERE Language = 'English')
gold: SELECT Code FROM country WHERE GovernmentForm != ""Republic"" EXCEPT SELECT CountryCode FROM countrylanguage WHERE LANGUAGE  =  ""English""",0,1,,405,38,1877.3939609527588,1616.1346435546875,141.6217433639867,1
3319,completed,SambaNova,gemma-4-31B-it,784,"FAIL
result mismatch (order_matters=False)
predicted: SELECT
  T1.Name
FROM city AS T1
JOIN country AS T2
  ON T1.CountryCode = T2.Code
JOIN countrylanguage AS T3
  ON T2.Code = T3.CountryCode
WHERE
  T2.Continent = 'Europe'
  AND T3.Language = 'English'
  AND T3.IsOfficial = 'F'
gold: SELECT DISTINCT T2.Name FROM country AS T1 JOIN city AS T2 ON T2.CountryCode  =  T1.Code WHERE T1.Continent  =  'Europe' AND T1.Name NOT IN (SELECT T3.Name FROM country AS T3 JOIN countrylanguage AS T4 ON T3.Code  =  T4.CountryCode WHERE T4.IsOfficial  =  'T' AND T4.Language  =  'English')",0,1,,405,92,2138.0863189697266,1616.1346435546875,174.34564210880202,1
3320,completed,SambaNova,gemma-4-31B-it,785,"FAIL
result mismatch (order_matters=False)
predicted: SELECT
  T1.Name
FROM city AS T1
JOIN country AS T2
  ON T1.CountryCode = T2.Code
JOIN countrylanguage AS T3
  ON T1.CountryCode = T3.CountryCode
WHERE
  T2.Continent = 'Europe' AND (T3.Language != 'English' OR T3.IsOfficial = 'F')
gold: SELECT DISTINCT T2.Name FROM country AS T1 JOIN city AS T2 ON T2.CountryCode  =  T1.Code WHERE T1.Continent  =  'Europe' AND T1.Name NOT IN (SELECT T3.Name FROM country AS T3 JOIN countrylanguage AS T4 ON T3.Code  =  T4.CountryCode WHERE T4.IsOfficial  =  'T' AND T4.Language  =  'English')",0,1,,402,90,1302.704095840454,857.6791286468506,199.9887794189342,1
3321,completed,SambaNova,gemma-4-31B-it,786,"FAIL
result mismatch (order_matters=False)
predicted: SELECT DISTINCT
  T1.Name
FROM city AS T1
JOIN country AS T2
  ON T1.CountryCode = T2.Code
JOIN countrylanguage AS T3
  ON T2.Code = T3.CountryCode
WHERE
  T2.Continent = 'Asia'
  AND T3.Language = 'Chinese'
  AND T3.IsOfficial = 'T'
gold: select distinct t3.name from country as t1 join countrylanguage as t2 on t1.code  =  t2.countrycode join city as t3 on t1.code  =  t3.countrycode where t2.isofficial  =  't' and t2.language  =  'chinese' and t1.continent  =  ""asia""",0,1,,404,93,2081.427812576294,1557.0647716522217,175.45096206222055,1
3322,completed,SambaNova,gemma-4-31B-it,787,PASS,1,1,,404,94,2081.7041397094727,1557.0647716522217,177.26462340098624,1
3323,completed,SambaNova,gemma-4-31B-it,788,PASS,1,1,,404,24,1767.1191692352295,1557.0647716522217,109.49544624939843,1
3324,completed,SambaNova,gemma-4-31B-it,789,PASS,1,1,,405,24,1366.4677143096924,1216.8333530426025,153.7080106817588,1
3325,completed,SambaNova,gemma-4-31B-it,790,PASS,1,1,,406,24,1766.5414810180664,1557.0216178894043,109.77479488842613,1
3326,completed,SambaNova,gemma-4-31B-it,791,PASS,1,1,,406,24,1766.7720317840576,1557.0216178894043,109.65413403928585,1
3327,completed,SambaNova,gemma-4-31B-it,792,PASS,1,1,,406,63,1923.2423305511475,1557.0216178894043,169.29681434284632,1
3328,completed,SambaNova,gemma-4-31B-it,793,PASS,1,1,,408,57,1924.337387084961,1610.6336116790771,178.5123558922577,1
3329,completed,SambaNova,gemma-4-31B-it,794,PASS,1,1,,408,34,1872.1239566802979,1610.6336116790771,126.19968817527831,1
3330,completed,SambaNova,gemma-4-31B-it,795,PASS,1,1,,408,34,1872.387409210205,1610.6336116790771,126.0726694751224,1
3331,completed,SambaNova,gemma-4-31B-it,796,PASS,1,1,,408,35,1872.666597366333,1610.6336116790771,129.75465631101883,1
3332,completed,SambaNova,gemma-4-31B-it,797,PASS,1,1,,417,35,1870.0199127197266,1608.5224151611328,130.02036469730123,1
3333,completed,SambaNova,gemma-4-31B-it,798,PASS,1,1,,417,49,1872.9820251464844,1608.5224151611328,181.50219612990705,1
3334,completed,SambaNova,gemma-4-31B-it,799,PASS,1,1,,417,35,1870.4204559326172,1608.5224151611328,129.82151336392104,1
3335,completed,SambaNova,gemma-4-31B-it,800,PASS,1,1,,417,21,1766.5202617645264,1608.5224151611328,126.58400370610134,1
3336,completed,SambaNova,gemma-4-31B-it,801,PASS,1,1,,399,21,1769.0300941467285,1611.4177703857422,126.89363066767109,1
3337,completed,SambaNova,gemma-4-31B-it,802,PASS,1,1,,399,17,1769.2677974700928,1611.4177703857422,101.36203518957936,1
3338,completed,SambaNova,gemma-4-31B-it,803,PASS,1,1,,399,17,1769.4292068481445,1611.4177703857422,101.25849342434832,1
3339,completed,SambaNova,gemma-4-31B-it,804,PASS,1,1,,399,17,1769.5939540863037,1611.4177703857422,101.15302838693535,1
3340,completed,SambaNova,gemma-4-31B-it,805,PASS,1,1,,411,17,1718.5275554656982,1560.6181621551514,101.3239280106293,1
3341,completed,SambaNova,gemma-4-31B-it,806,PASS,1,1,,411,16,1718.095302581787,1560.6181621551514,95.25192011591096,1
3342,completed,SambaNova,gemma-4-31B-it,807,PASS,1,1,,411,16,1718.3177471160889,1560.6181621551514,95.11756168359942,1
3343,completed,SambaNova,gemma-4-31B-it,808,PASS,1,1,,411,25,1724.0643501281738,1560.6181621551514,146.83731873857658,1
3344,completed,SambaNova,gemma-4-31B-it,809,PASS,1,1,,412,25,1829.545497894287,1619.4252967834473,114.2203361367422,1
3345,completed,SambaNova,gemma-4-31B-it,810,"FAIL
result mismatch (order_matters=False)
predicted: SELECT SUM(Population), AVG(SurfaceArea) FROM country WHERE Continent = 'North America' AND SurfaceArea > 3000
gold: select sum(population) ,  avg(surfacearea) from country where continent  =  ""north america"" and surfacearea  >  3000",0,1,,412,34,1835.0157737731934,1619.4252967834473,153.06798547307608,1
3346,completed,SambaNova,gemma-4-31B-it,811,"FAIL
result mismatch (order_matters=False)
predicted: SELECT SUM(Population), AVG(SurfaceArea) FROM country WHERE Continent = 'North America' AND SurfaceArea > 3000
gold: select sum(population) ,  avg(surfacearea) from country where continent  =  ""north america"" and surfacearea  >  3000",0,1,,412,34,1834.8665237426758,1619.4252967834473,153.1740255371138,1
3347,completed,SambaNova,gemma-4-31B-it,812,PASS,1,1,,412,28,1829.7569751739502,1619.4252967834473,128.3686803937905,1
3348,completed,SambaNova,gemma-4-31B-it,813,PASS,1,1,,411,28,1767.1022415161133,1557.4021339416504,128.75529875640387,1
3349,completed,SambaNova,gemma-4-31B-it,814,PASS,1,1,,411,22,1767.4381732940674,1557.4021339416504,99.9828413483095,1
3350,completed,SambaNova,gemma-4-31B-it,815,PASS,1,1,,411,22,1767.6360607147217,1557.4021339416504,99.88873024603502,1
3351,completed,SambaNova,gemma-4-31B-it,816,"FAIL
result mismatch (order_matters=False)
predicted: SELECT
  T1.Language
FROM countrylanguage AS T1
JOIN (
  SELECT
    CountryCode,
    MAX(Percentage) AS MaxPercentage
  FROM countrylanguage
  GROUP BY CountryCode
) AS T2
  ON T1.CountryCode = T2.CountryCode
  AND T1.Percentage = T2.MaxPercentage
gold: SELECT LANGUAGE ,  CountryCode ,  max(Percentage) FROM countrylanguage GROUP BY CountryCode",0,1,,411,83,2027.8730392456055,1557.4021339416504,174.29345593012306,1
3352,completed,SambaNova,gemma-4-31B-it,817,"FAIL
result mismatch (order_matters=False)
predicted: SELECT CountryCode, Language
FROM countrylanguage
WHERE (CountryCode, Percentage) IN (
    SELECT CountryCode, MAX(Percentage)
    FROM countrylanguage
    GROUP BY CountryCode
)
gold: SELECT LANGUAGE ,  CountryCode ,  max(Percentage) FROM countrylanguage GROUP BY CountryCode",0,1,,410,47,1931.546688079834,1617.6774501800537,146.55784780886358,1
3353,completed,SambaNova,gemma-4-31B-it,818,"FAIL
result mismatch (order_matters=False)
predicted: SELECT
  COUNT(*)
FROM
  countrylanguage
WHERE
  Language = 'Spanish'
  AND Percentage = (
    SELECT
      MAX(Percentage)
    FROM
      countrylanguage
    WHERE
      Language = 'Spanish'
  )
gold: SELECT count(*) ,   max(Percentage) FROM countrylanguage WHERE LANGUAGE  =  ""Spanish"" GROUP BY CountryCode",0,1,,410,60,1933.1364631652832,1617.6774501800537,187.02905154516068,1
3354,completed,SambaNova,gemma-4-31B-it,819,"FAIL
result mismatch (order_matters=False)
predicted: SELECT
  count(*)
FROM countrylanguage
WHERE
  Language = 'Spanish' AND Percentage > 50
gold: SELECT count(*) ,   max(Percentage) FROM countrylanguage WHERE LANGUAGE  =  ""Spanish"" GROUP BY CountryCode",0,1,,410,30,1827.7575969696045,1617.6774501800537,138.04255396418276,1
3355,completed,SambaNova,gemma-4-31B-it,820,"FAIL
result mismatch (order_matters=False)
predicted: SELECT CountryCode FROM countrylanguage WHERE Language = 'Spanish' ORDER BY Percentage DESC LIMIT 1
gold: SELECT CountryCode ,  max(Percentage) FROM countrylanguage WHERE LANGUAGE  =  ""Spanish"" GROUP BY CountryCode",0,1,,410,25,1827.9750347137451,1617.6774501800537,114.12399268977339,1
3356,completed,SambaNova,gemma-4-31B-it,821,"FAIL
result mismatch (order_matters=False)
predicted: SELECT CountryCode FROM countrylanguage WHERE Language = 'Spanish' AND Percentage > 50
gold: SELECT CountryCode ,  max(Percentage) FROM countrylanguage WHERE LANGUAGE  =  ""Spanish"" GROUP BY CountryCode",0,1,,443,24,1767.3382759094238,1608.3359718322754,144.65199189088685,1
3357,completed,SambaNova,gemma-4-31B-it,822,PASS,1,1,,443,11,1714.0624523162842,1608.3359718322754,94.58368380580404,1
3358,completed,SambaNova,gemma-4-31B-it,823,PASS,1,1,,443,11,1714.2465114593506,1608.3359718322754,94.41930930775447,1
3359,completed,SambaNova,gemma-4-31B-it,824,PASS,1,1,,443,14,1765.4142379760742,1608.3359718322754,82.76129040092042,1
3360,completed,SambaNova,gemma-4-31B-it,825,PASS,1,1,,450,13,1724.2610454559326,1617.1154975891113,111.99718736718432,1
3361,completed,SambaNova,gemma-4-31B-it,826,PASS,1,1,,450,15,1724.4212627410889,1617.1154975891113,130.46829292137053,1
3362,completed,SambaNova,gemma-4-31B-it,827,PASS,1,1,,450,15,1724.6830463409424,1617.1154975891113,130.15077653483934,1
3363,completed,SambaNova,gemma-4-31B-it,828,PASS,1,1,,450,20,1724.588394165039,1617.1154975891113,176.7887588902643,1
3364,completed,SambaNova,gemma-4-31B-it,829,PASS,1,1,,450,20,1762.9497051239014,1605.7155132293701,120.8388568101315,1
3365,completed,SambaNova,gemma-4-31B-it,830,PASS,1,1,,450,13,1763.0445957183838,1605.7155132293701,76.27324719724317,1
3366,completed,SambaNova,gemma-4-31B-it,831,PASS,1,1,,450,13,1762.6886367797852,1605.7155132293701,76.4462076601665,1
3367,completed,SambaNova,gemma-4-31B-it,832,PASS,1,1,,450,23,1768.1829929351807,1605.7155132293701,135.41171463874923,1
3368,completed,SambaNova,gemma-4-31B-it,833,PASS,1,1,,450,23,1781.2917232513428,1616.8427467346191,133.78009681782794,1
3369,completed,SambaNova,gemma-4-31B-it,834,PASS,1,1,,450,15,1774.2900848388672,1616.8427467346191,88.9186198291292,1
3370,completed,SambaNova,gemma-4-31B-it,835,PASS,1,1,,450,15,1774.7483253479004,1616.8427467346191,88.66057882784945,1
3371,completed,SambaNova,gemma-4-31B-it,836,PASS,1,1,,450,18,1774.578332901001,1616.8427467346191,107.7752992407696,1
3372,completed,SambaNova,gemma-4-31B-it,837,PASS,1,1,,450,18,1769.1266536712646,1611.480951309204,107.8367487681749,1
3373,completed,SambaNova,gemma-4-31B-it,838,PASS,1,1,,450,21,1769.3052291870117,1611.480951309204,126.7232156480045,1
3374,completed,SambaNova,gemma-4-31B-it,839,PASS,1,1,,450,21,1769.4392204284668,1611.480951309204,126.61572016150333,1
3375,completed,SambaNova,gemma-4-31B-it,840,PASS,1,1,,450,44,1873.7831115722656,1611.480951309204,163.9330761015293,1
3376,completed,SambaNova,gemma-4-31B-it,841,PASS,1,1,,452,44,1925.1117706298828,1611.0420227050781,136.91226322853342,1
3377,completed,SambaNova,gemma-4-31B-it,842,PASS,1,1,,452,61,1977.1702289581299,1611.0420227050781,163.87702169695888,1
3378,completed,SambaNova,gemma-4-31B-it,843,PASS,1,1,,452,61,1977.644443511963,1611.0420227050781,163.6650403670035,1
3379,completed,SambaNova,gemma-4-31B-it,844,PASS,1,1,,452,54,1977.480411529541,1611.0420227050781,144.6355011275549,1
3380,completed,SambaNova,gemma-4-31B-it,845,PASS,1,1,,452,54,1875.852108001709,1562.1376037597656,168.94341601472547,1
3381,completed,SambaNova,gemma-4-31B-it,846,PASS,1,1,,452,52,1876.0697841644287,1562.1376037597656,162.4554702683244,1
3382,completed,SambaNova,gemma-4-31B-it,847,PASS,1,1,,452,52,1876.2280941009521,1562.1376037597656,162.37358840313922,1
3383,completed,SambaNova,gemma-4-31B-it,848,PASS,1,1,,452,20,1719.3479537963867,1562.1376037597656,120.8571827209473,1
3384,completed,SambaNova,gemma-4-31B-it,849,PASS,1,1,,441,20,964.5159244537354,863.6562824249268,188.38060117815033,1
3385,completed,SambaNova,gemma-4-31B-it,850,PASS,1,1,,446,26,1719.0685272216797,1560.0433349609375,157.20779610194901,1
3386,completed,SambaNova,gemma-4-31B-it,851,"FAIL
result mismatch (order_matters=True)
predicted: SELECT Major_Record_Format FROM orchestra GROUP BY Major_Record_Format ORDER BY COUNT(*) DESC
gold: SELECT Major_Record_Format FROM orchestra GROUP BY Major_Record_Format ORDER BY COUNT(*) ASC",0,1,,446,26,1719.2137241363525,1560.0433349609375,157.0643894854623,1
3387,completed,SambaNova,gemma-4-31B-it,852,PASS,1,1,,446,25,1719.3629741668701,1560.0433349609375,150.6405620777122,1
3388,completed,SambaNova,gemma-4-31B-it,853,PASS,1,1,,445,25,1046.602725982666,896.5990543365479,159.9960836733364,1
3389,completed,SambaNova,gemma-4-31B-it,854,PASS,1,1,,460,23,1771.0766792297363,1561.8324279785156,105.14028399082078,1
3390,completed,SambaNova,gemma-4-31B-it,855,PASS,1,1,,460,23,1770.8370685577393,1561.8324279785156,105.26082071206862,1
3391,completed,SambaNova,gemma-4-31B-it,856,PASS,1,1,,460,57,1875.5006790161133,1561.8324279785156,178.53257323543272,1
3392,completed,SambaNova,gemma-4-31B-it,857,PASS,1,1,,460,57,1875.6911754608154,1561.8324279785156,178.42421295955162,1
3393,completed,SambaNova,gemma-4-31B-it,858,PASS,1,1,,448,30,1687.9768371582031,1477.9596328735352,138.083925546842,1
3394,completed,SambaNova,gemma-4-31B-it,859,PASS,1,1,,447,30,1014.7213935852051,864.5637035369873,193.13030182262185,1
3395,completed,SambaNova,gemma-4-31B-it,860,PASS,1,1,,448,58,1792.7889823913574,1477.9596328735352,181.05046460026202,1
3396,completed,SambaNova,gemma-4-31B-it,861,PASS,1,1,,448,59,1793.0026054382324,1477.9596328735352,184.10186879534066,1
3397,completed,SambaNova,gemma-4-31B-it,862,PASS,1,1,,448,13,1636.1031532287598,1477.9596328735352,75.88044058362556,1
3398,completed,SambaNova,gemma-4-31B-it,863,PASS,1,1,,290,13,1664.5631790161133,1557.6214790344238,112.21067181515386,1
3399,completed,SambaNova,gemma-4-31B-it,864,PASS,1,1,,290,14,1664.7160053253174,1557.6214790344238,121.38809003822462,1
3400,completed,SambaNova,gemma-4-31B-it,865,PASS,1,1,,290,14,1664.808988571167,1557.6214790344238,121.28278804298263,1
3401,completed,SambaNova,gemma-4-31B-it,866,PASS,1,1,,290,12,1664.89577293396,1557.6214790344238,102.54087535921376,1
3402,completed,SambaNova,gemma-4-31B-it,867,"FAIL
result mismatch (order_matters=False)
predicted: SELECT name, grade FROM Highschooler
gold: SELECT grade FROM Highschooler",0,1,,292,14,1720.592975616455,1614.0825748443604,122.05380794516684,1
3403,completed,SambaNova,gemma-4-31B-it,868,PASS,1,1,,292,17,1720.4334735870361,1614.0825748443604,150.4453670740784,1
3404,completed,SambaNova,gemma-4-31B-it,869,PASS,1,1,,292,17,1720.8223342895508,1614.0825748443604,149.89728366603455,1
3405,completed,SambaNova,gemma-4-31B-it,870,PASS,1,1,,292,18,1720.721960067749,1614.0825748443604,159.41577274089045,1
3406,completed,SambaNova,gemma-4-31B-it,871,PASS,1,1,,294,18,1768.4156894683838,1610.9223365783691,107.94106346743368,1
3407,completed,SambaNova,gemma-4-31B-it,872,PASS,1,1,,294,17,1768.5766220092773,1610.9223365783691,101.48788506616258,1
3408,completed,SambaNova,gemma-4-31B-it,873,PASS,1,1,,294,17,1768.6798572540283,1610.9223365783691,101.42147221554733,1
3409,completed,SambaNova,gemma-4-31B-it,874,PASS,1,1,,294,24,1771.9275951385498,1610.9223365783691,142.85247702889805,1
3410,completed,SambaNova,gemma-4-31B-it,875,PASS,1,1,,294,24,1718.9807891845703,1559.1380596160889,143.89143667711272,1
3411,completed,SambaNova,gemma-4-31B-it,876,PASS,1,1,,294,18,1716.2752151489258,1559.1380596160889,108.18574348221236,1
3412,completed,SambaNova,gemma-4-31B-it,877,PASS,1,1,,294,18,1716.414213180542,1559.1380596160889,108.09013073322176,1
3413,completed,SambaNova,gemma-4-31B-it,878,PASS,1,1,,294,23,1719.1483974456787,1559.1380596160889,137.4911165016718,1
3414,completed,SambaNova,gemma-4-31B-it,879,PASS,1,1,,291,23,1689.2621517181396,1526.0162353515625,134.76600511462635,1
3415,completed,SambaNova,gemma-4-31B-it,880,PASS,1,1,,291,21,1684.4019889831543,1526.0162353515625,126.27398324296496,1
3416,completed,SambaNova,gemma-4-31B-it,881,PASS,1,1,,291,21,1684.0856075286865,1526.0162353515625,126.52672509883242,1
3417,completed,SambaNova,gemma-4-31B-it,882,"FAIL
result mismatch (order_matters=False)
predicted: SELECT student_id, friend_id FROM Friend
gold: SELECT student_id ,  count(*) FROM Friend GROUP BY student_id",0,1,,291,16,1684.2780113220215,1526.0162353515625,94.77967694991548,1
3418,completed,SambaNova,gemma-4-31B-it,883,"FAIL
result mismatch (order_matters=False)
predicted: SELECT T1.name, COUNT(T2.friend_id) FROM Highschooler AS T1 JOIN Friend AS T2 ON T1.ID = T2.student_id GROUP BY T1.ID
gold: SELECT student_id ,  count(*) FROM Friend GROUP BY student_id",0,1,,295,51,1871.8798160552979,1557.3062896728516,158.94535237911896,1
3419,completed,SambaNova,gemma-4-31B-it,884,PASS,1,1,,295,57,1923.384666442871,1557.3062896728516,152.97270626607028,1
3420,completed,SambaNova,gemma-4-31B-it,885,PASS,1,1,,295,57,1923.5894680023193,1557.3062896728516,152.8871739494097,1
3421,completed,SambaNova,gemma-4-31B-it,886,PASS,1,1,,295,62,1926.1553287506104,1557.3062896728516,165.37931114723688,1
3422,completed,SambaNova,gemma-4-31B-it,887,PASS,1,1,,291,61,1234.7979545593262,888.5571956634521,173.28982350701227,1
3423,completed,SambaNova,gemma-4-31B-it,888,PASS,1,1,,294,56,1920.9349155426025,1556.2710762023926,150.82383846863473,1
3424,completed,SambaNova,gemma-4-31B-it,889,PASS,1,1,,294,56,1920.5920696258545,1556.2710762023926,150.9657719232,1
3425,completed,SambaNova,gemma-4-31B-it,890,PASS,1,1,,294,74,1972.783088684082,1556.2710762023926,175.26505313747512,1
3426,completed,SambaNova,gemma-4-31B-it,891,PASS,1,1,,290,74,1285.7096195220947,889.1499042510986,184.08324695844146,1
3427,completed,SambaNova,gemma-4-31B-it,892,PASS,1,1,,290,45,1821.3980197906494,1559.5262050628662,168.02113677540356,1
3428,completed,SambaNova,gemma-4-31B-it,893,PASS,1,1,,290,45,1821.5563297271729,1559.5262050628662,167.9196239606782,1
3429,completed,SambaNova,gemma-4-31B-it,894,PASS,1,1,,290,23,1768.5470581054688,1559.5262050628662,105.25265627691209,1
3430,completed,SambaNova,gemma-4-31B-it,895,PASS,1,1,,292,23,1043.1008338928223,893.1665420532227,146.73094280216898,1
3431,completed,SambaNova,gemma-4-31B-it,896,PASS,1,1,,296,23,1687.4375343322754,1523.9670276641846,134.5808516068811,1
3432,completed,SambaNova,gemma-4-31B-it,897,PASS,1,1,,296,23,1687.5956058502197,1523.9670276641846,134.45084131322963,1
3433,completed,SambaNova,gemma-4-31B-it,898,PASS,1,1,,296,21,1682.0807456970215,1523.9670276641846,126.49123838733853,1
3434,completed,SambaNova,gemma-4-31B-it,899,"FAIL
result mismatch (order_matters=False)
predicted: SELECT student_id FROM Friend INTERSECT SELECT student_id FROM Likes
gold: SELECT student_id FROM Friend INTERSECT SELECT liked_id FROM Likes",0,1,,296,21,1682.260513305664,1523.9670276641846,126.34758732458644,1
3435,completed,SambaNova,gemma-4-31B-it,900,"FAIL
result mismatch (order_matters=False)
predicted: SELECT T1.name 
FROM Highschooler AS T1 
JOIN Friend AS T2 ON T1.ID = T2.student_id 
JOIN Likes AS T3 ON T1.ID = T3.liked_id
gold: SELECT T2.name FROM Friend AS T1 JOIN Highschooler AS T2 ON T1.student_id  =  T2.id INTERSECT SELECT T2.name FROM Likes AS T1 JOIN Highschooler AS T2 ON T1.liked_id  =  T2.id",0,1,,295,58,1916.3224697113037,1602.4906635284424,181.62595019699066,1
3436,completed,SambaNova,gemma-4-31B-it,901,"FAIL
result mismatch (order_matters=False)
predicted: SELECT T1.name 
FROM Highschooler AS T1 
JOIN Friend AS T2 ON T1.ID = T2.student_id 
JOIN Likes AS T3 ON T1.ID = T3.student_id
gold: SELECT T2.name FROM Friend AS T1 JOIN Highschooler AS T2 ON T1.student_id  =  T2.id INTERSECT SELECT T2.name FROM Likes AS T1 JOIN Highschooler AS T2 ON T1.liked_id  =  T2.id",0,1,,295,58,1916.09787940979,1602.4906635284424,181.75602190724393,1
3437,completed,SambaNova,gemma-4-31B-it,902,"FAIL
result mismatch (order_matters=False)
predicted: SELECT liked_id, COUNT(*) FROM Likes GROUP BY liked_id
gold: SELECT student_id ,  count(*) FROM Likes GROUP BY student_id",0,1,,295,20,1759.809970855713,1602.4906635284424,120.77347861997893,1
3438,completed,SambaNova,gemma-4-31B-it,903,PASS,1,1,,295,20,1760.134220123291,1602.4906635284424,120.5250655999274,1
3439,completed,SambaNova,gemma-4-31B-it,904,PASS,1,1,,298,50,1876.0759830474854,1561.7704391479492,155.89925456632176,1
3440,completed,SambaNova,gemma-4-31B-it,905,PASS,1,1,,298,50,1876.272201538086,1561.7704391479492,155.80198860448968,1
3441,completed,SambaNova,gemma-4-31B-it,906,"FAIL
result mismatch (order_matters=True)
predicted: SELECT
  T1.name
FROM Highschooler AS T1
JOIN Likes AS T2
  ON T1.ID = T2.liked_id
GROUP BY
  T2.liked_id
ORDER BY
  COUNT(*) DESC
LIMIT 1
gold: SELECT T2.name FROM Likes AS T1 JOIN Highschooler AS T2 ON T1.student_id  =  T2.id GROUP BY T1.student_id ORDER BY count(*) DESC LIMIT 1",0,1,,298,64,1929.701328277588,1561.7704391479492,171.2278089752944,1
3442,completed,SambaNova,gemma-4-31B-it,907,"FAIL
result mismatch (order_matters=True)
predicted: SELECT T1.name 
FROM Highschooler AS T1 
JOIN Likes AS T2 ON T1.ID = T2.liked_id 
GROUP BY T2.liked_id 
ORDER BY COUNT(*) DESC 
LIMIT 1
gold: SELECT T2.name FROM Likes AS T1 JOIN Highschooler AS T2 ON T1.student_id  =  T2.id GROUP BY T1.student_id ORDER BY count(*) DESC LIMIT 1",0,1,,298,61,1928.1201362609863,1561.7704391479492,163.77794351359054,1
3443,completed,SambaNova,gemma-4-31B-it,908,PASS,1,1,,302,58,1975.5833148956299,1609.349250793457,155.6381712873601,1
3444,completed,SambaNova,gemma-4-31B-it,909,PASS,1,1,,302,58,1975.7897853851318,1609.349250793457,155.5504771422604,1
3445,completed,SambaNova,gemma-4-31B-it,910,PASS,1,1,,302,66,1981.5106391906738,1609.349250793457,174.6554103313478,1
3446,completed,SambaNova,gemma-4-31B-it,911,PASS,1,1,,302,66,1981.3106060028076,1609.349250793457,174.7493364288237,1
3447,completed,SambaNova,gemma-4-31B-it,912,PASS,1,1,,292,45,1874.0708827972412,1605.3247451782227,163.723283206308,1
3448,completed,SambaNova,gemma-4-31B-it,913,PASS,1,1,,292,45,1874.239444732666,1605.3247451782227,163.62065767658768,1
3449,completed,SambaNova,gemma-4-31B-it,914,PASS,1,1,,292,39,1869.297981262207,1605.3247451782227,143.95398777438982,1
3450,completed,SambaNova,gemma-4-31B-it,915,"FAIL
result mismatch (order_matters=False)
predicted: SELECT
  AVG(T1.grade)
FROM Highschooler AS T1
JOIN Friend AS T2
  ON T1.ID = T2.student_id
gold: SELECT avg(grade) FROM Highschooler WHERE id IN (SELECT T1.student_id FROM Friend AS T1 JOIN Highschooler AS T2 ON T1.student_id  =  T2.id)",0,1,,292,44,1874.417781829834,1605.3247451782227,159.79603387385728,1
3451,completed,SambaNova,gemma-4-31B-it,916,PASS,1,1,,823,26,1770.4057693481445,1608.1256866455078,154.0546417258746,1
3452,completed,SambaNova,gemma-4-31B-it,917,PASS,1,1,,823,26,1770.2627182006836,1608.1256866455078,154.1905618982078,1
3453,completed,SambaNova,gemma-4-31B-it,918,PASS,1,1,,823,17,1764.8835182189941,1608.1256866455078,102.06826567704452,1
3454,completed,SambaNova,gemma-4-31B-it,919,PASS,1,1,,823,17,1765.0299072265625,1608.1256866455078,101.9730376961696,1
3455,completed,SambaNova,gemma-4-31B-it,920,"FAIL
result mismatch (order_matters=False)
predicted: SELECT
  AVG(T1.age)
FROM Dogs AS T1
JOIN Treatments AS T2
  ON T1.dog_id = T2.dog_id
gold: SELECT avg(age) FROM Dogs WHERE dog_id IN ( SELECT dog_id FROM Treatments )",0,1,,844,44,1936.1460208892822,1622.035264968872,136.89438896799638,1
3456,completed,SambaNova,gemma-4-31B-it,921,"FAIL
result mismatch (order_matters=False)
predicted: SELECT
  AVG(T1.age)
FROM Dogs AS T1
JOIN Treatments AS T2
  ON T1.dog_id = T2.dog_id
gold: SELECT avg(age) FROM Dogs WHERE dog_id IN ( SELECT dog_id FROM Treatments )",0,1,,844,44,1936.356544494629,1622.035264968872,136.80270093350902,1
3457,completed,SambaNova,gemma-4-31B-it,922,PASS,1,1,,844,78,2041.532278060913,1622.035264968872,183.5531543656202,1
3458,completed,SambaNova,gemma-4-31B-it,923,PASS,1,1,,844,78,2041.2781238555908,1622.035264968872,183.66442830885697,1
3459,completed,SambaNova,gemma-4-31B-it,924,"FAIL
result mismatch (order_matters=False)
predicted: SELECT T1.name FROM Dogs AS T1 JOIN Treatments AS T2 ON T1.dog_id = T2.dog_id GROUP BY T1.dog_id HAVING SUM(T2.cost_of_treatment) <= 1000
gold: select name from dogs where dog_id not in ( select dog_id from treatments group by dog_id having sum(cost_of_treatment)  >  1000 )",0,1,,837,61,1982.3241233825684,1616.4474487304688,163.98968329165032,1
3460,completed,SambaNova,gemma-4-31B-it,925,"FAIL
result mismatch (order_matters=False)
predicted: SELECT
  T1.name
FROM Dogs AS T1
JOIN Treatments AS T2
  ON T1.dog_id = T2.dog_id
GROUP BY
  T1.dog_id
HAVING
  SUM(T2.cost_of_treatment) <= 1000
gold: select name from dogs where dog_id not in ( select dog_id from treatments group by dog_id having sum(cost_of_treatment)  >  1000 )",0,1,,837,74,2034.5680713653564,1616.4474487304688,174.59076651128314,1
3461,completed,SambaNova,gemma-4-31B-it,926,PASS,1,1,,837,29,1826.4412879943848,1616.4474487304688,133.33724502655608,1
3462,completed,SambaNova,gemma-4-31B-it,927,PASS,1,1,,832,29,1052.2494316101074,902.1813869476318,186.58202725954075,1
3463,completed,SambaNova,gemma-4-31B-it,928,PASS,1,1,,834,35,1868.3128356933594,1607.0454120635986,130.1348615439368,1
3464,completed,SambaNova,gemma-4-31B-it,929,PASS,1,1,,834,37,1868.5200214385986,1607.0454120635986,137.68067226890756,1
3465,completed,SambaNova,gemma-4-31B-it,930,PASS,1,1,,834,84,2076.1027336120605,1607.0454120635986,176.9506544018941,1
3466,completed,SambaNova,gemma-4-31B-it,931,PASS,1,1,,832,84,1335.597038269043,890.1047706604004,186.31075337297233,1
3467,completed,SambaNova,gemma-4-31B-it,932,PASS,1,1,,835,82,2096.1997509002686,1625.7760524749756,172.1852029800821,1
3468,completed,SambaNova,gemma-4-31B-it,933,PASS,1,1,,835,82,2096.423387527466,1625.7760524749756,172.1033860543718,1
3469,completed,SambaNova,gemma-4-31B-it,934,PASS,1,1,,835,67,2043.614149093628,1625.7760524749756,157.95591769660035,1
3470,completed,SambaNova,gemma-4-31B-it,935,PASS,1,1,,835,67,2043.8523292541504,1625.7760524749756,157.86592941474356,1
3471,completed,SambaNova,gemma-4-31B-it,936,PASS,1,1,,836,97,2191.6260719299316,1617.6986694335938,167.2685422972334,1
3472,completed,SambaNova,gemma-4-31B-it,937,"FAIL
result mismatch (order_matters=True)
predicted: SELECT
  T2.owner_id,
  T2.last_name
FROM Treatments AS T1
JOIN Dogs AS T3
  ON T1.dog_id = T3.dog_id
JOIN Owners AS T2
  ON T3.owner_id = T2.owner_id
GROUP BY
  T2.owner_id
ORDER BY
  SUM(T1.cost_of_treatment) DESC
LIMIT 1
gold: SELECT T1.owner_id ,  T1.last_name FROM Owners AS T1 JOIN Dogs AS T2 ON T1.owner_id  =  T2.owner_id JOIN Treatments AS T3 ON T2.dog_id  =  T3.dog_id GROUP BY T1.owner_id ORDER BY count(*) DESC LIMIT 1",0,1,,836,106,2193.3844089508057,1617.6986694335938,182.3911776728329,1
3473,completed,SambaNova,gemma-4-31B-it,938,PASS,1,1,,836,85,2139.8918628692627,1617.6986694335938,160.86000556104202,1
3474,completed,SambaNova,gemma-4-31B-it,939,PASS,1,1,,836,85,2140.204906463623,1617.6986694335938,160.76363121991284,1
3475,completed,SambaNova,gemma-4-31B-it,940,PASS,1,1,,836,106,2194.446086883545,1620.6786632537842,183.00097857726087,1
3476,completed,SambaNova,gemma-4-31B-it,941,PASS,1,1,,836,106,2194.6675777435303,1620.6786632537842,182.9303621540164,1
3477,completed,SambaNova,gemma-4-31B-it,942,"FAIL
result mismatch (order_matters=False)
predicted: SELECT
  T1.professional_id,
  T1.cell_number
FROM Professionals AS T1
JOIN Treatments AS T2
  ON T1.professional_id = T2.professional_id
GROUP BY
  T1.professional_id
HAVING
  COUNT(DISTINCT T2.treatment_type_code) >= 2
gold: SELECT T1.professional_id ,  T1.cell_number FROM Professionals AS T1 JOIN Treatments AS T2 ON T1.professional_id  =  T2.professional_id GROUP BY T1.professional_id HAVING count(*)  >=  2",0,1,,836,84,2141.7782306671143,1620.6786632537842,159.27858165763044,1
3478,completed,SambaNova,gemma-4-31B-it,943,"FAIL
result mismatch (order_matters=False)
predicted: SELECT
  professional_id,
  cell_number
FROM Professionals
JOIN Treatments USING (professional_id)
GROUP BY
  professional_id
HAVING
  COUNT(DISTINCT treatment_type_code) >= 2
gold: SELECT T1.professional_id ,  T1.cell_number FROM Professionals AS T1 JOIN Treatments AS T2 ON T1.professional_id  =  T2.professional_id GROUP BY T1.professional_id HAVING count(*)  >=  2",0,1,,836,56,1986.1042499542236,1620.6786632537842,150.5094388617256,1
3479,completed,SambaNova,gemma-4-31B-it,944,"FAIL
result mismatch (order_matters=False)
predicted: SELECT
  T2.first_name,
  T2.last_name
FROM Treatments AS T1
JOIN Professionals AS T2
  ON T1.professional_id = T2.professional_id
WHERE
  T1.cost_of_treatment < (
    SELECT
      AVG(cost_of_treatment)
    FROM Treatments
  )
gold: SELECT DISTINCT T1.first_name ,  T1.last_name FROM Professionals AS T1 JOIN Treatments AS T2 WHERE cost_of_treatment  <  ( SELECT avg(cost_of_treatment) FROM Treatments )",0,1,,835,85,2089.141845703125,1618.6962127685547,178.55410725362762,1
3480,completed,SambaNova,gemma-4-31B-it,945,"FAIL
result mismatch (order_matters=False)
predicted: SELECT
  T2.first_name,
  T2.last_name
FROM Treatments AS T1
JOIN Professionals AS T2
  ON T1.professional_id = T2.professional_id
WHERE
  T1.cost_of_treatment < (
    SELECT
      AVG(cost_of_treatment)
    FROM Treatments
  )
gold: SELECT DISTINCT T1.first_name ,  T1.last_name FROM Professionals AS T1 JOIN Treatments AS T2 WHERE cost_of_treatment  <  ( SELECT avg(cost_of_treatment) FROM Treatments )",0,1,,835,85,2089.385747909546,1618.6962127685547,178.46158397135065,1
3481,completed,SambaNova,gemma-4-31B-it,946,PASS,1,1,,835,54,1984.9231243133545,1618.6962127685547,144.71902071979932,1
3482,completed,SambaNova,gemma-4-31B-it,947,PASS,1,1,,835,54,1985.2283000946045,1618.6962127685547,144.59852720303223,1
3483,completed,SambaNova,gemma-4-31B-it,948,PASS,1,1,,833,62,1985.7521057128906,1567.657709121704,145.90006586394392,1
3484,completed,SambaNova,gemma-4-31B-it,949,PASS,1,1,,833,62,1985.9766960144043,1567.657709121704,145.8217339191602,1
3485,completed,SambaNova,gemma-4-31B-it,950,"FAIL
result mismatch (order_matters=False)
predicted: SELECT
  T1.first_name,
  T1.last_name,
  T3.size_description
FROM Owners AS T1
JOIN Dogs AS T2
  ON T1.owner_id = T2.owner_id
JOIN Sizes AS T3
  ON T2.size_code = T3.size_code
gold: SELECT T1.first_name ,  T1.last_name ,  T2.size_code FROM Owners AS T1 JOIN Dogs AS T2 ON T1.owner_id  =  T2.owner_id",0,1,,833,83,2038.503885269165,1567.657709121704,174.15454166143425,1
3486,completed,SambaNova,gemma-4-31B-it,951,"FAIL
result mismatch (order_matters=False)
predicted: SELECT
  T1.first_name,
  T1.last_name,
  T3.size_description
FROM Owners AS T1
JOIN Dogs AS T2
  ON T1.owner_id = T2.owner_id
JOIN Sizes AS T3
  ON T2.size_code = T3.size_code
gold: SELECT T1.first_name ,  T1.last_name ,  T2.size_code FROM Owners AS T1 JOIN Dogs AS T2 ON T1.owner_id  =  T2.owner_id",0,1,,833,83,2038.7248992919922,1567.657709121704,174.07283230733492,1
3487,completed,SambaNova,gemma-4-31B-it,952,PASS,1,1,,830,42,1928.5097122192383,1615.3831481933594,130.93746973384054,1
3488,completed,SambaNova,gemma-4-31B-it,953,PASS,1,1,,830,42,1928.3146858215332,1615.3831481933594,131.01907308785323,1
3489,completed,SambaNova,gemma-4-31B-it,954,PASS,1,1,,830,101,2188.258647918701,1615.3831481933594,174.55799741469792,1
3490,completed,SambaNova,gemma-4-31B-it,955,PASS,1,1,,830,101,2188.57741355896,1615.3831481933594,174.46092196372024,1
3491,completed,SambaNova,gemma-4-31B-it,956,PASS,1,1,,838,61,1978.142499923706,1612.4241352081299,164.06067014617318,1
3492,completed,SambaNova,gemma-4-31B-it,957,PASS,1,1,,838,50,1926.8443584442139,1612.4241352081299,155.8423930104779,1
3493,completed,SambaNova,gemma-4-31B-it,958,"FAIL
result mismatch (order_matters=False)
predicted: SELECT
  T1.date_arrived,
  T1.date_departed
FROM Dogs AS T1
JOIN Treatments AS T2
  ON T1.dog_id = T2.dog_id
gold: SELECT DISTINCT T1.date_arrived ,  T1.date_departed FROM Dogs AS T1 JOIN Treatments AS T2 ON T1.dog_id  =  T2.dog_id",0,1,,838,54,1978.5358905792236,1612.4241352081299,144.76454039635735,1
3494,completed,SambaNova,gemma-4-31B-it,959,"FAIL
result mismatch (order_matters=False)
predicted: SELECT
  T1.date_arrived,
  T1.date_departed
FROM Dogs AS T1
JOIN Treatments AS T2
  ON T1.dog_id = T2.dog_id
gold: SELECT DISTINCT T1.date_arrived ,  T1.date_departed FROM Dogs AS T1 JOIN Treatments AS T2 ON T1.dog_id  =  T2.dog_id",0,1,,838,54,1978.3804416656494,1612.4241352081299,144.82603268418404,1
3495,completed,SambaNova,gemma-4-31B-it,960,"FAIL
result mismatch (order_matters=False)
predicted: SELECT
  T1.last_name
FROM Owners AS T1
JOIN Dogs AS T2
  ON T1.owner_id = T2.owner_id
ORDER BY
  T2.date_of_birth DESC
LIMIT 1
gold: SELECT T1.last_name FROM Owners AS T1 JOIN Dogs AS T2 ON T1.owner_id  =  T2.owner_id WHERE T2.age  =  ( SELECT max(age) FROM Dogs )",0,1,,833,61,1928.6103248596191,1562.6797676086426,163.96553611358698,1
3496,completed,SambaNova,gemma-4-31B-it,961,"FAIL
result mismatch (order_matters=False)
predicted: SELECT
  T1.last_name
FROM Owners AS T1
JOIN Dogs AS T2
  ON T1.owner_id = T2.owner_id
ORDER BY
  T2.date_of_birth DESC
LIMIT 1
gold: SELECT T1.last_name FROM Owners AS T1 JOIN Dogs AS T2 ON T1.owner_id  =  T2.owner_id WHERE T2.age  =  ( SELECT max(age) FROM Dogs )",0,1,,833,61,1928.8816452026367,1562.6797676086426,163.8440534336136,1
3497,completed,SambaNova,gemma-4-31B-it,962,PASS,1,1,,833,23,1773.2160091400146,1562.6797676086426,104.49507334214367,1
3498,completed,SambaNova,gemma-4-31B-it,963,PASS,1,1,,833,23,1772.9434967041016,1562.6797676086426,104.63050424646507,1
3499,completed,SambaNova,gemma-4-31B-it,964,PASS,1,1,,827,18,1717.0743942260742,1609.7462177276611,158.39270315238568,1
3500,completed,SambaNova,gemma-4-31B-it,965,PASS,1,1,,827,18,1717.2062397003174,1609.7462177276611,158.198367057153,1
3501,completed,SambaNova,gemma-4-31B-it,966,PASS,1,1,,827,17,1717.4575328826904,1609.7462177276611,148.54521065842656,1
3502,completed,SambaNova,gemma-4-31B-it,967,PASS,1,1,,827,17,1717.358112335205,1609.7462177276611,148.68244870468388,1
3503,completed,SambaNova,gemma-4-31B-it,968,PASS,1,1,,837,17,1716.3431644439697,1559.2546463012695,101.85340207656361,1
3504,completed,SambaNova,gemma-4-31B-it,969,PASS,1,1,,837,17,1716.5460586547852,1559.2546463012695,101.72201877137245,1
3505,completed,SambaNova,gemma-4-31B-it,970,PASS,1,1,,837,23,1719.1169261932373,1559.2546463012695,137.61845517821482,1
3506,completed,SambaNova,gemma-4-31B-it,971,PASS,1,1,,837,23,1719.2418575286865,1559.2546463012695,137.51099122996564,1
3507,completed,SambaNova,gemma-4-31B-it,972,PASS,1,1,,837,25,1827.258586883545,1617.1398162841797,114.22111376123054,1
3508,completed,SambaNova,gemma-4-31B-it,973,PASS,1,1,,837,25,1827.402114868164,1617.1398162841797,114.14314483209057,1
3509,completed,SambaNova,gemma-4-31B-it,974,PASS,1,1,,837,36,1832.5397968292236,1617.1398162841797,162.48840836213947,1
3510,completed,SambaNova,gemma-4-31B-it,975,PASS,1,1,,837,36,1832.6809406280518,1617.1398162841797,162.38200532053162,1
3511,completed,SambaNova,gemma-4-31B-it,976,PASS,1,1,,826,25,1826.9028663635254,1616.755723953247,114.20569285279112,1
3512,completed,SambaNova,gemma-4-31B-it,977,PASS,1,1,,826,25,1827.2786140441895,1616.755723953247,114.00185504594013,1
3513,completed,SambaNova,gemma-4-31B-it,978,PASS,1,1,,826,38,1833.7700366973877,1616.755723953247,170.4956670006504,1
3514,completed,SambaNova,gemma-4-31B-it,979,PASS,1,1,,826,38,1833.9242935180664,1616.755723953247,170.37456236942444,1
3515,completed,SambaNova,gemma-4-31B-it,980,PASS,1,1,,828,38,1810.7635974884033,1596.1859226226807,172.43173141452704,1
3516,completed,SambaNova,gemma-4-31B-it,981,PASS,1,1,,828,24,1805.9351444244385,1596.1859226226807,109.65475724977038,1
3517,completed,SambaNova,gemma-4-31B-it,982,PASS,1,1,,828,38,1810.9450340270996,1596.1859226226807,172.28605463134113,1
3518,completed,SambaNova,gemma-4-31B-it,983,PASS,1,1,,828,24,1805.7410717010498,1596.1859226226807,109.75631045648271,1
3519,completed,SambaNova,gemma-4-31B-it,984,PASS,1,1,,847,21,1772.2911834716797,1613.2433414459229,125.74832670009519,1
3520,completed,SambaNova,gemma-4-31B-it,985,PASS,1,1,,847,21,1772.1776962280273,1613.2433414459229,125.83811742539592,1
3521,completed,SambaNova,gemma-4-31B-it,986,PASS,1,1,,847,13,1771.9416618347168,1613.2433414459229,75.61516700744708,1
3522,completed,SambaNova,gemma-4-31B-it,987,PASS,1,1,,847,13,1772.376537322998,1613.2433414459229,75.40852764164667,1
3523,completed,SambaNova,gemma-4-31B-it,988,PASS,1,1,,828,13,1721.7965126037598,1613.898515701294,111.21615177756614,1
3524,completed,SambaNova,gemma-4-31B-it,989,PASS,1,1,,828,13,1721.4412689208984,1613.898515701294,111.58352971953168,1
3525,completed,SambaNova,gemma-4-31B-it,990,PASS,1,1,,828,16,1721.6212749481201,1613.898515701294,139.24634037297875,1
3526,completed,SambaNova,gemma-4-31B-it,991,PASS,1,1,,828,16,1721.7159271240234,1613.898515701294,139.12409695302497,1
3527,completed,SambaNova,gemma-4-31B-it,992,PASS,1,1,,827,15,1723.646640777588,1615.8673763275146,129.89511546059254,1
3528,completed,SambaNova,gemma-4-31B-it,993,PASS,1,1,,827,15,1723.966121673584,1615.8673763275146,129.5112163899788,1
3529,completed,SambaNova,gemma-4-31B-it,994,PASS,1,1,,827,20,1723.8736152648926,1615.8673763275146,175.91576363487863,1
3530,completed,SambaNova,gemma-4-31B-it,995,PASS,1,1,,827,20,1724.0815162658691,1615.8673763275146,175.57779427737987,1
3531,completed,SambaNova,gemma-4-31B-it,996,"FAIL
result mismatch (order_matters=False)
predicted: SELECT DISTINCT T1.breed_name, T2.size_description FROM Breeds AS T1 JOIN Dogs AS T3 ON T1.breed_code = T3.breed_code JOIN Sizes AS T2 ON T3.size_code = T2.size_code
gold: SELECT DISTINCT breed_code ,  size_code FROM dogs",0,1,,832,65,1976.525068283081,1559.096097946167,153.31949756229068,1
3532,completed,SambaNova,gemma-4-31B-it,997,"FAIL
result mismatch (order_matters=False)
predicted: SELECT DISTINCT T1.breed_name, T2.size_description FROM Dogs AS T3 JOIN Breeds AS T1 ON T3.breed_code = T1.breed_code JOIN Sizes AS T2 ON T3.size_code = T2.size_code
gold: SELECT DISTINCT breed_code ,  size_code FROM dogs",0,1,,832,65,1976.8903255462646,1559.096097946167,153.18545774945272,1
3533,completed,SambaNova,gemma-4-31B-it,998,"FAIL
result mismatch (order_matters=False)
predicted: SELECT
  T1.first_name,
  T3.treatment_type_description
FROM Professionals AS T1
JOIN Treatments AS T2
  ON T1.professional_id = T2.professional_id
JOIN Treatment_Types AS T3
  ON T2.treatment_type_code = T3.treatment_type_code
gold: SELECT DISTINCT T1.first_name ,  T3.treatment_type_description FROM professionals AS T1 JOIN Treatments AS T2 ON T1.professional_id  =  T2.professional_id JOIN Treatment_types AS T3 ON T2.treatment_type_code  =  T3.treatment_type_code",0,1,,832,82,2029.339075088501,1559.096097946167,172.25137628261226,1
3534,completed,SambaNova,gemma-4-31B-it,999,"FAIL
result mismatch (order_matters=False)
predicted: SELECT
  T1.first_name,
  T3.treatment_type_description
FROM Professionals AS T1
JOIN Treatments AS T2
  ON T1.professional_id = T2.professional_id
JOIN Treatment_Types AS T3
  ON T2.treatment_type_code = T3.treatment_type_code
gold: SELECT DISTINCT T1.first_name ,  T3.treatment_type_description FROM professionals AS T1 JOIN Treatments AS T2 ON T1.professional_id  =  T2.professional_id JOIN Treatment_types AS T3 ON T2.treatment_type_code  =  T3.treatment_type_code",0,1,,832,82,2029.123067855835,1559.096097946167,172.33053672551378,1
3535,completed,SambaNova,gemma-4-31B-it,1000,PASS,1,1,,249,11,1716.1285877227783,1610.2373600006104,94.43652902238033,1
3536,completed,SambaNova,gemma-4-31B-it,1001,PASS,1,1,,249,11,1716.2516117095947,1610.2373600006104,94.32694037638085,1
3537,completed,SambaNova,gemma-4-31B-it,1002,PASS,1,1,,249,18,1720.9296226501465,1610.2373600006104,153.5789367123506,1
3538,completed,SambaNova,gemma-4-31B-it,1003,PASS,1,1,,249,18,1721.0383415222168,1610.2373600006104,153.42824374425746,1
3539,completed,SambaNova,gemma-4-31B-it,1004,PASS,1,1,,250,14,1673.4461784362793,1565.5360221862793,120.47058823529412,1
3540,completed,SambaNova,gemma-4-31B-it,1005,PASS,1,1,,250,14,1673.3229160308838,1565.5360221862793,120.6083553974753,1
3541,completed,SambaNova,gemma-4-31B-it,1006,PASS,1,1,,250,15,1673.6078262329102,1565.5360221862793,129.54350233627335,1
3542,completed,SambaNova,gemma-4-31B-it,1007,"FAIL
result mismatch (order_matters=False)
predicted: SELECT Name FROM singer WHERE Citizenship != 'French'
gold: SELECT Name FROM singer WHERE Citizenship != ""France""",0,1,,250,15,1673.7077236175537,1565.5360221862793,129.42386793180592,1
3543,completed,SambaNova,gemma-4-31B-it,1008,PASS,1,1,,261,30,1720.8378314971924,1560.3492259979248,180.69818670168672,1
3544,completed,SambaNova,gemma-4-31B-it,1009,PASS,1,1,,261,30,1720.9599018096924,1560.3492259979248,180.56084910561864,1
3545,completed,SambaNova,gemma-4-31B-it,1010,PASS,1,1,,261,21,1718.1549072265625,1560.3492259979248,126.73814937640225,1
3546,completed,SambaNova,gemma-4-31B-it,1011,PASS,1,1,,261,21,1718.3637619018555,1560.3492259979248,126.5706340596384,1
3547,completed,SambaNova,gemma-4-31B-it,1012,PASS,1,1,,251,16,1710.8776569366455,1553.7292957305908,95.45120219441444,1
3548,completed,SambaNova,gemma-4-31B-it,1013,PASS,1,1,,251,16,1711.1902236938477,1553.7292957305908,95.26172742675705,1
3549,completed,SambaNova,gemma-4-31B-it,1014,PASS,1,1,,251,21,1711.301326751709,1553.7292957305908,126.92607863459952,1
3550,completed,SambaNova,gemma-4-31B-it,1015,PASS,1,1,,251,21,1711.090087890625,1553.7292957305908,127.096462374568,1
3551,completed,SambaNova,gemma-4-31B-it,1016,PASS,1,1,,252,22,1822.6006031036377,1612.642526626587,100.01996756859877,1
3552,completed,SambaNova,gemma-4-31B-it,1017,PASS,1,1,,252,22,1822.4308490753174,1612.642526626587,100.10090054050615,1
3553,completed,SambaNova,gemma-4-31B-it,1018,PASS,1,1,,252,40,1827.6147842407227,1612.642526626587,181.41875808925548,1
3554,completed,SambaNova,gemma-4-31B-it,1019,PASS,1,1,,252,40,1827.7788162231445,1612.642526626587,181.28043424536236,1
3555,completed,SambaNova,gemma-4-31B-it,1020,PASS,1,1,,258,49,1942.1768188476562,1627.6824474334717,152.62594298320425,1
3556,completed,SambaNova,gemma-4-31B-it,1021,PASS,1,1,,258,49,1942.4316883087158,1627.6824474334717,152.50235351330224,1
3557,completed,SambaNova,gemma-4-31B-it,1022,PASS,1,1,,258,58,1947.4189281463623,1627.6824474334717,178.27180643544867,1
3558,completed,SambaNova,gemma-4-31B-it,1023,PASS,1,1,,258,58,1947.5831985473633,1627.6824474334717,178.18026310199804,1
3559,completed,SambaNova,gemma-4-31B-it,1024,PASS,1,1,,252,51,1867.9020404815674,1554.7819137573242,159.68312392781354,1
3560,completed,SambaNova,gemma-4-31B-it,1025,PASS,1,1,,252,49,1868.0908679962158,1554.7819137573242,153.20340944804593,1
3561,completed,SambaNova,gemma-4-31B-it,1026,PASS,1,1,,252,23,1764.500617980957,1554.7819137573242,104.9024219439215,1
3562,completed,SambaNova,gemma-4-31B-it,1027,PASS,1,1,,252,23,1764.3613815307617,1554.7819137573242,104.97211503458318,1
3563,completed,SambaNova,gemma-4-31B-it,1028,PASS,1,1,,691,39,1871.8640804290771,1610.4562282562256,145.3667121478552,1
3564,completed,SambaNova,gemma-4-31B-it,1029,PASS,1,1,,691,39,1872.0338344573975,1610.4562282562256,145.27237461900805,1
3565,completed,SambaNova,gemma-4-31B-it,1030,PASS,1,1,,691,15,1768.1770324707031,1610.4562282562256,88.76444721244269,1
3566,completed,SambaNova,gemma-4-31B-it,1031,PASS,1,1,,691,71,2028.0394554138184,1610.4562282562256,167.63125395738783,1
3567,completed,SambaNova,gemma-4-31B-it,1032,PASS,1,1,,699,48,1144.2508697509766,846.8353748321533,158.02808126331215,1
3568,completed,SambaNova,gemma-4-31B-it,1033,"FAIL
result mismatch (order_matters=False)
predicted: SELECT
  T1.property_name
FROM Properties AS T1
JOIN Ref_Property_Types AS T2
  ON T1.property_type_code = T2.property_type_code
WHERE
  (
    T2.property_type_description = 'House'
    OR T2.property_type_description = 'Apartment'
  )
  AND T1.room_count > 1
gold: SELECT property_name FROM Properties WHERE property_type_code  =  ""House"" UNION SELECT property_name FROM Properties WHERE property_type_code  =  ""Apartment"" AND room_count  >  1",0,1,,699,101,1390.169382095337,846.8353748321533,184.0488514674572,1
3569,completed,SambaNova,gpt-oss-120b,500,"FAIL
result mismatch (order_matters=True)
predicted: SELECT s.id, s.name
FROM ship s
JOIN (
    SELECT caused_by_ship_id, SUM(injured) AS total_injured
    FROM death
    GROUP BY caused_by_ship_id
) d ON s.id = d.caused_by_ship_id
ORDER BY d.total_injured DESC
LIMIT 1
gold: SELECT T2.id ,  T2.name FROM death AS T1 JOIN ship AS t2 ON T1.caused_by_ship_id  =  T2.id GROUP BY T2.id ORDER BY count(*) DESC LIMIT 1",0,1,,366,210,559.5896244049072,205.82151412963867,590.7824756657013,1
3570,completed,SambaNova,gpt-oss-120b,501,PASS,1,1,,381,102,211.44866943359375,52.06108093261719,633.6754382815773,1
3571,completed,SambaNova,gpt-oss-120b,502,PASS,1,1,,363,51,324.76210594177246,205.82151412963867,420.37793185840883,1
3572,completed,SambaNova,gpt-oss-120b,503,PASS,1,1,,368,165,501.4307498931885,205.82151412963867,554.7864550861982,1
3573,completed,SambaNova,gpt-oss-120b,504,PASS,1,1,,382,250,395.6131935119629,51.184654235839844,722.9366083406362,1
3574,completed,SambaNova,gpt-oss-120b,505,PASS,1,1,,375,223,560.1856708526611,205.82151412963867,626.4741955082079,1
3575,completed,SambaNova,gpt-oss-120b,506,PASS,1,1,,368,82,228.96385192871094,80.5051326751709,545.6062157027435,1
3576,completed,SambaNova,gpt-oss-120b,507,PASS,1,1,,949,135,238.4035587310791,52.2308349609375,719.7617206559393,1
3577,completed,SambaNova,gpt-oss-120b,508,PASS,1,1,,946,77,228.44386100769043,80.5051326751709,513.726195004029,1
3578,completed,SambaNova,gpt-oss-120b,509,PASS,1,1,,943,40,170.46046257019043,80.5051326751709,433.54851842035515,1
3579,completed,SambaNova,gpt-oss-120b,510,PASS,1,1,,941,39,283.4029197692871,193.6626434326172,423.44420533584133,1
3580,completed,SambaNova,gpt-oss-120b,511,PASS,1,1,,942,144,263.0188465118408,50.916194915771484,674.2018495475049,1
3581,completed,SambaNova,gpt-oss-120b,512,PASS,1,1,,945,125,262.64190673828125,50.916194915771484,585.6633988032097,1
3582,completed,SambaNova,gpt-oss-120b,513,PASS,1,1,,949,81,184.51452255249023,51.93901062011719,603.4296894950563,1
3583,completed,SambaNova,gpt-oss-120b,514,PASS,1,1,,944,109,212.26167678833008,52.8867244720459,677.6472615701299,1
3584,completed,SambaNova,gpt-oss-120b,515,PASS,1,1,,950,176,291.0163402557373,51.9864559173584,732.1260288619978,1
3585,completed,SambaNova,gpt-oss-120b,516,PASS,1,1,,951,204,518.0761814117432,193.6626434326172,625.7445397148063,1
3586,completed,SambaNova,gpt-oss-120b,517,PASS,1,1,,942,140,429.54421043395996,193.6626434326172,589.278771406537,1
3587,completed,SambaNova,gpt-oss-120b,518,PASS,1,1,,942,103,400.2809524536133,193.6626434326172,493.6638988253214,1
3588,completed,SambaNova,gpt-oss-120b,519,PASS,1,1,,943,75,289.1502380371094,182.16419219970703,691.6789887950937,1
3589,completed,SambaNova,gpt-oss-120b,520,"FAIL
result mismatch (order_matters=False)
predicted: SELECT COUNT(*) AS total_degrees_offered
FROM Degree_Programs
gold: SELECT count(DISTINCT degree_summary_name) FROM Degree_Programs",0,1,,942,99,186.9370937347412,52.999258041381836,731.6827205149383,1
3590,completed,SambaNova,gpt-oss-120b,521,PASS,1,1,,944,118,236.6631031036377,51.79309844970703,632.877140988985,1
3591,completed,SambaNova,gpt-oss-120b,522,PASS,1,1,,944,161,289.28613662719727,51.79309844970703,673.7039587679371,1
3592,completed,SambaNova,gpt-oss-120b,523,PASS,1,1,,946,67,339.05601501464844,190.97256660461426,445.6946452060595,1
3593,completed,SambaNova,gpt-oss-120b,524,PASS,1,1,,946,81,339.10346031188965,190.97256660461426,540.0628997627578,1
3594,completed,SambaNova,gpt-oss-120b,525,"FAIL
result mismatch (order_matters=False)
predicted: SELECT c.course_id, c.course_name
FROM Courses c
LEFT JOIN Sections s ON s.course_id = c.course_id
GROUP BY c.course_id, c.course_name
HAVING COUNT(s.section_id) <= 2
gold: SELECT T1.course_name ,  T1.course_id FROM Courses AS T1 JOIN Sections AS T2 ON T1.course_id  =  T2.course_id GROUP BY T1.course_id HAVING count(*)  <=  2",0,1,,950,201,343.4567451477051,52.561044692993164,687.5316468664582,1
3595,completed,SambaNova,gpt-oss-120b,526,"FAIL
result mismatch (order_matters=False)
predicted: SELECT c.course_id, c.course_name
FROM Courses c
LEFT JOIN Sections s ON s.course_id = c.course_id
GROUP BY c.course_id, c.course_name
HAVING COUNT(s.section_id) < 2
gold: SELECT T1.course_name ,  T1.course_id FROM Courses AS T1 JOIN Sections AS T2 ON T1.course_id  =  T2.course_id GROUP BY T1.course_id HAVING count(*)  <=  2",0,1,,951,193,343.53017807006836,52.561044692993164,659.8638067604983,1
3596,completed,SambaNova,gpt-oss-120b,527,PASS,1,1,,946,67,339.13469314575195,190.97256660461426,445.4579691907627,1
3597,completed,SambaNova,gpt-oss-120b,528,PASS,1,1,,947,73,159.71851348876953,52.55556106567383,671.8739860370122,1
3598,completed,SambaNova,gpt-oss-120b,529,PASS,1,1,,953,217,343.6777591705322,51.72371864318848,739.8424752397627,1
3599,completed,SambaNova,gpt-oss-120b,530,PASS,1,1,,954,349,721.3535308837891,190.97256660461426,656.1321454531396,1
3600,completed,SambaNova,gpt-oss-120b,531,"FAIL
result mismatch (order_matters=False)
predicted: SELECT department_description
FROM Departments
WHERE department_name LIKE '%the computer%'
gold: SELECT department_description FROM Departments WHERE department_name LIKE '%computer%'",0,1,,950,70,232.31911659240723,83.7087631225586,464.30143249742906,1
3601,completed,SambaNova,gpt-oss-120b,532,PASS,1,1,,950,112,212.0966911315918,52.69670486450195,696.3614150757136,1
3602,completed,SambaNova,gpt-oss-120b,533,"FAIL
result mismatch (order_matters=False)
predicted: SELECT DISTINCT s.first_name, s.middle_name, s.last_name, s.student_id
FROM Students s
WHERE EXISTS (
    SELECT 1
    FROM Student_Enrolment se
    WHERE se.student_id = s.student_id
    GROUP BY se.semester_id
    HAVING COUNT(DISTINCT se.degree_program_id) = 2
)
gold: SELECT T1.first_name ,  T1.middle_name ,  T1.last_name ,  T1.student_id FROM Students AS T1 JOIN Student_Enrolment AS T2 ON T1.student_id  =  T2.student_id GROUP BY T1.student_id HAVING count(*)  =  2",0,1,,961,489,820.6532001495361,83.7087631225586,662.1937495976181,1
3603,completed,SambaNova,gpt-oss-120b,534,"FAIL
result mismatch (order_matters=False)
predicted: SELECT s.student_id,
       s.first_name,
       s.middle_name,
       s.last_name
FROM Students s
WHERE EXISTS (
    SELECT 1
    FROM Student_Enrolment se
    WHERE se.student_id = s.student_id
    GROUP BY se.semester_id
    HAVING COUNT(DISTINCT se.degree_program_id) = 2
)
gold: SELECT T1.first_name ,  T1.middle_name ,  T1.last_name ,  T1.student_id FROM Students AS T1 JOIN Student_Enrolment AS T2 ON T1.student_id  =  T2.student_id GROUP BY T1.student_id HAVING count(*)  =  2",0,1,,965,413,732.3360443115234,83.7087631225586,635.1875906989054,1
3604,completed,SambaNova,gpt-oss-120b,535,PASS,1,1,,955,236,372.01833724975586,53.494930267333984,737.7793746032887,1
3605,completed,SambaNova,gpt-oss-120b,536,"FAIL
result mismatch (order_matters=False)
predicted: SELECT DISTINCT s.first_name, s.middle_name, s.last_name
FROM Students s
JOIN Student_Enrolment se ON s.student_id = se.student_id
JOIN Degree_Programs dp ON se.degree_program_id = dp.degree_program_id
WHERE dp.degree_summary_name LIKE '%Bachelors%'
gold: SELECT DISTINCT T1.first_name ,  T1.middle_name ,  T1.last_name FROM Students AS T1 JOIN Student_Enrolment AS T2 ON T1.student_id  =  T2.student_id JOIN Degree_Programs AS T3 ON T2.degree_program_id  =  T3.degree_program_id WHERE T3.degree_summary_name  =  'Bachelor'",0,1,,954,310,585.944652557373,83.7087631225586,615.2487436684975,1
3606,completed,SambaNova,gpt-oss-120b,537,PASS,1,1,,949,284,524.0638256072998,81.64739608764648,639.6688303534812,1
3607,completed,SambaNova,gpt-oss-120b,538,PASS,1,1,,950,247,494.42410469055176,81.64739608764648,595.9638586019496,1
3608,completed,SambaNova,gpt-oss-120b,539,PASS,1,1,,955,255,494.4887161254883,81.64739608764648,615.2484929965777,1
3609,completed,SambaNova,gpt-oss-120b,540,PASS,1,1,,953,279,425.2734184265137,53.914785385131836,748.6024970611669,1
3610,completed,SambaNova,gpt-oss-120b,541,"FAIL
result mismatch (order_matters=True)
predicted: SELECT
    s.student_id AS id,
    s.first_name,
    s.middle_name,
    s.last_name,
    COUNT(e.student_enrolment_id) AS enrollment_count,
    s.student_id AS student_id
FROM Students s
JOIN Student_Enrolment e ON s.student_id = e.student_id
GROUP BY s.student_id, s.first_name, s.middle_name, s.last_name
ORDER BY enrollment_count DESC
LIMIT 1
gold: SELECT T1.student_id ,  T1.first_name ,  T1.middle_name ,  T1.last_name ,  count(*) ,  T1.student_id FROM Students AS T1 JOIN Student_Enrolment AS T2 ON T1.student_id  =  T2.student_id GROUP BY T1.student_id ORDER BY count(*) DESC LIMIT 1",0,1,,969,274,424.59607124328613,53.56097221374512,735.7794470497367,1
3611,completed,SambaNova,gpt-oss-120b,542,"FAIL
result mismatch (order_matters=True)
predicted: SELECT 
    s.first_name,
    s.middle_name,
    s.last_name,
    s.student_id,
    se.enrollment_count
FROM (
    SELECT 
        student_id,
        COUNT(*) AS enrollment_count
    FROM Student_Enrolment
    GROUP BY student_id
) AS se
JOIN Students AS s
    ON s.student_id = se.student_id
ORDER BY se.enrollment_count DESC
LIMIT 1
gold: SELECT T1.student_id ,  T1.first_name ,  T1.middle_name ,  T1.last_name ,  count(*) ,  T1.student_id FROM Students AS T1 JOIN Student_Enrolment AS T2 ON T1.student_id  =  T2.student_id GROUP BY T1.student_id ORDER BY count(*) DESC LIMIT 1",0,1,,967,228,476.43446922302246,159.6384048461914,716.5493057703582,1
3612,completed,SambaNova,gpt-oss-120b,543,PASS,1,1,,949,159,264.37973976135254,51.877498626708984,743.521570202592,1
3613,completed,SambaNova,gpt-oss-120b,544,PASS,1,1,,947,137,238.98792266845703,53.22432518005371,732.1132979699647,1
3614,completed,SambaNova,gpt-oss-120b,545,PASS,1,1,,951,120,238.49153518676758,52.961111068725586,641.4042363439398,1
3615,completed,SambaNova,gpt-oss-120b,546,PASS,1,1,,948,134,238.98553848266602,52.961111068725586,714.9598676309816,1
3616,completed,SambaNova,gpt-oss-120b,547,"FAIL
result mismatch (order_matters=True)
predicted: SELECT c.course_name
FROM Courses c
JOIN Student_Enrolment_Courses sec ON c.course_id = sec.course_id
GROUP BY c.course_id
ORDER BY COUNT(*) DESC
LIMIT 1
gold: SELECT  T1.course_name FROM Courses AS T1 JOIN Student_Enrolment_Courses AS T2 ON T1.course_id  =  T2.course_id GROUP BY T1.course_name ORDER BY count(*) DESC LIMIT 1",0,1,,948,175,293.1845188140869,54.55446243286133,729.1621291914072,1
3617,completed,SambaNova,gpt-oss-120b,548,"FAIL
result mismatch (order_matters=True)
predicted: SELECT c.course_name
FROM Courses c
JOIN Student_Enrolment_Courses sec ON c.course_id = sec.course_id
GROUP BY c.course_id, c.course_name
ORDER BY COUNT(*) DESC
LIMIT 1
gold: SELECT  T1.course_name FROM Courses AS T1 JOIN Student_Enrolment_Courses AS T2 ON T1.course_id  =  T2.course_id GROUP BY T1.course_name ORDER BY count(*) DESC LIMIT 1",0,1,,948,233,372.1435070037842,53.88975143432617,728.9780432751771,1
3618,completed,SambaNova,gpt-oss-120b,549,"FAIL
result mismatch (order_matters=False)
predicted: SELECT s.last_name
FROM Students s
JOIN Addresses a ON s.current_address_id = a.address_id
WHERE a.state_province_county = 'North Carolina'
  AND NOT EXISTS (
    SELECT 1
    FROM Student_Enrolment se
    WHERE se.student_id = s.student_id
  )
gold: SELECT T1.last_name FROM Students AS T1 JOIN Addresses AS T2 ON T1.current_address_id  =  T2.address_id WHERE T2.state_province_county  =  'NorthCarolina' EXCEPT SELECT DISTINCT T3.last_name FROM Students AS T3 JOIN Student_Enrolment AS T4 ON T3.student_id  =  T4.student_id",0,1,,960,276,425.3880977630615,53.952693939208984,740.3709963264957,1
3619,completed,SambaNova,gpt-oss-120b,550,"FAIL
result mismatch (order_matters=False)
predicted: SELECT s.last_name
FROM Students s
JOIN Addresses a ON s.current_address_id = a.address_id
WHERE a.state_province_county = 'North Carolina'
  AND NOT EXISTS (
    SELECT 1
    FROM Student_Enrolment se
    WHERE se.student_id = s.student_id
  )
gold: SELECT T1.last_name FROM Students AS T1 JOIN Addresses AS T2 ON T1.current_address_id  =  T2.address_id WHERE T2.state_province_county  =  'NorthCarolina' EXCEPT SELECT DISTINCT T3.last_name FROM Students AS T3 JOIN Student_Enrolment AS T4 ON T3.student_id  =  T4.student_id",0,1,,957,282,455.6012153625488,57.857513427734375,706.4851024242054,1
3620,completed,SambaNova,gpt-oss-120b,551,PASS,1,1,,951,270,421.16498947143555,50.791025161743164,726.2929523174383,1
3621,completed,SambaNova,gpt-oss-120b,552,PASS,1,1,,952,198,318.90249252319336,53.365468978881836,741.892777777279,1
3622,completed,SambaNova,gpt-oss-120b,553,PASS,1,1,,956,134,238.40618133544922,52.54387855529785,715.5835153797705,1
3623,completed,SambaNova,gpt-oss-120b,554,"FAIL
result mismatch (order_matters=False)
predicted: SELECT cell_mobile_number
FROM Students
WHERE first_name = 'Timmothy' AND last_name = 'Ward'
gold: select cell_mobile_number from students where first_name  =  'timmothy' and last_name  =  'ward'",0,1,,950,122,237.43796348571777,51.509857177734375,650.7891808437382,1
3624,completed,SambaNova,gpt-oss-120b,555,PASS,1,1,,954,111,214.03980255126953,53.50828170776367,685.2236833116002,1
3625,completed,SambaNova,gpt-oss-120b,556,PASS,1,1,,952,148,267.81654357910156,54.9321174621582,690.5155190603224,1
3626,completed,SambaNova,gpt-oss-120b,557,PASS,1,1,,955,167,290.72093963623047,52.32858657836914,696.3310604166459,1
3627,completed,SambaNova,gpt-oss-120b,558,PASS,1,1,,951,155,266.6025161743164,54.12173271179199,724.771423986966,1
3628,completed,SambaNova,gpt-oss-120b,559,PASS,1,1,,955,138,240.19408226013184,54.373741149902344,737.2712760156379,1
3629,completed,SambaNova,gpt-oss-120b,560,PASS,1,1,,955,190,317.9335594177246,53.26128005981445,714.0906499861276,1
3630,completed,SambaNova,gpt-oss-120b,561,"FAIL
result mismatch (order_matters=True)
predicted: SELECT
    a.address_id,
    a.line_1,
    a.line_2,
    a.line_3
FROM
    Addresses a
JOIN (
    SELECT
        current_address_id,
        COUNT(*) AS student_count
    FROM
        Students
    GROUP BY
        current_address_id
) sc ON a.address_id = sc.current_address_id
ORDER BY
    sc.student_count DESC
LIMIT 1
gold: SELECT T1.address_id ,  T1.line_1 ,  T1.line_2 FROM Addresses AS T1 JOIN Students AS T2 ON T1.address_id  =  T2.current_address_id GROUP BY T1.address_id ORDER BY count(*) DESC LIMIT 1",0,1,,953,272,451.0610103607178,54.08883094787598,682.6674866758517,1
3631,completed,SambaNova,gpt-oss-120b,562,PASS,1,1,,956,295,451.5979290008545,54.08883094787598,739.6057132780815,1
3632,completed,SambaNova,gpt-oss-120b,563,"FAIL
result mismatch (order_matters=False)
predicted: SELECT datetime(AVG(julianday(transcript_date))) AS average_transcript_date
FROM Transcripts
gold: SELECT avg(transcript_date) FROM Transcripts",0,1,,944,137,239.00961875915527,52.77824401855469,730.2743707360413,1
3633,completed,SambaNova,gpt-oss-120b,564,"FAIL
result mismatch (order_matters=False)
predicted: SELECT datetime(AVG(julianday(transcript_date))) AS average_transcript_date
FROM Transcripts
gold: SELECT avg(transcript_date) FROM Transcripts",0,1,,942,137,238.71898651123047,52.33192443847656,729.6643795314187,1
3634,completed,SambaNova,gpt-oss-120b,565,PASS,1,1,,948,85,185.55712699890137,52.4287223815918,630.9697786994901,1
3635,completed,SambaNova,gpt-oss-120b,566,PASS,1,1,,953,128,239.93492126464844,54.20851707458496,683.801533518273,1
3636,completed,SambaNova,gpt-oss-120b,567,PASS,1,1,,941,50,133.35609436035156,52.640676498413086,607.0711308688653,1
3637,completed,SambaNova,gpt-oss-120b,568,PASS,1,1,,941,42,131.98447227478027,51.4218807220459,508.9210663383683,1
3638,completed,SambaNova,gpt-oss-120b,569,PASS,1,1,,943,72,161.6833209991455,54.69107627868652,663.5994990618551,1
3639,completed,SambaNova,gpt-oss-120b,570,PASS,1,1,,942,76,159.2705249786377,52.74772644042969,704.0746303064758,1
3640,completed,SambaNova,gpt-oss-120b,571,PASS,1,1,,957,399,600.0096797943115,71.35748863220215,752.8579407286608,1
3641,completed,SambaNova,gpt-oss-120b,572,PASS,1,1,,959,900,1245.4423904418945,54.31532859802246,754.7473555074321,1
3642,completed,SambaNova,gpt-oss-120b,573,"FAIL
result mismatch (order_matters=True)
predicted: SELECT
    t.transcript_id,
    t.transcript_date
FROM
    Transcripts t
LEFT JOIN
    Transcript_Contents tc ON t.transcript_id = tc.transcript_id
GROUP BY
    t.transcript_id,
    t.transcript_date
HAVING
    COUNT(tc.student_course_id) = (
        SELECT MIN(cnt) FROM (
            SELECT
                t2.transcript_id,
                COUNT(tc2.student_course_id) AS cnt
            FROM
                Transcripts t2
            LEFT JOIN
                Transcript_Contents tc2 ON t2.transcript_id = tc2.transcript_id
            GROUP BY
                t2.transcript_id
        )
    )
gold: SELECT T2.transcript_date ,  T1.transcript_id FROM Transcript_Contents AS T1 JOIN Transcripts AS T2 ON T1.transcript_id  =  T2.transcript_id GROUP BY T1.transcript_id ORDER BY count(*) ASC LIMIT 1",0,1,,954,679,949.9473571777344,52.10995674133301,755.1478693919995,1
3643,completed,SambaNova,gpt-oss-120b,574,"FAIL
result mismatch (order_matters=True)
predicted: SELECT
    t.transcript_id,
    t.transcript_date
FROM
    Transcripts t
LEFT JOIN
    Transcript_Contents tc ON t.transcript_id = tc.transcript_id
GROUP BY
    t.transcript_id,
    t.transcript_date
HAVING
    COUNT(tc.student_course_id) = (
        SELECT MIN(cnt) FROM (
            SELECT
                t2.transcript_id,
                COUNT(tc2.student_course_id) AS cnt
            FROM
                Transcripts t2
            LEFT JOIN
                Transcript_Contents tc2 ON t2.transcript_id = tc2.transcript_id
            GROUP BY
                t2.transcript_id
        )
    )
gold: SELECT T2.transcript_date ,  T1.transcript_id FROM Transcript_Contents AS T1 JOIN Transcripts AS T2 ON T1.transcript_id  =  T2.transcript_id GROUP BY T1.transcript_id ORDER BY count(*) ASC LIMIT 1",0,1,,951,497,714.9300575256348,54.20064926147461,750.6855208746798,1
3644,completed,SambaNova,gpt-oss-120b,575,"FAIL
result mismatch (order_matters=False)
predicted: SELECT s.semester_id,
       s.semester_name
FROM Student_Enrolment se
JOIN Degree_Programs dp ON se.degree_program_id = dp.degree_program_id
JOIN Semesters s ON se.semester_id = s.semester_id
GROUP BY s.semester_id, s.semester_name
HAVING SUM(CASE WHEN dp.degree_summary_name LIKE '%Master%' THEN 1 ELSE 0 END) > 0
   AND SUM(CASE WHEN dp.degree_summary_name LIKE '%Bachelor%' THEN 1 ELSE 0 END) > 0
gold: SELECT DISTINCT T2.semester_id FROM Degree_Programs AS T1 JOIN Student_Enrolment AS T2 ON T1.degree_program_id  =  T2.degree_program_id WHERE degree_summary_name  =  'Master' INTERSECT SELECT DISTINCT T2.semester_id FROM Degree_Programs AS T1 JOIN Student_Enrolment AS T2 ON T1.degree_program_id  =  T2.degree_program_id WHERE degree_summary_name  =  'Bachelor'",0,1,,949,448,660.3763103485107,52.89030075073242,735.8194146659649,1
3645,completed,SambaNova,gpt-oss-120b,576,"FAIL
result mismatch (order_matters=False)
predicted: SELECT se.semester_id
FROM Student_Enrolment se
JOIN Degree_Programs dp ON se.degree_program_id = dp.degree_program_id
WHERE dp.degree_summary_name LIKE '%Masters%' 
   OR dp.degree_summary_name LIKE '%Bachelors%'
GROUP BY se.semester_id
HAVING SUM(CASE WHEN dp.degree_summary_name LIKE '%Masters%' THEN 1 ELSE 0 END) > 0
   AND SUM(CASE WHEN dp.degree_summary_name LIKE '%Bachelors%' THEN 1 ELSE 0 END) > 0
gold: SELECT DISTINCT T2.semester_id FROM Degree_Programs AS T1 JOIN Student_Enrolment AS T2 ON T1.degree_program_id  =  T2.degree_program_id WHERE degree_summary_name  =  'Master' INTERSECT SELECT DISTINCT T2.semester_id FROM Degree_Programs AS T1 JOIN Student_Enrolment AS T2 ON T1.degree_program_id  =  T2.degree_program_id WHERE degree_summary_name  =  'Bachelor'",0,1,,952,313,477.1723747253418,53.92575263977051,737.158866059232,1
3646,completed,SambaNova,gpt-oss-120b,577,PASS,1,1,,945,75,162.5063419342041,55.719614028930664,692.9700108953864,1
3647,completed,SambaNova,gpt-oss-120b,578,"FAIL
result mismatch (order_matters=False)
predicted: SELECT DISTINCT
    a.address_id,
    a.line_1,
    a.line_2,
    a.line_3,
    a.city,
    a.zip_postcode,
    a.state_province_county,
    a.country,
    a.other_address_details
FROM Addresses a
WHERE a.address_id IN (
    SELECT current_address_id FROM Students WHERE current_address_id IS NOT NULL
    UNION
    SELECT permanent_address_id FROM Students WHERE permanent_address_id IS NOT NULL
)
gold: SELECT count(DISTINCT current_address_id) FROM Students",0,1,,946,343,527.9862880706787,51.88560485839844,718.3354531073243,1
3648,completed,SambaNova,gpt-oss-120b,579,"FAIL
result mismatch (order_matters=True)
predicted: SELECT *
FROM Students
ORDER BY last_name DESC, first_name DESC, middle_name DESC, student_id DESC
gold: SELECT other_student_details FROM Students ORDER BY other_student_details DESC",0,1,,947,145,264.3008232116699,51.99909210205078,678.2799143811387,1
3649,completed,SambaNova,gpt-oss-120b,580,PASS,1,1,,949,169,291.26787185668945,52.77824401855469,704.4331509210256,1
3650,completed,SambaNova,gpt-oss-120b,581,"FAIL
result mismatch (order_matters=False)
predicted: SELECT *
FROM Sections
WHERE section_name = 'h'
gold: SELECT section_description FROM Sections WHERE section_name  =  'h'",0,1,,940,194,316.9121742248535,51.581382751464844,727.3939030154248,1
3651,completed,SambaNova,gpt-oss-120b,582,PASS,1,1,,945,64,160.46690940856934,53.37691307067871,588.2902432942685,1
3652,completed,SambaNova,gpt-oss-120b,583,"FAIL
result mismatch (order_matters=False)
predicted: SELECT DISTINCT s.first_name
FROM Students s
LEFT JOIN Addresses a ON s.permanent_address_id = a.address_id
WHERE a.country = 'Haiti' OR s.cell_mobile_number = '09700166582'
gold: select t1.first_name from students as t1 join addresses as t2 on t1.permanent_address_id  =  t2.address_id where t2.country  =  'haiti' or t1.cell_mobile_number  =  '09700166582'",0,1,,961,175,291.8505668640137,52.7958869934082,727.8669469854428,1
3653,completed,SambaNova,gpt-oss-120b,584,"FAIL
result mismatch (order_matters=False)
predicted: SELECT s.first_name
FROM Students AS s
LEFT JOIN Addresses AS a ON s.permanent_address_id = a.address_id
WHERE a.country = 'Haiti' OR s.cell_mobile_number = '09700166582'
gold: select t1.first_name from students as t1 join addresses as t2 on t1.permanent_address_id  =  t2.address_id where t2.country  =  'haiti' or t1.cell_mobile_number  =  '09700166582'",0,1,,960,165,291.3200855255127,52.32429504394531,686.2045547728948,1
3654,completed,SambaNova,gpt-oss-120b,585,PASS,1,1,,414,60,156.49080276489258,50.223588943481445,555.2041676669277,1
3655,completed,SambaNova,gpt-oss-120b,586,PASS,1,1,,415,62,157.40370750427246,50.223588943481445,569.1354032735248,1
3656,completed,SambaNova,gpt-oss-120b,587,"FAIL
result mismatch (order_matters=False)
predicted: SELECT *
FROM Cartoon
WHERE Directed_by = 'Ben Jones'
gold: SELECT Title FROM Cartoon WHERE Directed_by = ""Ben Jones"";",0,1,,413,119,211.44819259643555,52.445173263549805,742.1242721998719,1
3657,completed,SambaNova,gpt-oss-120b,588,PASS,1,1,,416,62,156.62479400634766,49.99732971191406,572.0852540538607,1
3658,completed,SambaNova,gpt-oss-120b,589,PASS,1,1,,415,68,159.34491157531738,52.47640609741211,626.9386822654878,1
3659,completed,SambaNova,gpt-oss-120b,590,PASS,1,1,,418,75,158.77676010131836,51.53226852416992,690.012129404023,1
3660,completed,SambaNova,gpt-oss-120b,591,PASS,1,1,,417,85,183.44950675964355,50.19021034240723,630.3500187858945,1
3661,completed,SambaNova,gpt-oss-120b,592,PASS,1,1,,421,119,209.913969039917,50.07791519165039,738.2564644145817,1
3662,completed,SambaNova,gpt-oss-120b,593,PASS,1,1,,423,89,184.13925170898438,50.86398124694824,660.2875364268502,1
3663,completed,SambaNova,gpt-oss-120b,594,PASS,1,1,,420,80,157.08494186401367,50.559282302856445,741.6053589853201,1
3664,completed,SambaNova,gpt-oss-120b,595,PASS,1,1,,424,112,211.3027572631836,51.5749454498291,694.932202099569,1
3665,completed,SambaNova,gpt-oss-120b,596,PASS,1,1,,422,124,237.78796195983887,51.85294151306152,661.5214267029805,1
3666,completed,SambaNova,gpt-oss-120b,597,PASS,1,1,,419,140,234.8177433013916,49.01933670043945,748.1226698490302,1
3667,completed,SambaNova,gpt-oss-120b,598,PASS,1,1,,418,117,209.24067497253418,49.11613464355469,724.4361155490307,1
3668,completed,SambaNova,gpt-oss-120b,599,PASS,1,1,,418,68,157.56893157958984,50.73356628417969,627.1331577772819,1
3669,completed,SambaNova,gpt-oss-120b,600,PASS,1,1,,414,62,156.27527236938477,49.73292350769043,572.5422862526322,1
3670,completed,SambaNova,gpt-oss-120b,601,PASS,1,1,,419,87,183.27760696411133,49.74675178527832,644.0459014871382,1
3671,completed,SambaNova,gpt-oss-120b,602,PASS,1,1,,420,82,184.218168258667,50.94480514526367,607.7733622665204,1
3672,completed,SambaNova,gpt-oss-120b,603,PASS,1,1,,412,66,158.8592529296875,51.75185203552246,606.8674942848048,1
3673,completed,SambaNova,gpt-oss-120b,604,PASS,1,1,,413,66,157.088041305542,50.003767013549805,606.9985572555795,1
3674,completed,SambaNova,gpt-oss-120b,605,PASS,1,1,,422,221,367.51270294189453,50.39262771606445,693.7435286723234,1
3675,completed,SambaNova,gpt-oss-120b,606,PASS,1,1,,423,264,421.71263694763184,50.9796142578125,709.4053777347043,1
3676,completed,SambaNova,gpt-oss-120b,607,PASS,1,1,,416,88,196.49958610534668,62.99114227294922,651.6441769721863,1
3677,completed,SambaNova,gpt-oss-120b,608,PASS,1,1,,418,86,210.30902862548828,50.9796142578125,533.4859249771052,1
3678,completed,SambaNova,gpt-oss-120b,609,PASS,1,1,,431,180,289.0145778656006,50.59242248535156,750.7691544626831,1
3679,completed,SambaNova,gpt-oss-120b,610,"FAIL
result mismatch (order_matters=False)
predicted: SELECT TV_Channel.series_name
FROM TV_Channel
JOIN Cartoon ON Cartoon.Channel = TV_Channel.id
WHERE Cartoon.Title = 'The Rise of the Blue Beetle'
gold: SELECT T1.series_name FROM TV_Channel AS T1 JOIN Cartoon AS T2 ON T1.id = T2.Channel WHERE T2.Title = ""The Rise of the Blue Beetle!"";",0,1,,426,158,264.3611431121826,51.802635192871094,738.6201640989977,1
3680,completed,SambaNova,gpt-oss-120b,611,PASS,1,1,,423,120,212.07928657531738,52.18362808227539,744.235341481635,1
3681,completed,SambaNova,gpt-oss-120b,612,PASS,1,1,,427,135,237.18667030334473,50.797462463378906,718.9257444296491,1
3682,completed,SambaNova,gpt-oss-120b,613,PASS,1,1,,415,123,237.24889755249023,50.797462463378906,654.3258835293606,1
3683,completed,SambaNova,gpt-oss-120b,614,"FAIL
result mismatch (order_matters=True)
predicted: SELECT Episode, Rating
FROM TV_series
ORDER BY CAST(Rating AS REAL) DESC
gold: SELECT Episode FROM TV_series ORDER BY rating",0,1,,414,153,264.47176933288574,51.86939239501953,714.9496736079415,1
3684,completed,SambaNova,gpt-oss-120b,615,PASS,1,1,,423,103,210.77799797058105,51.224470138549805,639.2838904030986,1
3685,completed,SambaNova,gpt-oss-120b,616,PASS,1,1,,423,128,236.46068572998047,50.77409744262695,683.9481578683814,1
3686,completed,SambaNova,gpt-oss-120b,617,PASS,1,1,,414,86,185.1949691772461,51.79882049560547,637.1998055420515,1
3687,completed,SambaNova,gpt-oss-120b,618,PASS,1,1,,416,80,156.998872756958,50.548553466796875,742.1302305788548,1
3688,completed,SambaNova,gpt-oss-120b,619,PASS,1,1,,421,72,159.4388484954834,51.97024345397949,660.6580589054832,1
3689,completed,SambaNova,gpt-oss-120b,620,PASS,1,1,,417,78,158.00857543945312,50.83155632019043,718.4375963499899,1
3690,completed,SambaNova,gpt-oss-120b,621,PASS,1,1,,420,85,183.09688568115234,50.264596939086914,632.3763656825316,1
3691,completed,SambaNova,gpt-oss-120b,622,PASS,1,1,,419,85,184.73219871520996,51.42569541931152,630.1267974417307,1
3692,completed,SambaNova,gpt-oss-120b,623,PASS,1,1,,429,157,262.4237537384033,49.72481727600098,733.4310297671624,1
3693,completed,SambaNova,gpt-oss-120b,624,PASS,1,1,,422,137,238.7251853942871,52.25849151611328,729.3527716475429,1
3694,completed,SambaNova,gpt-oss-120b,625,PASS,1,1,,423,144,263.33022117614746,51.04851722717285,673.6331833589031,1
3695,completed,SambaNova,gpt-oss-120b,626,PASS,1,1,,417,182,317.61980056762695,52.659034729003906,683.1200061908027,1
3696,completed,SambaNova,gpt-oss-120b,627,PASS,1,1,,417,97,185.51278114318848,51.71799659729004,717.5167576660442,1
3697,completed,SambaNova,gpt-oss-120b,628,PASS,1,1,,412,76,158.34331512451172,50.936222076416016,698.2779057842654,1
3698,completed,SambaNova,gpt-oss-120b,629,PASS,1,1,,417,149,263.61727714538574,50.930023193359375,695.8574021242608,1
3699,completed,SambaNova,gpt-oss-120b,630,PASS,1,1,,419,90,184.54289436340332,50.69279670715332,664.9229366165071,1
3700,completed,SambaNova,gpt-oss-120b,631,"FAIL
result mismatch (order_matters=False)
predicted: SELECT Package_Option, series_name
FROM TV_Channel
WHERE Hight_definition_TV = 'Yes'
gold: SELECT package_option ,  series_name FROM TV_Channel WHERE hight_definition_TV  =  ""yes""",0,1,,421,197,315.4783248901367,50.60172080993652,739.967203523398,1
3701,completed,SambaNova,gpt-oss-120b,632,"FAIL
result mismatch (order_matters=False)
predicted: SELECT Package_Option, series_name
FROM TV_Channel
WHERE Hight_definition_TV = 'Yes'
gold: SELECT package_option ,  series_name FROM TV_Channel WHERE hight_definition_TV  =  ""yes""",0,1,,425,177,290.47608375549316,51.387786865234375,736.1297156287987,1
3702,completed,SambaNova,gpt-oss-120b,633,PASS,1,1,,418,132,238.04640769958496,51.412343978881836,701.9083086356668,1
3703,completed,SambaNova,gpt-oss-120b,634,PASS,1,1,,420,161,289.07179832458496,51.20706558227539,672.6512087579447,1
3704,completed,SambaNova,gpt-oss-120b,635,"FAIL
result mismatch (order_matters=False)
predicted: SELECT DISTINCT c.Country
FROM TV_Channel AS c
WHERE NOT EXISTS (
    SELECT 1
    FROM Cartoon AS ct
    WHERE ct.Channel = c.id
      AND ct.Written_by = 'Todd Casey'
)
gold: SELECT country FROM TV_Channel EXCEPT SELECT T1.country FROM TV_Channel AS T1 JOIN cartoon AS T2 ON T1.id = T2.Channel WHERE T2.written_by  =  'Todd Casey'",0,1,,419,177,291.41998291015625,51.90277099609375,734.811492641906,1
3705,completed,SambaNova,gpt-oss-120b,636,"FAIL
result mismatch (order_matters=False)
predicted: SELECT DISTINCT Country
FROM TV_Channel AS c
WHERE NOT EXISTS (
    SELECT 1
    FROM Cartoon AS ct
    WHERE ct.Channel = c.id
      AND ct.Written_by = 'Todd Casey'
)
gold: SELECT country FROM TV_Channel EXCEPT SELECT T1.country FROM TV_Channel AS T1 JOIN cartoon AS T2 ON T1.id = T2.Channel WHERE T2.written_by  =  'Todd Casey'",0,1,,418,181,315.3700828552246,50.79054832458496,680.3247285143103,1
3706,completed,SambaNova,gpt-oss-120b,637,PASS,1,1,,427,292,448.70853424072266,52.17337608337402,733.8567438817837,1
3707,completed,SambaNova,gpt-oss-120b,638,PASS,1,1,,430,258,395.68090438842773,51.22089385986328,746.0953148251971,1
3708,completed,SambaNova,gpt-oss-120b,639,PASS,1,1,,421,106,212.10646629333496,51.70941352844238,654.6254946087278,1
3709,completed,SambaNova,gpt-oss-120b,640,PASS,1,1,,424,119,212.16106414794922,51.70941352844238,735.4240329993477,1
3710,completed,SambaNova,gpt-oss-120b,641,"FAIL
result mismatch (order_matters=False)
predicted: SELECT id
FROM TV_Channel
WHERE Country IN (
    SELECT Country
    FROM TV_Channel
    GROUP BY Country
    HAVING COUNT(*) > 2
)
gold: SELECT id FROM tv_channel GROUP BY country HAVING count(*)  >  2",0,1,,422,119,238.68155479431152,53.22980880737305,636.2841146198259,1
3711,completed,SambaNova,gpt-oss-120b,642,"FAIL
result mismatch (order_matters=False)
predicted: SELECT tv.id
FROM TV_Channel tv
WHERE (
    SELECT COUNT(*)
    FROM TV_series ts
    WHERE ts.Channel = tv.id
) > 2
gold: SELECT id FROM tv_channel GROUP BY country HAVING count(*)  >  2",0,1,,421,241,397.27330207824707,53.22980880737305,697.5862200394588,1
3712,completed,SambaNova,gpt-oss-120b,643,PASS,1,1,,421,154,261.5029811859131,50.01568794250488,723.4477194991895,1
3713,completed,SambaNova,gpt-oss-120b,644,PASS,1,1,,423,146,265.12789726257324,52.727699279785156,682.6735632880631,1
3714,completed,SambaNova,gpt-oss-120b,645,PASS,1,1,,423,180,288.91515731811523,50.394296646118164,750.4584693166631,1
3715,completed,SambaNova,gpt-oss-120b,646,"FAIL
result mismatch (order_matters=False)
predicted: SELECT DISTINCT Package_Option
FROM TV_Channel
WHERE id NOT IN (
    SELECT Channel
    FROM Cartoon
    WHERE Directed_by = 'Ben Jones'
)
gold: SELECT package_option FROM TV_Channel WHERE id NOT IN (SELECT channel FROM cartoon WHERE directed_by  =  'Ben Jones')",0,1,,424,189,317.25072860717773,51.29218101501465,706.8770742735841,1
3716,completed,SambaNova,gpt-oss-120b,647,PASS,1,1,,285,42,130.21111488342285,49.95131492614746,510.8410439824854,1
3717,completed,SambaNova,gpt-oss-120b,648,PASS,1,1,,285,42,130.2509307861328,49.95131492614746,510.5877476610818,1
3718,completed,SambaNova,gpt-oss-120b,649,PASS,1,1,,288,58,130.43498992919922,50.52638053894043,713.314878521069,1
3719,completed,SambaNova,gpt-oss-120b,650,PASS,1,1,,291,111,212.02754974365234,52.007436752319336,687.4135878529082,1
3720,completed,SambaNova,gpt-oss-120b,651,PASS,1,1,,291,141,260.24365425109863,48.70414733886719,661.8149112831512,1
3721,completed,SambaNova,gpt-oss-120b,652,PASS,1,1,,292,132,238.7378215789795,51.84125900268555,700.9224685260001,1
3722,completed,SambaNova,gpt-oss-120b,653,PASS,1,1,,287,67,157.37080574035645,50.28343200683594,616.3191578891123,1
3723,completed,SambaNova,gpt-oss-120b,654,PASS,1,1,,287,68,155.9011936187744,49.22080039978027,628.0441792379037,1
3724,completed,SambaNova,gpt-oss-120b,655,PASS,1,1,,292,93,183.5172176361084,50.54450035095215,691.8712490676459,1
3725,completed,SambaNova,gpt-oss-120b,656,PASS,1,1,,290,99,182.91687965393066,49.72720146179199,735.7927530887623,1
3726,completed,SambaNova,gpt-oss-120b,657,PASS,1,1,,298,81,182.3265552520752,49.72720146179199,603.3211905883537,1
3727,completed,SambaNova,gpt-oss-120b,658,PASS,1,1,,296,81,191.20073318481445,58.92229080200195,604.7848656131042,1
3728,completed,SambaNova,gpt-oss-120b,659,PASS,1,1,,286,88,182.8010082244873,49.55315589904785,652.9185910442634,1
3729,completed,SambaNova,gpt-oss-120b,660,PASS,1,1,,287,89,184.0972900390625,50.95934867858887,660.9686097048642,1
3730,completed,SambaNova,gpt-oss-120b,661,PASS,1,1,,294,99,183.56657028198242,49.99184608459473,733.6717375899817,1
3731,completed,SambaNova,gpt-oss-120b,662,PASS,1,1,,292,115,209.79070663452148,49.79538917541504,712.5208525501848,1
3732,completed,SambaNova,gpt-oss-120b,663,PASS,1,1,,294,106,403.6726951599121,197.0224380493164,508.1048602025488,1
3733,completed,SambaNova,gpt-oss-120b,664,PASS,1,1,,298,98,209.20419692993164,49.9880313873291,609.2346192952691,1
3734,completed,SambaNova,gpt-oss-120b,665,PASS,1,1,,292,153,262.41207122802734,49.66545104980469,714.4649342615462,1
3735,completed,SambaNova,gpt-oss-120b,666,PASS,1,1,,291,129,236.02747917175293,49.9880313873291,688.0261230850462,1
3736,completed,SambaNova,gpt-oss-120b,667,PASS,1,1,,289,121,403.7134647369385,197.0224380493164,580.5767280906653,1
3737,completed,SambaNova,gpt-oss-120b,668,PASS,1,1,,291,154,263.98372650146484,51.76138877868652,720.9420160089875,1
3738,completed,SambaNova,gpt-oss-120b,669,PASS,1,1,,293,123,238.0540370941162,52.2916316986084,656.7529083198998,1
3739,completed,SambaNova,gpt-oss-120b,670,PASS,1,1,,291,140,238.48438262939453,52.338600158691406,746.7265610590815,1
3740,completed,SambaNova,gpt-oss-120b,671,PASS,1,1,,291,101,208.6038589477539,49.657344818115234,629.1424542877286,1
3741,completed,SambaNova,gpt-oss-120b,672,PASS,1,1,,290,106,209.42997932434082,50.36664009094238,660.1143953474428,1
3742,completed,SambaNova,gpt-oss-120b,673,PASS,1,1,,295,83,375.0653266906738,197.0224380493164,460.56318579046183,1
3743,completed,SambaNova,gpt-oss-120b,674,PASS,1,1,,287,77,157.08255767822266,49.757957458496094,708.1321509179122,1
3744,completed,SambaNova,gpt-oss-120b,675,PASS,1,1,,287,96,182.62553215026855,49.11065101623535,711.5311731029532,1
3745,completed,SambaNova,gpt-oss-120b,676,PASS,1,1,,289,80,157.08398818969727,50.612688064575195,741.9839891798206,1
3746,completed,SambaNova,gpt-oss-120b,677,PASS,1,1,,292,89,375.1358985900879,197.0224380493164,494.06709483282515,1
3747,completed,SambaNova,gpt-oss-120b,678,PASS,1,1,,291,79,159.39593315124512,51.73921585083008,724.5251569611003,1
3748,completed,SambaNova,gpt-oss-120b,679,PASS,1,1,,293,45,131.9718360900879,51.36442184448242,545.8554949540362,1
3749,completed,SambaNova,gpt-oss-120b,680,PASS,1,1,,296,55,307.86752700805664,188.67039680480957,453.031041166199,1
3750,completed,SambaNova,gpt-oss-120b,681,PASS,1,1,,289,62,336.7738723754883,188.67039680480957,411.8741965031689,1
3751,completed,SambaNova,gpt-oss-120b,682,PASS,1,1,,290,67,336.8551731109619,188.67039680480957,445.3898817759987,1
3752,completed,SambaNova,gpt-oss-120b,683,PASS,1,1,,289,93,337.40997314453125,188.67039680480957,618.5307385162353,1
3753,completed,SambaNova,gpt-oss-120b,684,PASS,1,1,,290,94,183.2444667816162,49.773216247558594,696.7792661556682,1
3754,completed,SambaNova,gpt-oss-120b,685,PASS,1,1,,286,52,294.2967414855957,203.0043601989746,558.6446457112413,1
3755,completed,SambaNova,gpt-oss-120b,686,PASS,1,1,,286,50,294.2311763763428,203.0043601989746,537.1227677696382,1
3756,completed,SambaNova,gpt-oss-120b,687,"FAIL
result mismatch (order_matters=False)
predicted: SELECT COUNT(DISTINCT state) AS state_count
FROM AREA_CODE_STATE
gold: SELECT count(*) FROM area_code_state",0,1,,304,57,294.2671775817871,203.0043601989746,613.6124393914062,1
3757,completed,SambaNova,gpt-oss-120b,688,PASS,1,1,,311,74,161.64827346801758,54.68273162841797,682.4627702018963,1
3758,completed,SambaNova,gpt-oss-120b,689,PASS,1,1,,311,64,231.29916191101074,82.79705047607422,424.236392272458,1
3759,completed,SambaNova,gpt-oss-120b,690,PASS,1,1,,309,87,232.21063613891602,82.79705047607422,575.583536252605,1
3760,completed,SambaNova,gpt-oss-120b,691,PASS,1,1,,312,90,232.24544525146484,82.79705047607422,595.523291727289,1
3761,completed,SambaNova,gpt-oss-120b,692,PASS,1,1,,315,76,231.39309883117676,82.79705047607422,504.72405444303075,1
3762,completed,SambaNova,gpt-oss-120b,693,PASS,1,1,,310,72,158.94675254821777,52.202701568603516,665.1424538268594,1
3763,completed,SambaNova,gpt-oss-120b,694,PASS,1,1,,315,175,490.62561988830566,195.20139694213867,588.9835243188801,1
3764,completed,SambaNova,gpt-oss-120b,695,PASS,1,1,,321,242,578.9878368377686,195.20139694213867,627.9534005045607,1
3765,completed,SambaNova,gpt-oss-120b,696,PASS,1,1,,314,84,373.33226203918457,195.20139694213867,465.94957002415896,1
3766,completed,SambaNova,gpt-oss-120b,697,PASS,1,1,,306,120,320.1484680175781,160.30573844909668,744.4817810685397,1
3767,completed,SambaNova,gpt-oss-120b,698,PASS,1,1,,310,179,485.91017723083496,190.74773788452148,603.0577616657822,1
3768,completed,SambaNova,gpt-oss-120b,699,PASS,1,1,,325,183,317.11268424987793,51.89061164855957,686.217395916298,1
3769,completed,SambaNova,gpt-oss-120b,700,PASS,1,1,,324,297,632.8697204589844,190.74773788452148,669.4984906120275,1
3770,completed,SambaNova,gpt-oss-120b,701,PASS,1,1,,313,111,210.5402946472168,50.58789253234863,687.7045830234212,1
3771,completed,SambaNova,gpt-oss-120b,702,PASS,1,1,,419,77,339.0645980834961,190.74773788452148,512.4164568885974,1
3772,completed,SambaNova,gpt-oss-120b,703,PASS,1,1,,417,84,368.1328296661377,190.74773788452148,467.90854387122704,1
3773,completed,SambaNova,gpt-oss-120b,704,PASS,1,1,,415,89,187.69454956054688,53.84039878845215,657.4319846818364,1
3774,completed,SambaNova,gpt-oss-120b,705,"FAIL
result mismatch (order_matters=False)
predicted: SELECT COUNT(*) AS RepublicCount
FROM country
WHERE GovernmentForm LIKE '%Republic%'
gold: SELECT count(*) FROM country WHERE GovernmentForm  =  ""Republic""",0,1,,413,103,209.2294692993164,50.14991760253906,641.1886311725527,1
3775,completed,SambaNova,gpt-oss-120b,706,PASS,1,1,,417,98,208.88113975524902,50.14991760253906,611.0959059250458,1
3776,completed,SambaNova,gpt-oss-120b,707,PASS,1,1,,419,144,261.46435737609863,49.55458641052246,674.8155092066506,1
3777,completed,SambaNova,gpt-oss-120b,708,PASS,1,1,,411,65,157.34195709228516,50.43745040893555,598.6651263409086,1
3778,completed,SambaNova,gpt-oss-120b,709,PASS,1,1,,415,94,183.9313507080078,50.23074150085449,695.5839659332253,1
3779,completed,SambaNova,gpt-oss-120b,710,PASS,1,1,,412,111,209.30218696594238,49.19695854187012,687.0481437910444,1
3780,completed,SambaNova,gpt-oss-120b,711,PASS,1,1,,409,133,235.9757423400879,49.858808517456055,709.2315421754965,1
3781,completed,SambaNova,gpt-oss-120b,712,PASS,1,1,,412,146,262.79306411743164,50.868988037109375,684.2073004722829,1
3782,completed,SambaNova,gpt-oss-120b,713,PASS,1,1,,411,139,236.44542694091797,49.844980239868164,739.5480688269093,1
3783,completed,SambaNova,gpt-oss-120b,714,PASS,1,1,,414,69,183.49599838256836,50.868988037109375,512.7160736178673,1
3784,completed,SambaNova,gpt-oss-120b,715,PASS,1,1,,413,93,185.35304069519043,51.90539360046387,689.4089330379476,1
3785,completed,SambaNova,gpt-oss-120b,716,PASS,1,1,,412,73,305.19914627075195,172.36971855163574,542.0485598436263,1
3786,completed,SambaNova,gpt-oss-120b,717,PASS,1,1,,415,60,130.86485862731934,50.77695846557617,736.6905597580326,1
3787,completed,SambaNova,gpt-oss-120b,718,PASS,1,1,,419,86,305.8514595031738,172.36971855163574,636.7912149936681,1
3788,completed,SambaNova,gpt-oss-120b,719,PASS,1,1,,416,144,261.7149353027344,50.17828941345215,676.0058022043418,1
3789,completed,SambaNova,gpt-oss-120b,720,PASS,1,1,,418,161,289.5793914794922,50.95624923706055,670.5133395546621,1
3790,completed,SambaNova,gpt-oss-120b,721,PASS,1,1,,417,137,235.53991317749023,49.605607986450195,731.4411391715233,1
3791,completed,SambaNova,gpt-oss-120b,722,PASS,1,1,,415,121,237.60128021240234,52.10065841674805,646.8981011405496,1
3792,completed,SambaNova,gpt-oss-120b,723,PASS,1,1,,420,143,260.88666915893555,48.474788665771484,668.5125129080052,1
3793,completed,SambaNova,gpt-oss-120b,724,"FAIL
result mismatch (order_matters=False)
predicted: SELECT AVG(LifeExpectancy) AS AvgLifeExpectancy
FROM country
WHERE Continent = 'Africa'
  AND GovernmentForm LIKE '%Republic%'
gold: SELECT avg(LifeExpectancy) FROM country WHERE Continent  =  ""Africa"" AND GovernmentForm  =  ""Republic""",0,1,,417,137,260.2386474609375,48.474788665771484,642.2247912074055,1
3794,completed,SambaNova,gpt-oss-120b,725,"FAIL
result mismatch (order_matters=False)
predicted: SELECT AVG(LifeExpectancy) AS average_life_expectancy
FROM country
WHERE Continent = 'Africa'
  AND GovernmentForm LIKE '%Republic%'
gold: SELECT avg(LifeExpectancy) FROM country WHERE Continent  =  ""Africa"" AND GovernmentForm  =  ""Republic""",0,1,,417,140,237.03598976135254,50.43458938598633,744.9033057650611,1
3795,completed,SambaNova,gpt-oss-120b,726,PASS,1,1,,416,99,182.33990669250488,49.07488822937012,735.3767787689148,1
3796,completed,SambaNova,gpt-oss-120b,727,PASS,1,1,,416,86,186.59234046936035,52.097320556640625,631.9936608445471,1
3797,completed,SambaNova,gpt-oss-120b,728,PASS,1,1,,412,89,184.21030044555664,51.06806755065918,660.9473048981177,1
3798,completed,SambaNova,gpt-oss-120b,729,PASS,1,1,,413,94,184.31568145751953,50.724029541015625,696.1512839000293,1
3799,completed,SambaNova,gpt-oss-120b,730,"FAIL
result mismatch (order_matters=False)
predicted: SELECT AVG(GNP) AS average_gnp,
       SUM(Population) AS total_population
FROM country
WHERE GovernmentForm = 'US territory'
gold: SELECT avg(GNP) ,  sum(population) FROM country WHERE GovernmentForm  =  ""US Territory""",0,1,,421,116,211.12608909606934,51.08475685119629,718.5643757579007,1
3800,completed,SambaNova,gpt-oss-120b,731,"FAIL
result mismatch (order_matters=False)
predicted: SELECT 
    AVG(GNP) AS mean_gnp,
    SUM(Population) AS total_population
FROM country
WHERE Name IN (
    'Puerto Rico',
    'Guam',
    'American Samoa',
    'Northern Mariana Islands',
    'Virgin Islands, U.S.',
    'United States Minor Outlying Islands'
)
gold: SELECT avg(GNP) ,  sum(population) FROM country WHERE GovernmentForm  =  ""US Territory""",0,1,,419,311,475.0630855560303,51.02086067199707,731.0592714788689,1
3801,completed,SambaNova,gpt-oss-120b,732,PASS,1,1,,413,63,335.45804023742676,187.27803230285645,418.41001943647103,1
3802,completed,SambaNova,gpt-oss-120b,733,PASS,1,1,,415,70,335.5245590209961,187.27803230285645,465.4409214671811,1
3803,completed,SambaNova,gpt-oss-120b,734,PASS,1,1,,412,85,336.071252822876,187.27803230285645,564.5418501355587,1
3804,completed,SambaNova,gpt-oss-120b,735,PASS,1,1,,414,74,158.30183029174805,51.24783515930176,681.8988857882887,1
3805,completed,SambaNova,gpt-oss-120b,736,PASS,1,1,,414,165,291.2425994873047,51.679134368896484,684.578509995004,1
3806,completed,SambaNova,gpt-oss-120b,737,PASS,1,1,,411,183,315.9492015838623,50.7352352142334,686.2383700651212,1
3807,completed,SambaNova,gpt-oss-120b,738,PASS,1,1,,411,140,236.9840145111084,50.5216121673584,745.4585924713584,1
3808,completed,SambaNova,gpt-oss-120b,739,PASS,1,1,,412,165,291.2874221801758,51.679134368896484,684.4504482631668,1
3809,completed,SambaNova,gpt-oss-120b,740,"FAIL
result mismatch (order_matters=True)
predicted: SELECT c.Name
FROM country c
JOIN countrylanguage cl ON c.Code = cl.CountryCode
GROUP BY c.Code, c.Name
ORDER BY COUNT(DISTINCT cl.Language) DESC
LIMIT 1
gold: SELECT T1.Name FROM country AS T1 JOIN countrylanguage AS T2 ON T1.Code  =  T2.CountryCode GROUP BY T1.Name ORDER BY COUNT(*) DESC LIMIT 1",0,1,,417,244,395.0338363647461,51.169633865356445,706.6743157145918,1
3810,completed,SambaNova,gpt-oss-120b,741,"FAIL
result mismatch (order_matters=True)
predicted: SELECT c.Name
FROM country c
JOIN (
    SELECT CountryCode, COUNT(*) AS lang_cnt
    FROM countrylanguage
    GROUP BY CountryCode
) lc ON c.Code = lc.CountryCode
ORDER BY lc.lang_cnt DESC
LIMIT 1
gold: SELECT T1.Name FROM country AS T1 JOIN countrylanguage AS T2 ON T1.Code  =  T2.CountryCode GROUP BY T1.Name ORDER BY COUNT(*) DESC LIMIT 1",0,1,,417,180,290.3897762298584,51.410675048828125,749.0194712231544,1
3811,completed,SambaNova,gpt-oss-120b,742,PASS,1,1,,411,199,452.72350311279297,161.67020797729492,680.2877799676596,1
3812,completed,SambaNova,gpt-oss-120b,743,PASS,1,1,,410,206,453.37820053100586,161.67020797729492,702.7575700115732,1
3813,completed,SambaNova,gpt-oss-120b,744,PASS,1,1,,412,204,341.5067195892334,49.93128776550293,696.2177805252193,1
3814,completed,SambaNova,gpt-oss-120b,745,PASS,1,1,,415,194,523.3657360076904,198.9898681640625,594.9887742359417,1
3815,completed,SambaNova,gpt-oss-120b,746,PASS,1,1,,415,276,421.4136600494385,50.44269561767578,741.2979083719749,1
3816,completed,SambaNova,gpt-oss-120b,747,PASS,1,1,,415,181,495.0101375579834,198.9898681640625,608.0664691257,1
3817,completed,SambaNova,gpt-oss-120b,748,PASS,1,1,,418,274,612.1845245361328,198.9898681640625,660.7055434767556,1
3818,completed,SambaNova,gpt-oss-120b,749,PASS,1,1,,416,221,480.9551239013672,164.05367851257324,694.2221413035546,1
3819,completed,SambaNova,gpt-oss-120b,750,PASS,1,1,,415,140,237.2138500213623,50.97794532775879,746.3652093761601,1
3820,completed,SambaNova,gpt-oss-120b,751,PASS,1,1,,409,167,289.1554832458496,50.490617752075195,695.5359753374764,1
3821,completed,SambaNova,gpt-oss-120b,752,PASS,1,1,,413,124,237.34307289123535,50.658464431762695,658.865243444545,1
3822,completed,SambaNova,gpt-oss-120b,753,PASS,1,1,,410,126,237.3812198638916,50.658464431762695,669.4417062918491,1
3823,completed,SambaNova,gpt-oss-120b,754,"FAIL
result mismatch (order_matters=False)
predicted: SELECT DISTINCT c.Name
FROM country AS c
JOIN countrylanguage AS cl ON c.Code = cl.CountryCode
WHERE cl.IsOfficial = 'T'
  AND cl.Language IN ('English', 'Dutch')
gold: select t1.name from country as t1 join countrylanguage as t2 on t1.code  =  t2.countrycode where t2.language  =  ""english"" and isofficial  =  ""t"" union select t1.name from country as t1 join countrylanguage as t2 on t1.code  =  t2.countrycode where t2.language  =  ""dutch"" and isofficial  =  ""t""",0,1,,417,189,314.9547576904297,49.90339279174805,709.2964794648944,1
3824,completed,SambaNova,gpt-oss-120b,755,"FAIL
result mismatch (order_matters=False)
predicted: SELECT DISTINCT c.Name
FROM country c
JOIN countrylanguage cl ON c.Code = cl.CountryCode
WHERE cl.IsOfficial = 'T' 
  AND cl.Language IN ('English', 'Dutch')
gold: SELECT * FROM country AS T1 JOIN countrylanguage AS T2 ON T1.Code  =  T2.CountryCode WHERE T2.Language  =  ""English"" AND IsOfficial  =  ""T"" UNION SELECT * FROM country AS T1 JOIN countrylanguage AS T2 ON T1.Code  =  T2.CountryCode WHERE T2.Language  =  ""Dutch"" AND IsOfficial  =  ""T""",0,1,,415,242,509.0799331665039,163.94662857055664,698.2809157816349,1
3825,completed,SambaNova,gpt-oss-120b,756,"FAIL
result mismatch (order_matters=True)
predicted: SELECT cl.Language
FROM countrylanguage cl
JOIN country c ON cl.CountryCode = c.Code
WHERE c.Continent = 'Asia'
GROUP BY cl.Language
ORDER BY SUM(c.Population * cl.Percentage / 100.0) DESC
LIMIT 1
gold: SELECT T2.Language FROM country AS T1 JOIN countrylanguage AS T2 ON T1.Code  =  T2.CountryCode WHERE T1.Continent  =  ""Asia"" GROUP BY T2.Language ORDER BY COUNT (*) DESC LIMIT 1",0,1,,414,313,475.10814666748047,51.427602767944336,736.403888477782,1
3826,completed,SambaNova,gpt-oss-120b,757,PASS,1,1,,418,294,449.50270652770996,51.66363716125488,736.4786984510906,1
3827,completed,SambaNova,gpt-oss-120b,758,"FAIL
result mismatch (order_matters=False)
predicted: SELECT cl.Language
FROM countrylanguage cl
JOIN country c ON cl.CountryCode = c.Code
GROUP BY cl.Language
HAVING COUNT(DISTINCT cl.CountryCode) = 1
   AND MAX(CASE WHEN c.GovernmentForm LIKE '%republic%' THEN 1 ELSE 0 END) = 1
gold: SELECT T2.Language FROM country AS T1 JOIN countrylanguage AS T2 ON T1.Code  =  T2.CountryCode WHERE T1.GovernmentForm  =  ""Republic"" GROUP BY T2.Language HAVING COUNT(*)  =  1",0,1,,415,439,634.8810195922852,52.674055099487305,752.3097913841913,1
3828,completed,SambaNova,gpt-oss-120b,759,"FAIL
result mismatch (order_matters=False)
predicted: SELECT cl.Language
FROM countrylanguage cl
JOIN country c ON cl.CountryCode = c.Code
GROUP BY cl.Language
HAVING COUNT(DISTINCT cl.CountryCode) = 1
   AND MAX(c.GovernmentForm) LIKE '%Republic%'
gold: SELECT T2.Language FROM country AS T1 JOIN countrylanguage AS T2 ON T1.Code  =  T2.CountryCode WHERE T1.GovernmentForm  =  ""Republic"" GROUP BY T2.Language HAVING COUNT(*)  =  1",0,1,,417,265,449.55945014953613,52.674055099487305,665.1794278464405,1
3829,completed,SambaNova,gpt-oss-120b,760,PASS,1,1,,414,157,262.87388801574707,50.43148994445801,734.3166967436098,1
3830,completed,SambaNova,gpt-oss-120b,761,PASS,1,1,,413,255,394.6714401245117,50.12321472167969,737.1972376378759,1
3831,completed,SambaNova,gpt-oss-120b,762,PASS,1,1,,420,150,263.60487937927246,51.007747650146484,700.8561159227854,1
3832,completed,SambaNova,gpt-oss-120b,763,PASS,1,1,,421,130,421.3583469390869,184.17978286743164,543.8940087394539,1
3833,completed,SambaNova,gpt-oss-120b,764,PASS,1,1,,419,305,656.5976142883301,184.17978286743164,643.4981488434814,1
3834,completed,SambaNova,gpt-oss-120b,765,PASS,1,1,,419,232,370.6545829772949,53.188323974609375,727.6363816604709,1
3835,completed,SambaNova,gpt-oss-120b,766,PASS,1,1,,420,187,509.36007499694824,184.17978286743164,571.9903834944516,1
3836,completed,SambaNova,gpt-oss-120b,767,PASS,1,1,,415,199,315.8245086669922,50.65751075744629,746.6992557932945,1
3837,completed,SambaNova,gpt-oss-120b,768,PASS,1,1,,420,238,367.4144744873047,49.91412162780762,746.4558633258566,1
3838,completed,SambaNova,gpt-oss-120b,769,PASS,1,1,,423,236,484.3142032623291,165.9085750579834,738.0522804363941,1
3839,completed,SambaNova,gpt-oss-120b,770,PASS,1,1,,424,255,395.0536251068115,50.5068302154541,737.2002983806346,1
3840,completed,SambaNova,gpt-oss-120b,771,PASS,1,1,,422,286,447.83687591552734,50.72927474975586,717.6896114890219,1
3841,completed,SambaNova,gpt-oss-120b,772,"FAIL
result mismatch (order_matters=False)
predicted: SELECT Name
FROM country
WHERE SurfaceArea > (
    SELECT MAX(SurfaceArea)
    FROM country
    WHERE Continent = 'Europe'
)
gold: SELECT Name FROM country WHERE SurfaceArea  >  (SELECT min(SurfaceArea) FROM country WHERE Continent  =  ""Europe"")",0,1,,418,165,498.5992908477783,203.45306396484375,555.6567730240652,1
3842,completed,SambaNova,gpt-oss-120b,773,"FAIL
result mismatch (order_matters=False)
predicted: SELECT Name
FROM country
WHERE SurfaceArea > (
    SELECT MAX(SurfaceArea)
    FROM country
    WHERE Continent = 'Europe'
)
gold: SELECT Name FROM country WHERE SurfaceArea  >  (SELECT min(SurfaceArea) FROM country WHERE Continent  =  ""Europe"")",0,1,,416,168,292.0398712158203,53.47180366516113,700.009861816641,1
3843,completed,SambaNova,gpt-oss-120b,774,"FAIL
result mismatch (order_matters=False)
predicted: SELECT Name
FROM country
WHERE Continent = 'Africa'
  AND Population < (
    SELECT MIN(Population)
    FROM country
    WHERE Continent = 'Asia'
  )
gold: SELECT Name FROM country WHERE Continent  =  ""Africa""  AND population  <  (SELECT max(population) FROM country WHERE Continent  =  ""Asia"")",0,1,,420,221,375.89192390441895,58.37583541870117,692.8782760244159,1
3844,completed,SambaNova,gpt-oss-120b,775,PASS,1,1,,418,338,704.9996852874756,203.45306396484375,671.9215835036334,1
3845,completed,SambaNova,gpt-oss-120b,776,PASS,1,1,,418,181,314.38612937927246,49.98469352722168,680.7829897743873,1
3846,completed,SambaNova,gpt-oss-120b,777,"FAIL
result mismatch (order_matters=False)
predicted: SELECT Name
FROM country
WHERE Continent = 'Asia'
  AND Population > (
        SELECT MAX(Population)
        FROM country
        WHERE Continent = 'Africa'
      )
gold: SELECT Name FROM country WHERE Continent  =  ""Asia""  AND population  >  (SELECT min(population) FROM country WHERE Continent  =  ""Africa"")",0,1,,421,251,616.2657737731934,203.45306396484375,605.6015090137698,1
3847,completed,SambaNova,gpt-oss-120b,778,"FAIL
result mismatch (order_matters=False)
predicted: SELECT c.Code
FROM country AS c
WHERE NOT EXISTS (
    SELECT 1
    FROM countrylanguage AS cl
    WHERE cl.CountryCode = c.Code
      AND cl.Language = 'English'
)
gold: SELECT CountryCode FROM countrylanguage EXCEPT SELECT CountryCode FROM countrylanguage WHERE LANGUAGE  =  ""English""",0,1,,416,168,498.690128326416,203.45306396484375,565.647136348293,1
3848,completed,SambaNova,gpt-oss-120b,779,"FAIL
result mismatch (order_matters=False)
predicted: SELECT c.Code
FROM country c
WHERE NOT EXISTS (
    SELECT 1
    FROM countrylanguage cl
    WHERE cl.CountryCode = c.Code
      AND cl.Language = 'English'
)
gold: SELECT CountryCode FROM countrylanguage EXCEPT SELECT CountryCode FROM countrylanguage WHERE LANGUAGE  =  ""English""",0,1,,415,165,404.9258232116699,166.57137870788574,688.0509417033182,1
3849,completed,SambaNova,gpt-oss-120b,780,PASS,1,1,,418,101,334.4147205352783,175.45652389526367,629.0962159470481,1
3850,completed,SambaNova,gpt-oss-120b,781,PASS,1,1,,421,134,378.5519599914551,166.57137870788574,627.4159604368858,1
3851,completed,SambaNova,gpt-oss-120b,782,PASS,1,1,,423,201,343.5025215148926,52.748680114746094,687.8670941607695,1
3852,completed,SambaNova,gpt-oss-120b,783,"FAIL
result mismatch (order_matters=False)
predicted: SELECT c.Code
FROM country c
WHERE c.GovernmentForm NOT LIKE '%Republic%'
  AND NOT EXISTS (
    SELECT 1
    FROM countrylanguage cl
    WHERE cl.CountryCode = c.Code
      AND cl.Language = 'English'
)
gold: SELECT Code FROM country WHERE GovernmentForm != ""Republic"" EXCEPT SELECT CountryCode FROM countrylanguage WHERE LANGUAGE  =  ""English""",0,1,,422,261,421.3380813598633,50.67896842956543,701.4531436837837,1
3853,completed,SambaNova,gpt-oss-120b,784,"FAIL
result mismatch (order_matters=False)
predicted: SELECT city.Name
FROM city
JOIN country ON city.CountryCode = country.Code
WHERE country.Continent = 'Europe'
  AND NOT EXISTS (
    SELECT 1
    FROM countrylanguage cl
    WHERE cl.CountryCode = country.Code
      AND cl.Language = 'English'
      AND cl.IsOfficial = 'T'
  )
gold: SELECT DISTINCT T2.Name FROM country AS T1 JOIN city AS T2 ON T2.CountryCode  =  T1.Code WHERE T1.Continent  =  'Europe' AND T1.Name NOT IN (SELECT T3.Name FROM country AS T3 JOIN countrylanguage AS T4 ON T3.Code  =  T4.CountryCode WHERE T4.IsOfficial  =  'T' AND T4.Language  =  'English')",0,1,,417,358,526.684045791626,50.67896842956543,749.9920000400699,1
3854,completed,SambaNova,gpt-oss-120b,785,"FAIL
result mismatch (order_matters=False)
predicted: SELECT city.Name
FROM city
JOIN country ON city.CountryCode = country.Code
WHERE country.Continent = 'Europe'
  AND NOT EXISTS (
    SELECT 1
    FROM countrylanguage cl
    WHERE cl.CountryCode = country.Code
      AND cl.Language = 'English'
      AND cl.IsOfficial = 'T'
  )
gold: SELECT DISTINCT T2.Name FROM country AS T1 JOIN city AS T2 ON T2.CountryCode  =  T1.Code WHERE T1.Continent  =  'Europe' AND T1.Name NOT IN (SELECT T3.Name FROM country AS T3 JOIN countrylanguage AS T4 ON T3.Code  =  T4.CountryCode WHERE T4.IsOfficial  =  'T' AND T4.Language  =  'English')",0,1,,420,376,554.5248985290527,50.498247146606445,744.008276093037,1
3855,completed,SambaNova,gpt-oss-120b,786,"FAIL
result mismatch (order_matters=False)
predicted: SELECT DISTINCT city.Name
FROM city
JOIN country ON city.CountryCode = country.Code
JOIN countrylanguage ON country.Code = countrylanguage.CountryCode
WHERE country.Continent = 'Asia'
  AND countrylanguage.Language = 'Chinese'
  AND countrylanguage.IsOfficial = 'T'
gold: select distinct t3.name from country as t1 join countrylanguage as t2 on t1.code  =  t2.countrycode join city as t3 on t1.code  =  t3.countrycode where t2.isofficial  =  't' and t2.language  =  'chinese' and t1.continent  =  ""asia""",0,1,,417,223,367.01416969299316,49.23844337463379,698.6059085507125,1
3856,completed,SambaNova,gpt-oss-120b,787,PASS,1,1,,422,231,367.5575256347656,49.988746643066406,724.2525563446899,1
3857,completed,SambaNova,gpt-oss-120b,788,PASS,1,1,,422,128,236.28878593444824,50.16350746154785,682.3361181350283,1
3858,completed,SambaNova,gpt-oss-120b,789,PASS,1,1,,423,96,183.3207607269287,49.34954643249512,709.1075534421515,1
3859,completed,SambaNova,gpt-oss-120b,790,PASS,1,1,,419,100,209.71918106079102,50.16350746154785,620.473078561022,1
3860,completed,SambaNova,gpt-oss-120b,791,PASS,1,1,,422,103,208.79864692687988,49.76487159729004,641.3731912520464,1
3861,completed,SambaNova,gpt-oss-120b,792,PASS,1,1,,424,221,367.145299911499,50.25458335876465,694.2456452913773,1
3862,completed,SambaNova,gpt-oss-120b,793,PASS,1,1,,426,286,447.36599922180176,50.356388092041016,717.8667518627127,1
3863,completed,SambaNova,gpt-oss-120b,794,PASS,1,1,,422,136,235.29696464538574,49.636125564575195,727.1323380222366,1
3864,completed,SambaNova,gpt-oss-120b,795,PASS,1,1,,422,137,261.5964412689209,49.46589469909668,641.1146447276733,1
3865,completed,SambaNova,gpt-oss-120b,796,"FAIL
result mismatch (order_matters=False)
predicted: SELECT GovernmentForm,
       SUM(Population) AS TotalPopulation
FROM country
WHERE LifeExpectancy IS NOT NULL
GROUP BY GovernmentForm
HAVING AVG(LifeExpectancy) > 72
gold: SELECT sum(Population) ,  GovernmentForm FROM country GROUP BY GovernmentForm HAVING avg(LifeExpectancy)  >  72",0,1,,425,183,314.44811820983887,49.46589469909668,686.8385267082713,1
3866,completed,SambaNova,gpt-oss-120b,797,PASS,1,1,,431,169,291.44978523254395,52.70695686340332,703.6860589598147,1
3867,completed,SambaNova,gpt-oss-120b,798,PASS,1,1,,425,212,351.0890007019043,59.37814712524414,723.3189900647637,1
3868,completed,SambaNova,gpt-oss-120b,799,PASS,1,1,,434,185,317.54207611083984,52.60968208312988,694.5168055996768,1
3869,completed,SambaNova,gpt-oss-120b,800,PASS,1,1,,419,96,183.83216857910156,50.21357536315918,710.9788968251561,1
3870,completed,SambaNova,gpt-oss-120b,801,PASS,1,1,,416,78,156.19683265686035,49.10874366760254,719.0342149790721,1
3871,completed,SambaNova,gpt-oss-120b,802,PASS,1,1,,416,79,158.30516815185547,51.32150650024414,729.0832898765829,1
3872,completed,SambaNova,gpt-oss-120b,803,PASS,1,1,,414,56,131.3033103942871,50.634145736694336,681.7970687244903,1
3873,completed,SambaNova,gpt-oss-120b,804,PASS,1,1,,417,96,182.43646621704102,49.051761627197266,712.2255905737002,1
3874,completed,SambaNova,gpt-oss-120b,805,PASS,1,1,,417,94,183.85887145996094,50.341129302978516,696.5366437267639,1
3875,completed,SambaNova,gpt-oss-120b,806,PASS,1,1,,410,77,183.33911895751953,50.341129302978516,571.4372089187823,1
3876,completed,SambaNova,gpt-oss-120b,807,PASS,1,1,,411,66,282.0923328399658,175.48608779907227,609.7203777796167,1
3877,completed,SambaNova,gpt-oss-120b,808,PASS,1,1,,426,80,346.67229652404785,198.2262134552002,532.1797542031518,1
3878,completed,SambaNova,gpt-oss-120b,809,PASS,1,1,,422,103,405.15971183776855,198.2262134552002,492.9119779893127,1
3879,completed,SambaNova,gpt-oss-120b,810,"FAIL
result mismatch (order_matters=False)
predicted: SELECT 
    SUM(Population) AS total_population,
    AVG(SurfaceArea) AS average_area
FROM country
WHERE Continent = 'North America'
  AND SurfaceArea > 3000
gold: select sum(population) ,  avg(surfacearea) from country where continent  =  ""north america"" and surfacearea  >  3000",0,1,,428,127,406.1729907989502,198.2262134552002,605.9242735544467,1
3880,completed,SambaNova,gpt-oss-120b,811,"FAIL
result mismatch (order_matters=False)
predicted: SELECT 
    SUM(Population) AS total_population,
    AVG(SurfaceArea) AS avg_surface_area
FROM country
WHERE Continent = 'North America'
  AND SurfaceArea > 3000
gold: select sum(population) ,  avg(surfacearea) from country where continent  =  ""north america"" and surfacearea  >  3000",0,1,,428,126,406.2051773071289,198.2262134552002,601.0223230508743,1
3881,completed,SambaNova,gpt-oss-120b,812,PASS,1,1,,419,139,238.06118965148926,51.91969871520996,741.3715196212795,1
3882,completed,SambaNova,gpt-oss-120b,813,PASS,1,1,,421,91,184.2329502105713,50.966501235961914,675.3387720051525,1
3883,completed,SambaNova,gpt-oss-120b,814,PASS,1,1,,414,168,315.2463436126709,50.35877227783203,630.4561560153337,1
3884,completed,SambaNova,gpt-oss-120b,815,PASS,1,1,,414,185,315.8094882965088,50.35877227783203,693.1606844377621,1
3885,completed,SambaNova,gpt-oss-120b,816,"FAIL
result mismatch (order_matters=False)
predicted: SELECT c.Name AS Country, cl.Language
FROM country c
JOIN countrylanguage cl ON c.Code = cl.CountryCode
WHERE cl.Percentage = (
    SELECT MAX(Percentage)
    FROM countrylanguage
    WHERE CountryCode = c.Code
)
gold: SELECT LANGUAGE ,  CountryCode ,  max(Percentage) FROM countrylanguage GROUP BY CountryCode",0,1,,418,254,609.1709136962891,195.9362030029297,612.242857274733,1
3886,completed,SambaNova,gpt-oss-120b,817,"FAIL
result mismatch (order_matters=False)
predicted: SELECT cl.CountryCode, cl.Language
FROM countrylanguage cl
WHERE cl.Percentage = (
    SELECT MAX(cl2.Percentage)
    FROM countrylanguage cl2
    WHERE cl2.CountryCode = cl.CountryCode
)
gold: SELECT LANGUAGE ,  CountryCode ,  max(Percentage) FROM countrylanguage GROUP BY CountryCode",0,1,,428,188,520.9283828735352,195.9362030029297,575.398460585893,1
3887,completed,SambaNova,gpt-oss-120b,818,"FAIL
result mismatch (order_matters=False)
predicted: SELECT COUNT(*) AS total_countries
FROM (
    SELECT cl.CountryCode
    FROM countrylanguage cl
    WHERE cl.Language = 'Spanish'
      AND cl.Percentage = (
          SELECT MAX(cl2.Percentage)
          FROM countrylanguage cl2
          WHERE cl2.CountryCode = cl.CountryCode
      )
    GROUP BY cl.CountryCode
) AS t
gold: SELECT count(*) ,   max(Percentage) FROM countrylanguage WHERE LANGUAGE  =  ""Spanish"" GROUP BY CountryCode",0,1,,421,327,697.2448825836182,195.9362030029297,650.2979367376552,1
3888,completed,SambaNova,gpt-oss-120b,819,"FAIL
result mismatch (order_matters=False)
predicted: SELECT COUNT(*) AS SpanishPredominantCountries
FROM (
    SELECT cl.CountryCode
    FROM countrylanguage cl
    JOIN (
        SELECT CountryCode, MAX(Percentage) AS MaxPerc
        FROM countrylanguage
        GROUP BY CountryCode
    ) mx ON cl.CountryCode = mx.CountryCode AND cl.Percentage = mx.MaxPerc
    WHERE cl.Language = 'Spanish'
) AS sub
gold: SELECT count(*) ,   max(Percentage) FROM countrylanguage WHERE LANGUAGE  =  ""Spanish"" GROUP BY CountryCode",0,1,,417,284,667.4726009368896,195.9362030029297,600.1657586561006,1
3889,completed,SambaNova,gpt-oss-120b,820,"FAIL
result mismatch (order_matters=False)
predicted: SELECT cl.CountryCode
FROM countrylanguage cl
WHERE cl.Language = 'Spanish'
  AND cl.Percentage = (
    SELECT MAX(Percentage)
    FROM countrylanguage
    WHERE CountryCode = cl.CountryCode
  )
gold: SELECT CountryCode ,  max(Percentage) FROM countrylanguage WHERE LANGUAGE  =  ""Spanish"" GROUP BY CountryCode",0,1,,420,256,395.35999298095703,50.896644592285156,740.2819521810873,1
3890,completed,SambaNova,gpt-oss-120b,821,"FAIL
result mismatch (order_matters=False)
predicted: SELECT cl.CountryCode
FROM countrylanguage cl
WHERE cl.Language = 'Spanish'
  AND cl.Percentage = (
    SELECT MAX(cl2.Percentage)
    FROM countrylanguage cl2
    WHERE cl2.CountryCode = cl.CountryCode
  )
gold: SELECT CountryCode ,  max(Percentage) FROM countrylanguage WHERE LANGUAGE  =  ""Spanish"" GROUP BY CountryCode",0,1,,417,283,646.3546752929688,204.33616638183594,637.9823340309392,1
3891,completed,SambaNova,gpt-oss-120b,822,PASS,1,1,,431,40,293.42150688171387,204.33616638183594,437.78246545573273,1
3892,completed,SambaNova,gpt-oss-120b,823,PASS,1,1,,431,40,293.4598922729492,204.33616638183594,437.5939135180251,1
3893,completed,SambaNova,gpt-oss-120b,824,PASS,1,1,,436,69,345.85118293762207,198.1194019317627,460.29364526041263,1
3894,completed,SambaNova,gpt-oss-120b,825,PASS,1,1,,436,65,273.303747177124,166.29338264465332,598.0729089151,1
3895,completed,SambaNova,gpt-oss-120b,826,PASS,1,1,,439,48,316.77842140197754,198.1194019317627,396.0929410157286,1
3896,completed,SambaNova,gpt-oss-120b,827,PASS,1,1,,439,98,346.37999534606934,198.1194019317627,654.2534180268553,1
3897,completed,SambaNova,gpt-oss-120b,828,PASS,1,1,,443,128,360.57209968566895,174.43561553955078,682.2950405590786,1
3898,completed,SambaNova,gpt-oss-120b,829,PASS,1,1,,443,112,209.53893661499023,49.76534843444824,694.733098655652,1
3899,completed,SambaNova,gpt-oss-120b,830,PASS,1,1,,432,57,314.5608901977539,195.96099853515625,472.175810744526,1
3900,completed,SambaNova,gpt-oss-120b,831,PASS,1,1,,432,66,343.7063694000244,195.96099853515625,439.946101996324,1
3901,completed,SambaNova,gpt-oss-120b,832,"FAIL
result mismatch (order_matters=False)
predicted: SELECT 
    MAX(CAST(Share AS REAL)) AS max_share,
    MIN(CAST(Share AS REAL)) AS min_share
FROM performance
WHERE Type <> 'Live final'
gold: SELECT max(SHARE) ,  min(SHARE) FROM performance WHERE TYPE != ""Live final""",0,1,,441,140,236.8628978729248,51.00297927856445,747.8750719963876,1
3902,completed,SambaNova,gpt-oss-120b,833,"FAIL
result mismatch (order_matters=False)
predicted: SELECT 
    MAX(CAST(Share AS REAL)) AS MaxShare,
    MIN(CAST(Share AS REAL)) AS MinShare
FROM performance
WHERE Type <> 'Live final'
gold: SELECT max(SHARE) ,  min(SHARE) FROM performance WHERE TYPE != ""Live final""",0,1,,442,154,432.77740478515625,195.96099853515625,646.0701030927835,1
3903,completed,SambaNova,gpt-oss-120b,834,PASS,1,1,,434,50,314.61453437805176,195.96099853515625,412.9670443608101,1
3904,completed,SambaNova,gpt-oss-120b,835,PASS,1,1,,435,65,284.8320007324219,178.12752723693848,599.7874119374105,1
3905,completed,SambaNova,gpt-oss-120b,836,PASS,1,1,,437,80,155.96508979797363,49.67212677001953,743.2288812875007,1
3906,completed,SambaNova,gpt-oss-120b,837,PASS,1,1,,443,78,159.132719039917,52.27780342102051,720.6032549276856,1
3907,completed,SambaNova,gpt-oss-120b,838,PASS,1,1,,437,100,186.97237968444824,52.779436111450195,737.7437096470438,1
3908,completed,SambaNova,gpt-oss-120b,839,PASS,1,1,,440,90,183.10189247131348,49.77583885192871,667.5364460578315,1
3909,completed,SambaNova,gpt-oss-120b,840,PASS,1,1,,438,117,210.87169647216797,50.79483985900879,724.6519106776624,1
3910,completed,SambaNova,gpt-oss-120b,841,PASS,1,1,,445,100,210.45899391174316,50.79483985900879,620.0515111695138,1
3911,completed,SambaNova,gpt-oss-120b,842,PASS,1,1,,439,151,269.29283142089844,55.57823181152344,701.8706268741968,1
3912,completed,SambaNova,gpt-oss-120b,843,PASS,1,1,,440,157,269.34361457824707,55.57823181152344,729.7720425118531,1
3913,completed,SambaNova,gpt-oss-120b,844,"FAIL
result mismatch (order_matters=True)
predicted: SELECT c.Name
FROM conductor c
JOIN orchestra o ON c.Conductor_ID = o.Conductor_ID
GROUP BY c.Conductor_ID, c.Name
ORDER BY COUNT(o.Orchestra_ID) DESC
LIMIT 1
gold: SELECT T1.Name FROM conductor AS T1 JOIN orchestra AS T2 ON T1.Conductor_ID  =  T2.Conductor_ID GROUP BY T2.Conductor_ID ORDER BY COUNT(*) DESC LIMIT 1",0,1,,440,157,266.9358253479004,53.58409881591797,731.1869584360494,1
3914,completed,SambaNova,gpt-oss-120b,845,"FAIL
result mismatch (order_matters=True)
predicted: SELECT c.Name
FROM conductor c
JOIN orchestra o ON c.Conductor_ID = o.Conductor_ID
GROUP BY c.Conductor_ID, c.Name
ORDER BY COUNT(*) DESC
LIMIT 1
gold: SELECT T1.Name FROM conductor AS T1 JOIN orchestra AS T2 ON T1.Conductor_ID  =  T2.Conductor_ID GROUP BY T2.Conductor_ID ORDER BY COUNT(*) DESC LIMIT 1",0,1,,439,154,266.98780059814453,53.58409881591797,716.9510122000269,1
3915,completed,SambaNova,gpt-oss-120b,846,PASS,1,1,,442,149,265.58804512023926,53.053855895996094,696.3585507828407,1
3916,completed,SambaNova,gpt-oss-120b,847,PASS,1,1,,444,148,264.99414443969727,52.4754524230957,691.7038619290798,1
3917,completed,SambaNova,gpt-oss-120b,848,PASS,1,1,,438,103,210.84260940551758,51.168203353881836,638.7999337039344,1
3918,completed,SambaNova,gpt-oss-120b,849,PASS,1,1,,434,89,184.88264083862305,51.396846771240234,659.2461813245695,1
3919,completed,SambaNova,gpt-oss-120b,850,"FAIL
result mismatch (order_matters=True)
predicted: SELECT
    Major_Record_Format,
    COUNT(*) AS format_count
FROM orchestra
GROUP BY Major_Record_Format
ORDER BY format_count ASC
gold: SELECT Major_Record_Format FROM orchestra GROUP BY Major_Record_Format ORDER BY COUNT(*) ASC",0,1,,438,140,319.63062286376953,83.48441123962402,588.6183777584155,1
3920,completed,SambaNova,gpt-oss-120b,851,"FAIL
result mismatch (order_matters=True)
predicted: SELECT
    Major_Record_Format,
    COUNT(*) AS frequency
FROM orchestra
GROUP BY Major_Record_Format
ORDER BY frequency DESC
gold: SELECT Major_Record_Format FROM orchestra GROUP BY Major_Record_Format ORDER BY COUNT(*) ASC",0,1,,439,139,319.685697555542,83.48441123962402,584.2474533158373,1
3921,completed,SambaNova,gpt-oss-120b,852,PASS,1,1,,437,134,319.7154998779297,83.48441123962402,563.0080306815028,1
3922,completed,SambaNova,gpt-oss-120b,853,PASS,1,1,,438,141,319.7453022003174,83.48441123962402,592.5652757454967,1
3923,completed,SambaNova,gpt-oss-120b,854,PASS,1,1,,435,120,400.3491401672363,192.55471229553223,572.6813813961974,1
3924,completed,SambaNova,gpt-oss-120b,855,"FAIL
result mismatch (order_matters=False)
predicted: SELECT o.Orchestra_ID, o.Orchestra
FROM orchestra o
WHERE NOT EXISTS (
    SELECT 1
    FROM performance p
    WHERE p.Orchestra_ID = o.Orchestra_ID
)
gold: SELECT Orchestra FROM orchestra WHERE Orchestra_ID NOT IN (SELECT Orchestra_ID FROM performance)",0,1,,436,211,547.0108985900879,192.55471229553223,592.4568624272464,1
3925,completed,SambaNova,gpt-oss-120b,856,PASS,1,1,,443,378,753.3166408538818,192.55471229553223,672.2995638616568,1
3926,completed,SambaNova,gpt-oss-120b,857,PASS,1,1,,449,234,369.5809841156006,51.551103591918945,732.6355612130917,1
3927,completed,SambaNova,gpt-oss-120b,858,PASS,1,1,,441,79,159.3801975250244,52.29592323303223,728.3982687066954,1
3928,completed,SambaNova,gpt-oss-120b,859,PASS,1,1,,440,106,325.47783851623535,165.9104824066162,658.0293273009261,1
3929,completed,SambaNova,gpt-oss-120b,860,PASS,1,1,,441,348,529.5369625091553,52.924394607543945,728.0546577437973,1
3930,completed,SambaNova,gpt-oss-120b,861,PASS,1,1,,441,307,474.0767478942871,50.482988357543945,722.3902456321647,1
3931,completed,SambaNova,gpt-oss-120b,862,PASS,1,1,,314,52,157.02366828918457,50.482988357543945,478.69039349779797,1
3932,completed,SambaNova,gpt-oss-120b,863,PASS,1,1,,314,54,130.35869598388672,49.555301666259766,655.9130398862249,1
3933,completed,SambaNova,gpt-oss-120b,864,PASS,1,1,,317,73,208.45651626586914,88.45376968383789,599.986267404158,1
3934,completed,SambaNova,gpt-oss-120b,865,PASS,1,1,,318,73,155.86376190185547,48.75946044921875,672.2419083405308,1
3935,completed,SambaNova,gpt-oss-120b,866,PASS,1,1,,316,90,183.7000846862793,50.86922645568848,670.0250317249203,1
3936,completed,SambaNova,gpt-oss-120b,867,"FAIL
result mismatch (order_matters=False)
predicted: SELECT name, grade
FROM Highschooler
gold: SELECT grade FROM Highschooler",0,1,,316,70,183.30907821655273,50.86922645568848,520.9912204114183,1
3937,completed,SambaNova,gpt-oss-120b,868,PASS,1,1,,312,60,207.05676078796387,88.45376968383789,497.45794309859946,1
3938,completed,SambaNova,gpt-oss-120b,869,PASS,1,1,,317,61,207.14211463928223,88.45376968383789,505.5256269899461,1
3939,completed,SambaNova,gpt-oss-120b,870,PASS,1,1,,319,47,207.19480514526367,88.45376968383789,387.39766603217436,1
3940,completed,SambaNova,gpt-oss-120b,871,PASS,1,1,,320,47,198.06814193725586,79.37026023864746,387.53850820017874,1
3941,completed,SambaNova,gpt-oss-120b,872,PASS,1,1,,317,47,198.11463356018066,79.37026023864746,387.3867764280695,1
3942,completed,SambaNova,gpt-oss-120b,873,PASS,1,1,,312,75,155.97939491271973,48.90727996826172,691.1229878889228,1
3943,completed,SambaNova,gpt-oss-120b,874,PASS,1,1,,321,85,227.87809371948242,79.37026023864746,565.6267284435219,1
3944,completed,SambaNova,gpt-oss-120b,875,PASS,1,1,,321,80,280.95102310180664,173.87771606445312,737.8122725997443,1
3945,completed,SambaNova,gpt-oss-120b,876,PASS,1,1,,317,78,182.2974681854248,49.77154731750488,581.0184113094446,1
3946,completed,SambaNova,gpt-oss-120b,877,PASS,1,1,,316,79,182.79647827148438,49.80731010437012,586.513932487984,1
3947,completed,SambaNova,gpt-oss-120b,878,PASS,1,1,,315,102,209.27834510803223,49.80731010437012,633.343854560677,1
3948,completed,SambaNova,gpt-oss-120b,879,PASS,1,1,,319,103,208.8460922241211,49.77154731750488,641.2088122576652,1
3949,completed,SambaNova,gpt-oss-120b,880,PASS,1,1,,318,79,270.87974548339844,163.74731063842773,728.070822929324,1
3950,completed,SambaNova,gpt-oss-120b,881,PASS,1,1,,317,82,296.2799072265625,163.35701942443848,609.3758670108103,1
3951,completed,SambaNova,gpt-oss-120b,882,"FAIL
result mismatch (order_matters=False)
predicted: SELECT 
    h.ID AS student_id,
    COUNT(f.friend_id) AS num_friends
FROM Highschooler h
LEFT JOIN Friend f ON h.ID = f.student_id
GROUP BY h.ID
gold: SELECT student_id ,  count(*) FROM Friend GROUP BY student_id",0,1,,318,199,340.6693935394287,49.391984939575195,679.7643557451629,1
3952,completed,SambaNova,gpt-oss-120b,883,"FAIL
result mismatch (order_matters=False)
predicted: SELECT h.ID,
       h.name,
       COUNT(f.friend_id) AS friend_count
FROM Highschooler AS h
LEFT JOIN Friend AS f
       ON h.ID = f.student_id
GROUP BY h.ID, h.name
gold: SELECT student_id ,  count(*) FROM Friend GROUP BY student_id",0,1,,314,219,341.2659168243408,49.391984939575195,746.8978082155974,1
3953,completed,SambaNova,gpt-oss-120b,884,"FAIL
result mismatch (order_matters=False)
predicted: SELECT h.name,
       COUNT(f.friend_id) AS num_friends
FROM Highschooler h
LEFT JOIN Friend f ON h.ID = f.student_id
GROUP BY h.ID, h.name
gold: SELECT T2.name ,  count(*) FROM Friend AS T1 JOIN Highschooler AS T2 ON T1.student_id  =  T2.id GROUP BY T1.student_id",0,1,,320,182,314.0254020690918,49.24321174621582,683.580718851552,1
3954,completed,SambaNova,gpt-oss-120b,885,"FAIL
result mismatch (order_matters=False)
predicted: SELECT h.name,
       COUNT(f.friend_id) AS friend_count
FROM Highschooler h
LEFT JOIN Friend f ON h.ID = f.student_id
GROUP BY h.ID, h.name
gold: SELECT T2.name ,  count(*) FROM Friend AS T1 JOIN Highschooler AS T2 ON T1.student_id  =  T2.id GROUP BY T1.student_id",0,1,,323,167,288.2406711578369,49.302101135253906,694.7392377225272,1
3955,completed,SambaNova,gpt-oss-120b,886,PASS,1,1,,323,219,343.62316131591797,52.07943916320801,747.7437634064783,1
3956,completed,SambaNova,gpt-oss-120b,887,PASS,1,1,,319,191,316.1747455596924,50.90165138244629,716.2430120902073,1
3957,completed,SambaNova,gpt-oss-120b,888,PASS,1,1,,321,169,288.64359855651855,49.76654052734375,703.2906440914122,1
3958,completed,SambaNova,gpt-oss-120b,889,PASS,1,1,,322,162,312.9301071166992,48.11525344848633,607.9719387709167,1
3959,completed,SambaNova,gpt-oss-120b,890,PASS,1,1,,320,213,344.30456161499023,52.423715591430664,726.3237820781434,1
3960,completed,SambaNova,gpt-oss-120b,891,PASS,1,1,,318,220,339.88213539123535,48.11525344848633,750.5992405367397,1
3961,completed,SambaNova,gpt-oss-120b,892,PASS,1,1,,317,197,316.44487380981445,51.41162872314453,739.5298651529736,1
3962,completed,SambaNova,gpt-oss-120b,893,PASS,1,1,,314,194,341.81904792785645,50.408124923706055,662.2950094332984,1
3963,completed,SambaNova,gpt-oss-120b,894,PASS,1,1,,318,234,367.13242530822754,49.9417781829834,734.5739923661712,1
3964,completed,SambaNova,gpt-oss-120b,895,PASS,1,1,,320,229,368.36695671081543,50.408124923706055,717.0739643195642,1
3965,completed,SambaNova,gpt-oss-120b,896,PASS,1,1,,320,207,341.2799835205078,49.950599670410156,707.103407413227,1
3966,completed,SambaNova,gpt-oss-120b,897,PASS,1,1,,317,227,367.6638603210449,49.561262130737305,710.4626032158139,1
3967,completed,SambaNova,gpt-oss-120b,898,PASS,1,1,,324,257,393.7852382659912,49.39126968383789,743.334736824616,1
3968,completed,SambaNova,gpt-oss-120b,899,PASS,1,1,,320,276,421.09107971191406,50.2924919128418,741.6425225141811,1
3969,completed,SambaNova,gpt-oss-120b,900,PASS,1,1,,323,259,394.87743377685547,50.61912536621094,749.4372501599807,1
3970,completed,SambaNova,gpt-oss-120b,901,PASS,1,1,,322,253,394.930362701416,50.61912536621094,731.8959495785052,1
3971,completed,SambaNova,gpt-oss-120b,902,"FAIL
result mismatch (order_matters=False)
predicted: SELECT h.ID,
       COUNT(l.student_id) AS like_count
FROM Highschooler h
LEFT JOIN Likes l ON h.ID = l.liked_id
GROUP BY h.ID
gold: SELECT student_id ,  count(*) FROM Likes GROUP BY student_id",0,1,,316,181,314.5596981048584,50.07600784301758,680.5712663105943,1
3972,completed,SambaNova,gpt-oss-120b,903,"FAIL
result mismatch (order_matters=False)
predicted: SELECT h.ID AS student_id,
       COUNT(l.liked_id) AS like_count
FROM Highschooler h
LEFT JOIN Likes l ON h.ID = l.liked_id
GROUP BY h.ID
gold: SELECT student_id ,  count(*) FROM Likes GROUP BY student_id",0,1,,315,246,507.6451301574707,163.19608688354492,711.2808259570686,1
3973,completed,SambaNova,gpt-oss-120b,904,PASS,1,1,,324,220,341.00341796875,49.93891716003418,752.4105460869109,1
3974,completed,SambaNova,gpt-oss-120b,905,PASS,1,1,,326,200,316.27798080444336,51.019906997680664,750.2127914303152,1
3975,completed,SambaNova,gpt-oss-120b,906,"FAIL
result mismatch (order_matters=True)
predicted: SELECT h.name
FROM Highschooler h
LEFT JOIN Likes l ON h.ID = l.liked_id
GROUP BY h.ID, h.name
ORDER BY COUNT(l.liked_id) DESC
LIMIT 1
gold: SELECT T2.name FROM Likes AS T1 JOIN Highschooler AS T2 ON T1.student_id  =  T2.id GROUP BY T1.student_id ORDER BY count(*) DESC LIMIT 1",0,1,,323,274,420.29881477355957,49.982547760009766,737.2076906089869,1
3976,completed,SambaNova,gpt-oss-120b,907,"FAIL
result mismatch (order_matters=True)
predicted: SELECT h.name
FROM Highschooler h
JOIN Likes l ON h.ID = l.liked_id
GROUP BY h.ID, h.name
ORDER BY COUNT(*) DESC
LIMIT 1
gold: SELECT T2.name FROM Likes AS T1 JOIN Highschooler AS T2 ON T1.student_id  =  T2.id GROUP BY T1.student_id ORDER BY count(*) DESC LIMIT 1",0,1,,317,185,315.2737617492676,50.139427185058594,693.9878243322717,1
3977,completed,SambaNova,gpt-oss-120b,908,PASS,1,1,,319,189,313.94243240356445,48.44188690185547,708.096473567471,1
3978,completed,SambaNova,gpt-oss-120b,909,PASS,1,1,,320,187,317.6274299621582,52.41870880126953,701.3344025257874,1
3979,completed,SambaNova,gpt-oss-120b,910,PASS,1,1,,327,187,317.7053928375244,52.41870880126953,701.1282932489015,1
3980,completed,SambaNova,gpt-oss-120b,911,PASS,1,1,,330,255,580.441951751709,197.509765625,663.3028228030787,1
3981,completed,SambaNova,gpt-oss-120b,912,PASS,1,1,,313,116,211.01975440979004,51.05876922607422,718.9253046167604,1
3982,completed,SambaNova,gpt-oss-120b,913,PASS,1,1,,320,158,462.77427673339844,197.509765625,591.862060039547,1
3983,completed,SambaNova,gpt-oss-120b,914,PASS,1,1,,318,131,233.87646675109863,48.26188087463379,700.3759935467629,1
3984,completed,SambaNova,gpt-oss-120b,915,PASS,1,1,,317,152,268.97239685058594,55.924177169799805,708.7597362993502,1
3985,completed,SambaNova,gpt-oss-120b,916,"FAIL
result mismatch (order_matters=False)
predicted: SELECT MIN(h.grade) AS min_grade
FROM Highschooler h
WHERE NOT EXISTS (
    SELECT 1
    FROM Friend f
    WHERE f.student_id = h.ID OR f.friend_id = h.ID
)
gold: SELECT min(grade) FROM Highschooler WHERE id NOT IN (SELECT T1.student_id FROM Friend AS T1 JOIN Highschooler AS T2 ON T1.student_id  =  T2.id)",0,1,,317,238,369.0354824066162,50.5375862121582,744.1179449904445,1
3986,completed,SambaNova,gpt-oss-120b,917,PASS,1,1,,320,199,315.3712749481201,50.47440528869629,747.4607014215279,1
3987,completed,SambaNova,gpt-oss-120b,918,PASS,1,1,,747,127,433.60185623168945,197.509765625,533.6900515227591,1
3988,completed,SambaNova,gpt-oss-120b,919,PASS,1,1,,747,125,238.8467788696289,52.29020118713379,664.6777162209655,1
3989,completed,SambaNova,gpt-oss-120b,920,PASS,1,1,,752,165,310.3630542755127,71.86222076416016,687.628624124677,1
3990,completed,SambaNova,gpt-oss-120b,921,PASS,1,1,,749,176,291.1980152130127,52.67930030822754,733.6950480798065,1
3991,completed,SambaNova,gpt-oss-120b,922,PASS,1,1,,768,216,343.90759468078613,52.761077880859375,738.4598049227086,1
3992,completed,SambaNova,gpt-oss-120b,923,PASS,1,1,,764,276,424.79491233825684,53.60889434814453,740.868423571185,1
3993,completed,SambaNova,gpt-oss-120b,924,PASS,1,1,,757,226,370.3641891479492,51.95355415344238,706.6346888943633,1
3994,completed,SambaNova,gpt-oss-120b,925,"FAIL
result mismatch (order_matters=False)
predicted: SELECT d.name
FROM Dogs d
WHERE d.owner_id IN (
    SELECT o.owner_id
    FROM Owners o
    LEFT JOIN Dogs d2 ON d2.owner_id = o.owner_id
    LEFT JOIN Treatments t ON t.dog_id = d2.dog_id
    GROUP BY o.owner_id
    HAVING COALESCE(SUM(t.cost_of_treatment), 0) <= 1000
)
gold: select name from dogs where dog_id not in ( select dog_id from treatments group by dog_id having sum(cost_of_treatment)  >  1000 )",0,1,,759,317,476.81212425231934,52.968502044677734,745.5579922474122,1
3995,completed,SambaNova,gpt-oss-120b,926,PASS,1,1,,754,259,515.449047088623,171.2355613708496,749.5348401646838,1
3996,completed,SambaNova,gpt-oss-120b,927,PASS,1,1,,756,250,396.79718017578125,52.15811729431152,722.4950007644303,1
3997,completed,SambaNova,gpt-oss-120b,928,PASS,1,1,,757,145,290.68922996520996,52.15811729431152,603.6948320392775,1
3998,completed,SambaNova,gpt-oss-120b,929,PASS,1,1,,757,209,342.3802852630615,50.81892013549805,713.4004188414887,1
3999,completed,SambaNova,gpt-oss-120b,930,PASS,1,1,,755,200,527.8477668762207,203.22847366333008,613.0257940937988,1
4000,completed,SambaNova,gpt-oss-120b,931,PASS,1,1,,756,177,498.8224506378174,203.22847366333008,595.4113199511861,1
4001,completed,SambaNova,gpt-oss-120b,932,PASS,1,1,,758,200,527.9238224029541,203.22847366333008,612.8822010307878,1
4002,completed,SambaNova,gpt-oss-120b,933,PASS,1,1,,758,202,528.5654067993164,203.22847366333008,617.8210326830148,1
4003,completed,SambaNova,gpt-oss-120b,934,PASS,1,1,,749,150,292.63854026794434,53.723812103271484,623.6534731224323,1
4004,completed,SambaNova,gpt-oss-120b,935,PASS,1,1,,751,159,381.99639320373535,169.94357109069824,745.0973697288327,1
4005,completed,SambaNova,gpt-oss-120b,936,PASS,1,1,,759,223,372.21217155456543,53.723812103271484,697.0427439874775,1
4006,completed,SambaNova,gpt-oss-120b,937,"FAIL
result mismatch (order_matters=True)
predicted: SELECT o.owner_id, o.last_name
FROM Owners o
JOIN Dogs d ON d.owner_id = o.owner_id
JOIN Treatments t ON t.dog_id = d.dog_id
GROUP BY o.owner_id, o.last_name
ORDER BY SUM(t.cost_of_treatment) DESC
LIMIT 1
gold: SELECT T1.owner_id ,  T1.last_name FROM Owners AS T1 JOIN Dogs AS T2 ON T1.owner_id  =  T2.owner_id JOIN Treatments AS T3 ON T2.dog_id  =  T3.dog_id GROUP BY T1.owner_id ORDER BY count(*) DESC LIMIT 1",0,1,,760,223,369.30346488952637,51.73206329345703,699.0553900138965,1
4007,completed,SambaNova,gpt-oss-120b,938,PASS,1,1,,753,237,369.28296089172363,51.375627517700195,742.3546902654867,1
4008,completed,SambaNova,gpt-oss-120b,939,PASS,1,1,,752,284,450.2072334289551,53.171634674072266,712.7824328284357,1
4009,completed,SambaNova,gpt-oss-120b,940,PASS,1,1,,760,242,516.4196491241455,171.80657386779785,699.3350435723517,1
4010,completed,SambaNova,gpt-oss-120b,941,PASS,1,1,,760,238,369.89855766296387,52.141427993774414,745.8526587483211,1
4011,completed,SambaNova,gpt-oss-120b,942,"FAIL
result mismatch (order_matters=False)
predicted: SELECT p.professional_id, p.cell_number
FROM Professionals p
JOIN Treatments t ON p.professional_id = t.professional_id
GROUP BY p.professional_id, p.cell_number
HAVING COUNT(DISTINCT t.treatment_type_code) >= 2
gold: SELECT T1.professional_id ,  T1.cell_number FROM Professionals AS T1 JOIN Treatments AS T2 ON T1.professional_id  =  T2.professional_id GROUP BY T1.professional_id HAVING count(*)  >=  2",0,1,,756,178,291.37563705444336,51.99003219604492,739.3928306787669,1
4012,completed,SambaNova,gpt-oss-120b,943,"FAIL
result mismatch (order_matters=False)
predicted: SELECT p.professional_id, p.cell_number
FROM Professionals p
WHERE p.professional_id IN (
    SELECT t.professional_id
    FROM Treatments t
    GROUP BY t.professional_id
    HAVING COUNT(DISTINCT t.treatment_type_code) >= 2
)
gold: SELECT T1.professional_id ,  T1.cell_number FROM Professionals AS T1 JOIN Treatments AS T2 ON T1.professional_id  =  T2.professional_id GROUP BY T1.professional_id HAVING count(*)  >=  2",0,1,,755,194,316.58220291137695,51.636457443237305,728.451025544808,1
4013,completed,SambaNova,gpt-oss-120b,944,"FAIL
result mismatch (order_matters=False)
predicted: SELECT DISTINCT p.first_name, p.last_name
FROM Professionals p
JOIN Treatments t ON p.professional_id = t.professional_id
WHERE t.cost_of_treatment < (SELECT AVG(cost_of_treatment) FROM Treatments)
gold: SELECT DISTINCT T1.first_name ,  T1.last_name FROM Professionals AS T1 JOIN Treatments AS T2 WHERE cost_of_treatment  <  ( SELECT avg(cost_of_treatment) FROM Treatments )",0,1,,757,154,264.8777961730957,51.965951919555664,718.6072739936642,1
4014,completed,SambaNova,gpt-oss-120b,945,"FAIL
result mismatch (order_matters=False)
predicted: SELECT DISTINCT p.first_name, p.last_name
FROM Professionals p
JOIN Treatments t ON p.professional_id = t.professional_id
WHERE t.cost_of_treatment < (SELECT AVG(cost_of_treatment) FROM Treatments)
gold: SELECT DISTINCT T1.first_name ,  T1.last_name FROM Professionals AS T1 JOIN Treatments AS T2 WHERE cost_of_treatment  <  ( SELECT avg(cost_of_treatment) FROM Treatments )",0,1,,759,182,317.14558601379395,51.75447463989258,682.0122914553633,1
4015,completed,SambaNova,gpt-oss-120b,946,PASS,1,1,,756,86,192.60239601135254,59.54575538635254,638.8256880733945,1
4016,completed,SambaNova,gpt-oss-120b,947,PASS,1,1,,752,117,211.5764617919922,51.49674415588379,724.6389593445563,1
4017,completed,SambaNova,gpt-oss-120b,948,PASS,1,1,,750,116,211.61913871765137,51.49674415588379,718.2006009511585,1
4018,completed,SambaNova,gpt-oss-120b,949,PASS,1,1,,749,163,317.8093433380127,52.71434783935547,611.1016909061966,1
4019,completed,SambaNova,gpt-oss-120b,950,"FAIL
result mismatch (order_matters=False)
predicted: SELECT o.first_name,
       o.last_name,
       s.size_description
FROM   Owners o
JOIN   Dogs d ON o.owner_id = d.owner_id
JOIN   Sizes s ON d.size_code = s.size_code
gold: SELECT T1.first_name ,  T1.last_name ,  T2.size_code FROM Owners AS T1 JOIN Dogs AS T2 ON T1.owner_id  =  T2.owner_id",0,1,,755,208,344.41328048706055,52.71434783935547,709.6357813897149,1
4020,completed,SambaNova,gpt-oss-120b,951,"FAIL
result mismatch (order_matters=False)
predicted: SELECT o.first_name,
       o.last_name,
       s.size_description
FROM Owners o
JOIN Dogs d ON o.owner_id = d.owner_id
JOIN Sizes s ON d.size_code = s.size_code
gold: SELECT T1.first_name ,  T1.last_name ,  T2.size_code FROM Owners AS T1 JOIN Dogs AS T2 ON T1.owner_id  =  T2.owner_id",0,1,,754,181,314.06474113464355,50.109148025512695,681.9328883308795,1
4021,completed,SambaNova,gpt-oss-120b,952,PASS,1,1,,750,108,211.45129203796387,52.12712287902832,671.586743962625,1
4022,completed,SambaNova,gpt-oss-120b,953,PASS,1,1,,749,96,306.4451217651367,173.10166358947754,712.4458994820154,1
4023,completed,SambaNova,gpt-oss-120b,954,"FAIL
result mismatch (order_matters=True)
predicted: SELECT d.name, t.date_of_treatment
FROM Dogs d
JOIN Treatments t ON d.dog_id = t.dog_id
WHERE d.breed_code IN (
    SELECT breed_code
    FROM Dogs
    GROUP BY breed_code
    HAVING COUNT(*) = (
        SELECT MIN(cnt) FROM (
            SELECT COUNT(*) AS cnt FROM Dogs GROUP BY breed_code
        )
    )
)
ORDER BY d.name, t.date_of_treatment
gold: SELECT T1.name ,  T2.date_of_treatment FROM Dogs AS T1 JOIN Treatments AS T2 ON T1.dog_id  =  T2.dog_id WHERE T1.breed_code  =  ( SELECT breed_code FROM Dogs GROUP BY breed_code ORDER BY count(*) ASC LIMIT 1 )",0,1,,755,345,527.458906173706,51.68890953063965,723.0384480467286,1
4024,completed,SambaNova,gpt-oss-120b,955,"FAIL
result mismatch (order_matters=True)
predicted: WITH breed_counts AS (
    SELECT breed_code, COUNT(*) AS cnt
    FROM Dogs
    GROUP BY breed_code
),
min_cnt AS (
    SELECT MIN(cnt) AS mincnt
    FROM breed_counts
),
rare_breeds AS (
    SELECT breed_code
    FROM breed_counts
    WHERE cnt = (SELECT mincnt FROM min_cnt)
)
SELECT d.name,
       t.date_of_treatment
FROM Dogs d
JOIN rare_breeds rb ON d.breed_code = rb.breed_code
LEFT JOIN Treatments t ON d.dog_id = t.dog_id
gold: SELECT T1.name ,  T2.date_of_treatment FROM Dogs AS T1 JOIN Treatments AS T2 ON T1.dog_id  =  T2.dog_id WHERE T1.breed_code  =  ( SELECT breed_code FROM Dogs GROUP BY breed_code ORDER BY count(*) ASC LIMIT 1 )",0,1,,753,449,660.224437713623,51.80954933166504,736.339640194257,1
4025,completed,SambaNova,gpt-oss-120b,956,PASS,1,1,,758,96,211.1034393310547,51.80954933166504,596.3819453487137,1
4026,completed,SambaNova,gpt-oss-120b,957,PASS,1,1,,754,152,265.99931716918945,52.93869972229004,708.7184943394495,1
4027,completed,SambaNova,gpt-oss-120b,958,PASS,1,1,,756,146,266.05820655822754,52.93869972229004,680.369442256748,1
4028,completed,SambaNova,gpt-oss-120b,959,PASS,1,1,,753,162,403.22160720825195,164.5662784576416,674.6130532381345,1
4029,completed,SambaNova,gpt-oss-120b,960,"FAIL
result mismatch (order_matters=False)
predicted: SELECT o.last_name
FROM Owners o
JOIN Dogs d ON o.owner_id = d.owner_id
WHERE d.date_of_birth = (SELECT MAX(date_of_birth) FROM Dogs)
gold: SELECT T1.last_name FROM Owners AS T1 JOIN Dogs AS T2 ON T1.owner_id  =  T2.owner_id WHERE T2.age  =  ( SELECT max(age) FROM Dogs )",0,1,,749,176,292.4044132232666,53.33566665649414,732.0070168650091,1
4030,completed,SambaNova,gpt-oss-120b,961,"FAIL
result mismatch (order_matters=False)
predicted: SELECT o.last_name
FROM Dogs d
JOIN Owners o ON d.owner_id = o.owner_id
WHERE d.date_of_birth = (SELECT MAX(date_of_birth) FROM Dogs)
gold: SELECT T1.last_name FROM Owners AS T1 JOIN Dogs AS T2 ON T1.owner_id  =  T2.owner_id WHERE T2.age  =  ( SELECT max(age) FROM Dogs )",0,1,,751,187,317.2745704650879,52.320241928100586,702.0077800843877,1
4031,completed,SambaNova,gpt-oss-120b,962,PASS,1,1,,756,83,211.6715908050537,52.320241928100586,514.5861680990113,1
4032,completed,SambaNova,gpt-oss-120b,963,PASS,1,1,,757,86,183.51125717163086,50.48346519470215,638.9642249699351,1
4033,completed,SambaNova,gpt-oss-120b,964,PASS,1,1,,751,94,185.1813793182373,51.82218551635742,697.3647436573589,1
4034,completed,SambaNova,gpt-oss-120b,965,PASS,1,1,,750,68,159.19160842895508,52.071332931518555,625.4651576358517,1
4035,completed,SambaNova,gpt-oss-120b,966,PASS,1,1,,745,77,160.60185432434082,52.50144004821777,703.0500346268025,1
4036,completed,SambaNova,gpt-oss-120b,967,PASS,1,1,,748,76,160.6464385986328,52.50144004821777,693.5133478691249,1
4037,completed,SambaNova,gpt-oss-120b,968,PASS,1,1,,747,85,187.04509735107422,53.745269775390625,630.1583544983008,1
4038,completed,SambaNova,gpt-oss-120b,969,PASS,1,1,,748,91,350.74567794799805,202.26740837097168,606.1493055945841,1
4039,completed,SambaNova,gpt-oss-120b,970,PASS,1,1,,761,97,350.77905654907227,202.26740837097168,646.413942459741,1
4040,completed,SambaNova,gpt-oss-120b,971,PASS,1,1,,760,71,284.14082527160645,177.28257179260254,655.073405385144,1
4041,completed,SambaNova,gpt-oss-120b,972,PASS,1,1,,761,71,350.01635551452637,202.26740837097168,473.7766417515459,1
4042,completed,SambaNova,gpt-oss-120b,973,PASS,1,1,,761,71,351.09829902648926,202.67748832702637,471.6319744523085,1
4043,completed,SambaNova,gpt-oss-120b,974,PASS,1,1,,747,135,437.197208404541,200.46591758728027,566.042619619044,1
4044,completed,SambaNova,gpt-oss-120b,975,PASS,1,1,,749,156,438.14706802368164,200.46591758728027,652.1341709908747,1
4045,completed,SambaNova,gpt-oss-120b,976,PASS,1,1,,746,158,438.18211555480957,200.46591758728027,660.4514178770659,1
4046,completed,SambaNova,gpt-oss-120b,977,PASS,1,1,,748,133,409.7111225128174,202.67748832702637,637.5775632743026,1
4047,completed,SambaNova,gpt-oss-120b,978,PASS,1,1,,747,114,409.1484546661377,202.67748832702637,547.29244505209,1
4048,completed,SambaNova,gpt-oss-120b,979,PASS,1,1,,750,112,409.09385681152344,202.67748832702637,537.7480517410453,1
4049,completed,SambaNova,gpt-oss-120b,980,PASS,1,1,,747,819,1286.9226932525635,80.24811744689941,677.8961091923591,1
4050,completed,SambaNova,gpt-oss-120b,981,"FAIL
result mismatch (order_matters=False)
predicted: SELECT COUNT(*) AS owners_without_current_dogs
FROM Owners o
WHERE NOT EXISTS (
    SELECT 1
    FROM Dogs d
    WHERE d.owner_id = o.owner_id
      AND d.date_departed IS NULL
)
gold: SELECT count(*) FROM Owners WHERE owner_id NOT IN ( SELECT owner_id FROM Dogs )",0,1,,752,376,669.2285537719727,80.24811744689941,636.6934737931227,1
4051,completed,SambaNova,gpt-oss-120b,982,PASS,1,1,,748,119,267.09508895874023,89.22147750854492,663.3923887751054,1
4052,completed,SambaNova,gpt-oss-120b,983,PASS,1,1,,749,114,287.05787658691406,80.24811744689941,546.395878366149,1
4053,completed,SambaNova,gpt-oss-120b,984,PASS,1,1,,766,97,301.8500804901123,168.75338554382324,721.2801192301629,1
4054,completed,SambaNova,gpt-oss-120b,985,PASS,1,1,,771,83,266.615629196167,89.22147750854492,462.24748234313785,1
4055,completed,SambaNova,gpt-oss-120b,986,PASS,1,1,,747,92,266.56079292297363,89.22147750854492,513.140584688397,1
4056,completed,SambaNova,gpt-oss-120b,987,PASS,1,1,,746,88,266.6468620300293,89.22147750854492,490.34697168411776,1
4057,completed,SambaNova,gpt-oss-120b,988,"FAIL
result mismatch (order_matters=False)
predicted: SELECT MAX(CAST(age AS INTEGER)) AS oldest_age
FROM Dogs
gold: SELECT max(age) FROM Dogs",0,1,,746,114,262.0110511779785,83.57906341552734,633.2945197608759,1
4058,completed,SambaNova,gpt-oss-120b,989,"FAIL
result mismatch (order_matters=False)
predicted: SELECT MAX(CAST(age AS INTEGER)) AS oldest_age
FROM Dogs
gold: SELECT max(age) FROM Dogs",0,1,,746,108,262.04800605773926,83.57906341552734,599.544091066364,1
4059,completed,SambaNova,gpt-oss-120b,990,PASS,1,1,,752,49,202.7444839477539,83.57906341552734,402.80141492069083,1
4060,completed,SambaNova,gpt-oss-120b,991,PASS,1,1,,745,59,202.81410217285156,83.57906341552734,486.43419421404974,1
4061,completed,SambaNova,gpt-oss-120b,992,PASS,1,1,,747,101,360.4931831359863,201.4918327331543,628.9254760833708,1
4062,completed,SambaNova,gpt-oss-120b,993,PASS,1,1,,749,99,309.36622619628906,175.9476661682129,734.5304879574265,1
4063,completed,SambaNova,gpt-oss-120b,994,PASS,1,1,,751,46,283.18071365356445,175.9476661682129,419.6467512139592,1
4064,completed,SambaNova,gpt-oss-120b,995,PASS,1,1,,751,71,334.31220054626465,201.4918327331543,527.0276024118228,1
4065,completed,SambaNova,gpt-oss-120b,996,"FAIL
result mismatch (order_matters=False)
predicted: SELECT 
    b.breed_code,
    b.breed_name,
    s.size_code,
    s.size_description
FROM Breeds AS b
CROSS JOIN Sizes AS s
gold: SELECT DISTINCT breed_code ,  size_code FROM dogs",0,1,,749,134,237.87474632263184,52.213430404663086,716.3581672488185,1
4066,completed,SambaNova,gpt-oss-120b,997,"FAIL
result mismatch (order_matters=False)
predicted: SELECT DISTINCT b.breed_name, s.size_description
FROM Dogs d
JOIN Breeds b ON d.breed_code = b.breed_code
JOIN Sizes s ON d.size_code = s.size_code
gold: SELECT DISTINCT breed_code ,  size_code FROM dogs",0,1,,749,106,401.7198085784912,194.82421875,507.50235946083296,1
4067,completed,SambaNova,gpt-oss-120b,998,"FAIL
result mismatch (order_matters=False)
predicted: SELECT p.first_name,
       tt.treatment_type_description
FROM Professionals AS p
JOIN Treatments AS t
  ON p.professional_id = t.professional_id
JOIN Treatment_Types AS tt
  ON t.treatment_type_code = tt.treatment_type_code
gold: SELECT DISTINCT T1.first_name ,  T3.treatment_type_description FROM professionals AS T1 JOIN Treatments AS T2 ON T1.professional_id  =  T2.professional_id JOIN Treatment_types AS T3 ON T2.treatment_type_code  =  T3.treatment_type_code",0,1,,756,152,431.3490390777588,194.82421875,638.4108009922817,1
4068,completed,SambaNova,gpt-oss-120b,999,"FAIL
result mismatch (order_matters=False)
predicted: SELECT
    p.first_name,
    tt.treatment_type_description
FROM Professionals p
JOIN Treatments t ON p.professional_id = t.professional_id
JOIN Treatment_Types tt ON t.treatment_type_code = tt.treatment_type_code
gold: SELECT DISTINCT T1.first_name ,  T3.treatment_type_description FROM professionals AS T1 JOIN Treatments AS T2 ON T1.professional_id  =  T2.professional_id JOIN Treatment_types AS T3 ON T2.treatment_type_code  =  T3.treatment_type_code",0,1,,753,190,318.6156749725342,52.44302749633789,710.0654473405356,1
4069,completed,SambaNova,gpt-oss-120b,1000,PASS,1,1,,277,39,103.5928726196289,49.483537673950195,702.2817788861913,1
4070,completed,SambaNova,gpt-oss-120b,1001,PASS,1,1,,278,39,284.74903106689453,194.82421875,422.5752494882971,1
4071,completed,SambaNova,gpt-oss-120b,1002,PASS,1,1,,283,48,129.3935775756836,49.278974533081055,586.6595878282866,1
4072,completed,SambaNova,gpt-oss-120b,1003,PASS,1,1,,283,48,314.03589248657227,194.82421875,394.2566908661827,1
4073,completed,SambaNova,gpt-oss-120b,1004,PASS,1,1,,281,79,271.10838890075684,164.351224899292,730.6301242596679,1
4074,completed,SambaNova,gpt-oss-120b,1005,PASS,1,1,,283,69,181.748628616333,49.34382438659668,513.5765306673677,1
4075,completed,SambaNova,gpt-oss-120b,1006,PASS,1,1,,283,47,255.2037239074707,174.26419258117676,568.3255048087544,1
4076,completed,SambaNova,gpt-oss-120b,1007,"FAIL
result mismatch (order_matters=False)
predicted: SELECT Name
FROM singer
WHERE Citizenship <> 'French' OR Citizenship IS NULL
gold: SELECT Name FROM singer WHERE Citizenship != ""France""",0,1,,284,84,182.0821762084961,49.34382438659668,625.2902711295117,1
4077,completed,SambaNova,gpt-oss-120b,1008,PASS,1,1,,289,60,255.25307655334473,174.26419258117676,728.4950366802868,1
4078,completed,SambaNova,gpt-oss-120b,1009,PASS,1,1,,291,56,158.11467170715332,51.46622657775879,515.713097675916,1
4079,completed,SambaNova,gpt-oss-120b,1010,PASS,1,1,,284,74,158.5392951965332,51.46622657775879,681.7774155694649,1
4080,completed,SambaNova,gpt-oss-120b,1011,PASS,1,1,,284,81,199.34940338134766,64.80956077575684,594.6193963859713,1
4081,completed,SambaNova,gpt-oss-120b,1012,PASS,1,1,,285,77,199.41973686218262,64.80956077575684,564.593273774522,1
4082,completed,SambaNova,gpt-oss-120b,1013,PASS,1,1,,283,60,322.843074798584,203.9773464202881,496.3583768420588,1
4083,completed,SambaNova,gpt-oss-120b,1014,PASS,1,1,,280,82,352.7834415435791,203.9773464202881,544.3325418417081,1
4084,completed,SambaNova,gpt-oss-120b,1015,PASS,1,1,,279,89,209.4593048095703,50.08292198181152,552.1520719610216,1
4085,completed,SambaNova,gpt-oss-120b,1016,PASS,1,1,,286,99,352.81896591186523,203.9773464202881,658.417990443498,1
4086,completed,SambaNova,gpt-oss-120b,1017,PASS,1,1,,282,111,209.86342430114746,50.08292198181152,688.4444497499135,1
4087,completed,SambaNova,gpt-oss-120b,1018,PASS,1,1,,280,77,341.4299488067627,192.87681579589844,511.6014617775973,1
4088,completed,SambaNova,gpt-oss-120b,1019,PASS,1,1,,280,77,341.3403034210205,192.87681579589844,511.9103775327163,1
4089,completed,SambaNova,gpt-oss-120b,1020,PASS,1,1,,287,118,371.17648124694824,192.87681579589844,656.1986513211998,1
4090,completed,SambaNova,gpt-oss-120b,1021,PASS,1,1,,288,80,341.5110111236572,192.87681579589844,531.5062245655797,1
4091,completed,SambaNova,gpt-oss-120b,1022,PASS,1,1,,283,123,236.0701560974121,50.4152774810791,657.1332835918648,1
4092,completed,SambaNova,gpt-oss-120b,1023,PASS,1,1,,285,143,382.19547271728516,169.85011100769043,668.7219294867405,1
4093,completed,SambaNova,gpt-oss-120b,1024,"FAIL
result mismatch (order_matters=False)
predicted: SELECT s.Name,
       COALESCE(SUM(o.Sales), 0) AS Total_Sales
FROM singer AS s
LEFT JOIN song AS o ON s.Singer_ID = o.Singer_ID
GROUP BY s.Name
gold: SELECT T1.Name ,  sum(T2.Sales) FROM singer AS T1 JOIN song AS T2 ON T1.Singer_ID  =  T2.Singer_ID GROUP BY T1.Name",0,1,,284,139,381.6828727722168,169.85011100769043,651.4573045759608,1
4094,completed,SambaNova,gpt-oss-120b,1025,"FAIL
result mismatch (order_matters=False)
predicted: SELECT s.Name,
       COALESCE(SUM(o.Sales), 0) AS Total_Sales
FROM singer AS s
LEFT JOIN song AS o ON s.Singer_ID = o.Singer_ID
GROUP BY s.Name
gold: SELECT T1.Name ,  sum(T2.Sales) FROM singer AS T1 JOIN song AS T2 ON T1.Singer_ID  =  T2.Singer_ID GROUP BY T1.Name",0,1,,285,195,315.8748149871826,50.59623718261719,731.3066950431354,1
4095,completed,SambaNova,gpt-oss-120b,1026,PASS,1,1,,283,107,210.1120948791504,50.646305084228516,664.7193742075928,1
4096,completed,SambaNova,gpt-oss-120b,1027,PASS,1,1,,286,150,267.4877643585205,55.151939392089844,701.718610241848,1
4097,completed,SambaNova,gpt-oss-120b,1028,PASS,1,1,,290,191,314.17369842529297,49.252986907958984,717.195718340686,1
4098,completed,SambaNova,gpt-oss-120b,1029,PASS,1,1,,295,232,372.19786643981934,54.49104309082031,727.0854228593256,1
4099,completed,SambaNova,gpt-oss-120b,1030,PASS,1,1,,629,75,158.22625160217285,51.329851150512695,692.2590441524146,1
4100,completed,SambaNova,gpt-oss-120b,1031,PASS,1,1,,631,161,292.08922386169434,53.55072021484375,670.7512521201835,1
4101,completed,SambaNova,gpt-oss-120b,1032,"FAIL
result mismatch (order_matters=False)
predicted: SELECT
    p.property_id,
    r.property_type_description
FROM
    Properties AS p
JOIN
    Ref_Property_Types AS r
    ON p.property_type_code = r.property_type_code
gold: SELECT T2.property_type_description FROM Properties AS T1 JOIN Ref_Property_Types AS T2 ON T1.property_type_code  =  T2.property_type_code GROUP BY T1.property_type_code",0,1,,632,215,343.5795307159424,52.55603790283203,735.3358243742427,1
4102,completed,SambaNova,gpt-oss-120b,1033,"FAIL
result mismatch (order_matters=False)
predicted: SELECT p.property_name
FROM Properties p
JOIN Ref_Property_Types r ON p.property_type_code = r.property_type_code
WHERE p.room_count > 1
  AND (LOWER(r.property_type_description) LIKE '%house%' 
       OR LOWER(r.property_type_description) LIKE '%apartment%')
gold: SELECT property_name FROM Properties WHERE property_type_code  =  ""House"" UNION SELECT property_name FROM Properties WHERE property_type_code  =  ""Apartment"" AND room_count  >  1",0,1,,639,282,449.51391220092773,52.29520797729492,707.4188526676174,1
4103,completed,Anthropic,claude-opus-4-8,500,"FAIL
result mismatch (order_matters=True)
predicted: SELECT s.id, s.name
FROM ship s
JOIN death d ON d.caused_by_ship_id = s.id
GROUP BY s.id, s.name
ORDER BY SUM(d.injured) DESC
LIMIT 1
gold: SELECT T2.id ,  T2.name FROM death AS T1 JOIN ship AS t2 ON T1.caused_by_ship_id  =  T2.id GROUP BY T2.id ORDER BY count(*) DESC LIMIT 1",0,1,,486,92,1932.5829580193385,1164.5806250162423,119.79130276890591,1
4104,completed,Anthropic,claude-opus-4-8,501,PASS,1,1,,512,63,1838.4916670620441,1411.8132090661675,147.652169495299,1
4105,completed,Anthropic,claude-opus-4-8,502,PASS,1,1,,480,31,1113.9495829120278,839.1368329757825,112.8040820784035,1
4106,completed,Anthropic,claude-opus-4-8,503,PASS,1,1,,489,68,1521.4345830027014,823.5689169960096,97.43995630148676,1
4107,completed,Anthropic,claude-opus-4-8,504,PASS,1,1,,508,110,1818.0780420079827,1032.1196250151843,139.9565137566405,1
4108,completed,Anthropic,claude-opus-4-8,505,PASS,1,1,,503,69,1672.2799999406561,1163.531458005309,135.6269243298759,1
4109,completed,Anthropic,claude-opus-4-8,506,PASS,1,1,,487,31,1397.0419589895755,1107.0914169540629,106.91478547470064,1
4110,completed,Anthropic,claude-opus-4-8,507,PASS,1,1,,1541,28,1132.1517090545967,754.4337919680402,74.12939321484085,1
4111,completed,Anthropic,claude-opus-4-8,508,PASS,1,1,,1537,28,1170.660207979381,889.0385830309242,99.4241830865248,1
4112,completed,Anthropic,claude-opus-4-8,509,PASS,1,1,,1534,26,2430.272666970268,2137.2613749699667,88.73378163177846,1
4113,completed,Anthropic,claude-opus-4-8,510,PASS,1,1,,1531,26,1578.4758750814945,1288.8897920493037,89.78332013665796,1
4114,completed,Anthropic,claude-opus-4-8,511,PASS,1,1,,1531,33,1353.334708022885,760.0598749704659,55.62346177776307,1
4115,completed,Anthropic,claude-opus-4-8,512,PASS,1,1,,1538,33,1939.855417003855,1670.543042011559,122.53428755713135,1
4116,completed,Anthropic,claude-opus-4-8,513,PASS,1,1,,1544,41,1441.8902499601245,1135.789708001539,133.9429186817552,1
4117,completed,Anthropic,claude-opus-4-8,514,PASS,1,1,,1539,41,2061.225250014104,1767.7937080152333,139.72594670874815,1
4118,completed,Anthropic,claude-opus-4-8,515,PASS,1,1,,1543,103,2044.9518330860883,1150.8600410306826,115.20069965435633,1
4119,completed,Anthropic,claude-opus-4-8,516,PASS,1,1,,1543,107,2241.8608750449494,1244.3732500541955,107.26950121410462,1
4120,completed,Anthropic,claude-opus-4-8,517,PASS,1,1,,1534,38,1598.6293330788612,1344.2607501056045,149.3895179814528,1
4121,completed,Anthropic,claude-opus-4-8,518,PASS,1,1,,1535,38,1660.1806250400841,1365.7936670351774,129.08180531342228,1
4122,completed,Anthropic,claude-opus-4-8,519,PASS,1,1,,1534,42,1262.295207940042,861.2224999815226,104.7191672895973,1
4123,completed,Anthropic,claude-opus-4-8,520,PASS,1,1,,1534,42,1514.6591669181362,1231.6274169133976,148.39324563161847,1
4124,completed,Anthropic,claude-opus-4-8,521,PASS,1,1,,1538,73,1985.574083053507,1320.3804170479998,109.74247610980053,1
4125,completed,Anthropic,claude-opus-4-8,522,PASS,1,1,,1537,75,1740.9341250313446,1129.4282090384513,122.64803665590641,1
4126,completed,Anthropic,claude-opus-4-8,523,PASS,1,1,,1539,26,1527.0448749652132,1315.3730840422213,122.8316720269024,1
4127,completed,Anthropic,claude-opus-4-8,524,PASS,1,1,,1539,26,1391.9924579095095,1233.5059170145541,164.0517854272102,1
4128,completed,Anthropic,claude-opus-4-8,525,PASS,1,1,,1542,94,2265.0456249248236,1407.357499934733,109.59694702673659,1
4129,completed,Anthropic,claude-opus-4-8,526,"FAIL
result mismatch (order_matters=False)
predicted: SELECT C.course_name, C.course_id
FROM Courses C
JOIN Sections S ON C.course_id = S.course_id
GROUP BY C.course_id
HAVING COUNT(S.section_id) < 2
gold: SELECT T1.course_name ,  T1.course_id FROM Courses AS T1 JOIN Sections AS T2 ON T1.course_id  =  T2.course_id GROUP BY T1.course_id HAVING count(*)  <=  2",0,1,,1543,85,1982.2808330645785,1257.1372500387952,117.2181647741034,1
4130,completed,Anthropic,claude-opus-4-8,527,PASS,1,1,,1540,34,1502.312249969691,1244.9215829838067,132.09492169296337,1
4131,completed,Anthropic,claude-opus-4-8,528,PASS,1,1,,1543,34,1529.253999935463,1192.3702079802752,100.925009786528,1
4132,completed,Anthropic,claude-opus-4-8,529,PASS,1,1,,1545,114,2058.8433330412954,962.0740419486538,103.94164107788707,1
4133,completed,Anthropic,claude-opus-4-8,530,PASS,1,1,,1545,114,1922.4346660776064,746.7913751024753,96.9681882890203,1
4134,completed,Anthropic,claude-opus-4-8,531,PASS,1,1,,1542,38,1416.7012500111014,967.469000024721,84.58876227419574,1
4135,completed,Anthropic,claude-opus-4-8,532,PASS,1,1,,1541,38,1369.3892089650035,925.5839999532327,85.6231500405669,1
4136,completed,Anthropic,claude-opus-4-8,533,"FAIL
result mismatch (order_matters=False)
predicted: SELECT T1.first_name, T1.middle_name, T1.last_name, T1.student_id
FROM Students AS T1
JOIN Student_Enrolment AS T2 ON T1.student_id = T2.student_id
GROUP BY T1.student_id, T2.semester_id
HAVING COUNT(*) = 2
gold: SELECT T1.first_name ,  T1.middle_name ,  T1.last_name ,  T1.student_id FROM Students AS T1 JOIN Student_Enrolment AS T2 ON T1.student_id  =  T2.student_id GROUP BY T1.student_id HAVING count(*)  =  2",0,1,,1559,120,2434.6856250194833,1256.768292048946,101.87472129082042,1
4137,completed,Anthropic,claude-opus-4-8,534,"FAIL
result mismatch (order_matters=False)
predicted: SELECT T1.first_name, T1.middle_name, T1.last_name, T1.student_id
FROM Students AS T1
JOIN Student_Enrolment AS T2 ON T1.student_id = T2.student_id
GROUP BY T1.student_id, T2.semester_id
HAVING COUNT(*) = 2
gold: SELECT T1.first_name ,  T1.middle_name ,  T1.last_name ,  T1.student_id FROM Students AS T1 JOIN Student_Enrolment AS T2 ON T1.student_id  =  T2.student_id GROUP BY T1.student_id HAVING count(*)  =  2",0,1,,1563,120,2486.650542006828,1440.2159589808434,114.67510912435148,1
4138,completed,Anthropic,claude-opus-4-8,535,PASS,1,1,,1554,144,2391.0300419665873,1192.257707938552,120.12289232279889,1
4139,completed,Anthropic,claude-opus-4-8,536,PASS,1,1,,1552,144,2196.254750015214,895.2959580346942,110.68759509344721,1
4140,completed,Anthropic,claude-opus-4-8,537,PASS,1,1,,1543,118,3516.075124964118,2188.851249986328,88.90738196069194,1
4141,completed,Anthropic,claude-opus-4-8,538,PASS,1,1,,1544,119,2259.1561659937724,1136.2495829816908,105.97497761638792,1
4142,completed,Anthropic,claude-opus-4-8,539,PASS,1,1,,1549,128,2618.7607920728624,1484.4394590472803,112.8428041272792,1
4143,completed,Anthropic,claude-opus-4-8,540,PASS,1,1,,1547,124,2476.459875004366,1302.7224580291659,105.6454350067124,1
4144,completed,Anthropic,claude-opus-4-8,541,PASS,1,1,,1565,135,2514.0142500167713,1343.7038749689236,115.35401452326745,1
4145,completed,Anthropic,claude-opus-4-8,542,"FAIL
result mismatch (order_matters=True)
predicted: SELECT T1.first_name, T1.middle_name, T1.last_name, T1.student_id, COUNT(*) AS num
FROM Students AS T1
JOIN Student_Enrolment AS T2 ON T1.student_id = T2.student_id
GROUP BY T1.student_id
ORDER BY num DESC
LIMIT 1
gold: SELECT T1.student_id ,  T1.first_name ,  T1.middle_name ,  T1.last_name ,  count(*) ,  T1.student_id FROM Students AS T1 JOIN Student_Enrolment AS T2 ON T1.student_id  =  T2.student_id GROUP BY T1.student_id ORDER BY count(*) DESC LIMIT 1",0,1,,1562,127,2101.773791015148,891.2276660557836,104.91132669914839,1
4146,completed,Anthropic,claude-opus-4-8,543,PASS,1,1,,1545,58,1656.7539159441367,1223.8897909410298,133.99123801165945,1
4147,completed,Anthropic,claude-opus-4-8,544,PASS,1,1,,1540,57,2285.654417006299,1748.7736670300364,106.16882799862016,1
4148,completed,Anthropic,claude-opus-4-8,545,PASS,1,1,,1545,67,2042.9664159892127,1434.022624976933,110.02657550481356,1
4149,completed,Anthropic,claude-opus-4-8,546,PASS,1,1,,1541,65,1442.2818750608712,847.7285410044715,109.32576823096926,1
4150,completed,Anthropic,claude-opus-4-8,547,"FAIL
result mismatch (order_matters=True)
predicted: SELECT T1.course_name
FROM Courses AS T1
JOIN Student_Enrolment_Courses AS T2 ON T1.course_id = T2.course_id
GROUP BY T1.course_id
ORDER BY COUNT(*) DESC
LIMIT 1
gold: SELECT  T1.course_name FROM Courses AS T1 JOIN Student_Enrolment_Courses AS T2 ON T1.course_id  =  T2.course_id GROUP BY T1.course_name ORDER BY count(*) DESC LIMIT 1",0,1,,1540,105,2075.8570830803365,930.9943750267848,91.71405379996757,1
4151,completed,Anthropic,claude-opus-4-8,548,"FAIL
result mismatch (order_matters=True)
predicted: SELECT C.course_name
FROM Courses C
JOIN Student_Enrolment_Courses SEC ON C.course_id = SEC.course_id
GROUP BY C.course_id, C.course_name
ORDER BY COUNT(*) DESC
LIMIT 1
gold: SELECT  T1.course_name FROM Courses AS T1 JOIN Student_Enrolment_Courses AS T2 ON T1.course_id  =  T2.course_id GROUP BY T1.course_name ORDER BY count(*) DESC LIMIT 1",0,1,,1540,104,2351.8779169535264,1340.8825839869678,102.86892195123524,1
4152,completed,Anthropic,claude-opus-4-8,549,"FAIL
result mismatch (order_matters=False)
predicted: SELECT T1.last_name
FROM Students AS T1
JOIN Addresses AS T2 ON T1.current_address_id = T2.address_id
WHERE T2.state_province_county = 'North Carolina'
AND T1.student_id NOT IN (SELECT student_id FROM Student_Enrolment)
gold: SELECT T1.last_name FROM Students AS T1 JOIN Addresses AS T2 ON T1.current_address_id  =  T2.address_id WHERE T2.state_province_county  =  'NorthCarolina' EXCEPT SELECT DISTINCT T3.last_name FROM Students AS T3 JOIN Student_Enrolment AS T4 ON T3.student_id  =  T4.student_id",0,1,,1556,115,2253.8797499146312,1249.636207940057,114.51405480176999,1
4153,completed,Anthropic,claude-opus-4-8,550,"FAIL
result mismatch (order_matters=False)
predicted: SELECT T1.last_name
FROM Students AS T1
JOIN Addresses AS T2 ON T1.current_address_id = T2.address_id
WHERE T2.state_province_county = 'North Carolina'
AND T1.student_id NOT IN (SELECT student_id FROM Student_Enrolment)
gold: SELECT T1.last_name FROM Students AS T1 JOIN Addresses AS T2 ON T1.current_address_id  =  T2.address_id WHERE T2.state_province_county  =  'NorthCarolina' EXCEPT SELECT DISTINCT T3.last_name FROM Students AS T3 JOIN Student_Enrolment AS T4 ON T3.student_id  =  T4.student_id",0,1,,1552,115,2188.084833091125,1208.8945830473676,117.44397985464109,1
4154,completed,Anthropic,claude-opus-4-8,551,PASS,1,1,,1544,101,1812.418167013675,780.9302500681952,97.91680381393982,1
4155,completed,Anthropic,claude-opus-4-8,552,PASS,1,1,,1546,101,2313.5312920203432,1490.9134169574827,122.77875677365029,1
4156,completed,Anthropic,claude-opus-4-8,553,PASS,1,1,,1550,53,1507.2159999981523,1115.9222909482196,135.44812700588733,1
4157,completed,Anthropic,claude-opus-4-8,554,"FAIL
result mismatch (order_matters=False)
predicted: SELECT cell_mobile_number FROM Students WHERE first_name = 'Timmothy' AND last_name = 'Ward'
gold: select cell_mobile_number from students where first_name  =  'timmothy' and last_name  =  'ward'",0,1,,1547,53,1818.136207992211,1452.7802499942482,145.06400905687576,1
4158,completed,Anthropic,claude-opus-4-8,555,PASS,1,1,,1545,55,1454.4984999811277,997.3279169062153,120.30520343210193,1
4159,completed,Anthropic,claude-opus-4-8,556,PASS,1,1,,1542,52,1238.8917920179665,718.8482080819085,99.99161917627593,1
4160,completed,Anthropic,claude-opus-4-8,557,PASS,1,1,,1550,52,1926.8331249477342,1592.7562919678167,155.65281655769854,1
4161,completed,Anthropic,claude-opus-4-8,558,PASS,1,1,,1545,49,1872.3738340195268,1441.890624933876,113.82557778287412,1
4162,completed,Anthropic,claude-opus-4-8,559,PASS,1,1,,1547,38,1157.5486249057576,782.6117079239339,101.35038263474645,1
4163,completed,Anthropic,claude-opus-4-8,560,PASS,1,1,,1547,39,1285.3904169751331,833.3696249173954,86.27921698570546,1
4164,completed,Anthropic,claude-opus-4-8,561,"FAIL
result mismatch (order_matters=True)
predicted: SELECT T1.address_id, T1.line_1, T1.line_2, T1.line_3
FROM Addresses AS T1
JOIN Students AS T2 ON T1.address_id = T2.current_address_id
GROUP BY T1.address_id
ORDER BY COUNT(*) DESC
LIMIT 1
gold: SELECT T1.address_id ,  T1.line_1 ,  T1.line_2 FROM Addresses AS T1 JOIN Students AS T2 ON T1.address_id  =  T2.current_address_id GROUP BY T1.address_id ORDER BY count(*) DESC LIMIT 1",0,1,,1546,119,2537.002915982157,1497.2833750071004,114.45394196246512,1
4165,completed,Anthropic,claude-opus-4-8,562,PASS,1,1,,1546,112,2327.382875024341,1296.1146659217775,108.60414294887003,1
4166,completed,Anthropic,claude-opus-4-8,563,PASS,1,1,,1537,31,1445.5939999315888,1151.7232499318197,105.48855236536595,1
4167,completed,Anthropic,claude-opus-4-8,564,PASS,1,1,,1533,31,1531.1586250318214,1323.047999991104,148.95923739566283,1
4168,completed,Anthropic,claude-opus-4-8,565,PASS,1,1,,1539,51,1220.9203749662265,781.2169169774279,115.98726158141612,1
4169,completed,Anthropic,claude-opus-4-8,566,PASS,1,1,,1547,51,1620.1592090073973,1265.8363750670105,143.93653220943847,1
4170,completed,Anthropic,claude-opus-4-8,567,PASS,1,1,,1533,28,1421.181833022274,1223.3372079208493,141.52519931054908,1
4171,completed,Anthropic,claude-opus-4-8,568,PASS,1,1,,1534,28,1127.8362079756334,838.06366706267,96.62751312385436,1
4172,completed,Anthropic,claude-opus-4-8,569,PASS,1,1,,1534,31,1224.172499962151,882.5587079627439,90.74575068694476,1
4173,completed,Anthropic,claude-opus-4-8,570,PASS,1,1,,1533,31,1195.6534999189898,808.3669589832425,80.0440932574082,1
4174,completed,Anthropic,claude-opus-4-8,571,PASS,1,1,,1556,71,2155.8033750625327,1665.5617080396041,144.82653102735824,1
4175,completed,Anthropic,claude-opus-4-8,572,PASS,1,1,,1557,76,1947.1295829862356,1349.237957969308,127.11333763514125,1
4176,completed,Anthropic,claude-opus-4-8,573,PASS,1,1,,1547,110,2033.57016609516,1170.0363750569522,127.38355017670983,1
4177,completed,Anthropic,claude-opus-4-8,574,PASS,1,1,,1542,120,2596.1415419587865,1427.065333002247,102.64514757947742,1
4178,completed,Anthropic,claude-opus-4-8,575,PASS,1,1,,1548,191,6399.610041989945,4856.861750013195,123.8050309265087,1
4179,completed,Anthropic,claude-opus-4-8,576,PASS,1,1,,1550,191,3009.894459042698,1394.984749960713,118.27286623261202,1
4180,completed,Anthropic,claude-opus-4-8,577,PASS,1,1,,1537,35,1370.712833944708,1033.2013750448823,103.70018284442331,1
4181,completed,Anthropic,claude-opus-4-8,578,"FAIL
result mismatch (order_matters=False)
predicted: SELECT DISTINCT T1.line_1, T1.line_2 FROM Addresses AS T1 JOIN Students AS T2 ON T1.address_id = T2.current_address_id
gold: SELECT count(DISTINCT current_address_id) FROM Students",0,1,,1537,73,2967.789249960333,2407.318125013262,130.24756628968862,1
4182,completed,Anthropic,claude-opus-4-8,579,"FAIL
result mismatch (order_matters=True)
predicted: SELECT * FROM Students ORDER BY other_student_details DESC
gold: SELECT other_student_details FROM Students ORDER BY other_student_details DESC",0,1,,1540,33,2471.3016250170767,2273.463375051506,166.80293121144612,1
4183,completed,Anthropic,claude-opus-4-8,580,PASS,1,1,,1545,37,1273.8869999302551,887.5375839415938,95.76823069686193,1
4184,completed,Anthropic,claude-opus-4-8,581,PASS,1,1,,1531,33,1446.9159579603001,1182.7986659482121,124.94448867244054,1
4185,completed,Anthropic,claude-opus-4-8,582,PASS,1,1,,1534,33,1510.9101249836385,1270.427000010386,137.22376571607845,1
4186,completed,Anthropic,claude-opus-4-8,583,"FAIL
result mismatch (order_matters=False)
predicted: SELECT DISTINCT T1.first_name
FROM Students AS T1
JOIN Addresses AS T2 ON T1.permanent_address_id = T2.address_id
WHERE T2.country = 'Haiti' OR T1.cell_mobile_number = '09700166582'
gold: select t1.first_name from students as t1 join addresses as t2 on t1.permanent_address_id  =  t2.address_id where t2.country  =  'haiti' or t1.cell_mobile_number  =  '09700166582'",0,1,,1559,104,2700.8989590685815,1797.5617920747027,115.12866269644447,1
4187,completed,Anthropic,claude-opus-4-8,584,"FAIL
result mismatch (order_matters=False)
predicted: SELECT first_name FROM Students
WHERE permanent_address_id IN (SELECT address_id FROM Addresses WHERE country = 'Haiti')
OR cell_mobile_number = '09700166582'
gold: select t1.first_name from students as t1 join addresses as t2 on t1.permanent_address_id  =  t2.address_id where t2.country  =  'haiti' or t1.cell_mobile_number  =  '09700166582'",0,1,,1558,80,2359.318208997138,1684.1957500437275,118.4970207094247,1
4188,completed,Anthropic,claude-opus-4-8,585,PASS,1,1,,595,34,1131.9518340751529,746.4344589971006,88.1931715609869,1
4189,completed,Anthropic,claude-opus-4-8,586,PASS,1,1,,598,31,1223.0630000121891,846.4804580435157,82.31927013382042,1
4190,completed,Anthropic,claude-opus-4-8,587,PASS,1,1,,595,41,8382.171166944318,8047.78849997092,122.6140109806047,1
4191,completed,Anthropic,claude-opus-4-8,588,PASS,1,1,,598,41,1316.4616250433028,941.8289170134813,109.44052433546811,1
4192,completed,Anthropic,claude-opus-4-8,589,PASS,1,1,,599,48,1446.2310419185087,1075.2530829049647,129.38774079094972,1
4193,completed,Anthropic,claude-opus-4-8,590,PASS,1,1,,599,48,1214.1064580064267,790.6414159806445,113.35056081696013,1
4194,completed,Anthropic,claude-opus-4-8,591,PASS,1,1,,597,41,1079.7386249760166,767.8492079721764,131.45684901355656,1
4195,completed,Anthropic,claude-opus-4-8,592,PASS,1,1,,601,41,1098.6474578967318,785.0484579103068,130.74021282521562,1
4196,completed,Anthropic,claude-opus-4-8,593,PASS,1,1,,609,60,1719.630541978404,1302.584124961868,143.86887778398295,1
4197,completed,Anthropic,claude-opus-4-8,594,PASS,1,1,,608,60,1937.9954159958288,1481.3120829639956,131.38206643468132,1
4198,completed,Anthropic,claude-opus-4-8,595,PASS,1,1,,605,63,1490.3912079753354,916.7590409051627,109.82647699443461,1
4199,completed,Anthropic,claude-opus-4-8,596,PASS,1,1,,599,63,2342.600208008662,1837.5463329721242,124.73916766887953,1
4200,completed,Anthropic,claude-opus-4-8,597,PASS,1,1,,597,51,1804.4052079785615,1435.7925829244778,138.3566284321302,1
4201,completed,Anthropic,claude-opus-4-8,598,PASS,1,1,,597,51,1686.9016659911722,1305.5285000009462,133.7272900875964,1
4202,completed,Anthropic,claude-opus-4-8,599,PASS,1,1,,601,40,1426.3608750188723,1123.838625033386,132.22167956875577,1
4203,completed,Anthropic,claude-opus-4-8,600,PASS,1,1,,592,40,1577.7795840986073,1332.9026669962332,163.34736843847742,1
4204,completed,Anthropic,claude-opus-4-8,601,PASS,1,1,,604,43,1686.5909999469295,1352.6083329925314,128.74919645417168,1
4205,completed,Anthropic,claude-opus-4-8,602,PASS,1,1,,604,43,1714.0669579384848,1386.292666895315,131.18783618797195,1
4206,completed,Anthropic,claude-opus-4-8,603,PASS,1,1,,589,39,1461.9802499655634,1167.0033329864964,132.21373522853528,1
4207,completed,Anthropic,claude-opus-4-8,604,PASS,1,1,,590,39,1409.2911659972742,1119.3051249720156,134.48923217860334,1
4208,completed,Anthropic,claude-opus-4-8,605,PASS,1,1,,602,63,1864.4936659839004,1340.9501659916714,120.33384045630422,1
4209,completed,Anthropic,claude-opus-4-8,606,PASS,1,1,,602,63,2114.099459024146,1473.1216250220314,98.28733016654073,1
4210,completed,Anthropic,claude-opus-4-8,607,PASS,1,1,,593,40,1638.9168750029057,1290.4793339548633,114.79819275410628,1
4211,completed,Anthropic,claude-opus-4-8,608,PASS,1,1,,595,40,1515.0445000035688,1257.37945898436,155.240306724489,1
4212,completed,Anthropic,claude-opus-4-8,609,PASS,1,1,,622,86,2005.1982919685543,1231.5419999649748,111.1604738291227,1
4213,completed,Anthropic,claude-opus-4-8,610,PASS,1,1,,614,86,2173.8932500593364,1361.2694169860333,105.8300242988841,1
4214,completed,Anthropic,claude-opus-4-8,611,PASS,1,1,,608,82,2125.3490829840302,1489.40712492913,128.94258502899572,1
4215,completed,Anthropic,claude-opus-4-8,612,PASS,1,1,,610,82,1937.5206669792533,1292.584624956362,127.14439053956531,1
4216,completed,Anthropic,claude-opus-4-8,613,PASS,1,1,,595,32,1421.7261670855805,1249.7729170136154,186.09709317275187,1
4217,completed,Anthropic,claude-opus-4-8,614,PASS,1,1,,594,32,1346.1927499156445,1135.931917000562,152.19192065563513,1
4218,completed,Anthropic,claude-opus-4-8,615,PASS,1,1,,607,46,1495.8777090068907,1171.4393750298768,141.783492215994,1
4219,completed,Anthropic,claude-opus-4-8,616,PASS,1,1,,605,46,1493.049957905896,1191.3719169097021,152.48043857650333,1
4220,completed,Anthropic,claude-opus-4-8,617,PASS,1,1,,593,34,1461.951042059809,1171.3163750246167,116.98535603766436,1
4221,completed,Anthropic,claude-opus-4-8,618,PASS,1,1,,595,34,1245.5252499785274,922.9475419269875,105.40095967997776,1
4222,completed,Anthropic,claude-opus-4-8,619,PASS,1,1,,604,45,1407.3075420456007,1006.3954170327634,112.24404848957633,1
4223,completed,Anthropic,claude-opus-4-8,620,PASS,1,1,,597,45,2169.910291908309,1840.2985419379547,136.52425923544104,1
4224,completed,Anthropic,claude-opus-4-8,621,PASS,1,1,,608,48,1736.4035000791773,1361.6097500780597,128.07043874092582,1
4225,completed,Anthropic,claude-opus-4-8,622,PASS,1,1,,603,48,1185.2094589266926,813.1713339826092,129.01903536691114,1
4226,completed,Anthropic,claude-opus-4-8,623,PASS,1,1,,618,82,1639.879958005622,872.3211670294404,106.83220746610479,1
4227,completed,Anthropic,claude-opus-4-8,624,PASS,1,1,,603,81,1541.2715000566095,757.1945419767871,103.30618591109504,1
4228,completed,Anthropic,claude-opus-4-8,625,PASS,1,1,,608,78,2696.1059999885038,2035.0683339638636,117.99630188863179,1
4229,completed,Anthropic,claude-opus-4-8,626,PASS,1,1,,598,78,5567.872458952479,1203.0872500035912,17.87029516139322,1
4230,completed,Anthropic,claude-opus-4-8,627,PASS,1,1,,598,45,1462.5465410063043,1154.6301660127938,146.14357551120298,1
4231,completed,Anthropic,claude-opus-4-8,628,PASS,1,1,,589,45,1644.6427500341088,1315.537124988623,136.73421714922233,1
4232,completed,Anthropic,claude-opus-4-8,629,PASS,1,1,,598,51,1591.696041985415,1204.3546669883654,131.66680166916967,1
4233,completed,Anthropic,claude-opus-4-8,630,PASS,1,1,,599,51,1514.9180419975892,1072.26654200349,115.21479086974712,1
4234,completed,Anthropic,claude-opus-4-8,631,PASS,1,1,,601,49,1912.3675829032436,1519.4625000003725,124.7120542141552,1
4235,completed,Anthropic,claude-opus-4-8,632,PASS,1,1,,605,49,1634.2820420395583,1241.849167039618,124.86211813933133,1
4236,completed,Anthropic,claude-opus-4-8,633,PASS,1,1,,603,87,1535.6681669363752,756.4667089609429,111.65276849718504,1
4237,completed,Anthropic,claude-opus-4-8,634,PASS,1,1,,603,85,1889.7074579726905,1170.1666669687256,118.13089829334169,1
4238,completed,Anthropic,claude-opus-4-8,635,PASS,1,1,,604,103,1956.766500021331,1129.9290839815512,124.57104383752826,1
4239,completed,Anthropic,claude-opus-4-8,636,PASS,1,1,,601,100,2364.2030829796568,1486.9489170378074,113.99204914876256,1
4240,completed,Anthropic,claude-opus-4-8,637,PASS,1,1,,617,178,2315.504750004038,771.0906669963151,115.25406428135366,1
4241,completed,Anthropic,claude-opus-4-8,638,PASS,1,1,,623,178,5167.6331660710275,3747.4683329928666,125.33756353774147,1
4242,completed,Anthropic,claude-opus-4-8,639,PASS,1,1,,604,52,1683.147041941993,1298.7929999362677,135.29192961947678,1
4243,completed,Anthropic,claude-opus-4-8,640,PASS,1,1,,607,52,1674.4590000016615,1214.316250057891,113.00840881738202,1
4244,completed,Anthropic,claude-opus-4-8,641,"FAIL
result mismatch (order_matters=False)
predicted: SELECT id FROM TV_Channel WHERE Country IN (SELECT Country FROM TV_Channel GROUP BY Country HAVING COUNT(*) > 2)
gold: SELECT id FROM tv_channel GROUP BY country HAVING count(*)  >  2",0,1,,601,69,1592.9439580067992,967.8985830396414,110.39198554765005,1
4245,completed,Anthropic,claude-opus-4-8,642,"FAIL
result mismatch (order_matters=False)
predicted: SELECT Country FROM TV_Channel GROUP BY Country HAVING COUNT(*) > 2
gold: SELECT id FROM tv_channel GROUP BY country HAVING count(*)  >  2",0,1,,601,46,1599.5232498971745,1188.4233749005944,111.8949501027765,1
4246,completed,Anthropic,claude-opus-4-8,643,PASS,1,1,,605,62,2343.4001660207286,1759.2387910699472,106.13505558326894,1
4247,completed,Anthropic,claude-opus-4-8,644,PASS,1,1,,608,62,1793.999540968798,1312.0436249300838,128.64247109899506,1
4248,completed,Anthropic,claude-opus-4-8,645,PASS,1,1,,607,71,2366.2811249960214,1750.3280841046944,115.26852744692688,1
4249,completed,Anthropic,claude-opus-4-8,646,PASS,1,1,,609,71,1810.3252910077572,1229.6397909522057,122.26928344724942,1
4250,completed,Anthropic,claude-opus-4-8,647,PASS,1,1,,376,27,7613.9260838972405,7341.17258398328,98.99048044669297,1
4251,completed,Anthropic,claude-opus-4-8,648,PASS,1,1,,377,27,1323.7573329824954,1177.6826659915969,184.8369779387023,1
4252,completed,Anthropic,claude-opus-4-8,649,PASS,1,1,,382,37,1055.2678750827909,761.0438750125468,125.75452713295479,1
4253,completed,Anthropic,claude-opus-4-8,650,PASS,1,1,,387,37,1307.8616670100018,1060.8825830277056,149.81025681774818,1
4254,completed,Anthropic,claude-opus-4-8,651,PASS,1,1,,385,35,1550.5988330114633,1305.2827920764685,142.6730998372605,1
4255,completed,Anthropic,claude-opus-4-8,652,PASS,1,1,,386,35,1670.5456249183044,1428.1645419541746,144.40070805847373,1
4256,completed,Anthropic,claude-opus-4-8,653,PASS,1,1,,380,29,985.5513339862227,779.8492090078071,140.9805562438549,1
4257,completed,Anthropic,claude-opus-4-8,654,PASS,1,1,,381,29,925.054082996212,717.5177079625428,139.7345404886023,1
4258,completed,Anthropic,claude-opus-4-8,655,PASS,1,1,,387,46,1767.7885830635205,1410.8173330314457,128.8619181400933,1
4259,completed,Anthropic,claude-opus-4-8,656,PASS,1,1,,386,46,1661.2068329704925,1326.0467080399394,137.247830449793,1
4260,completed,Anthropic,claude-opus-4-8,657,PASS,1,1,,394,45,1215.6302499352023,835.6470409780741,118.42628552851961,1
4261,completed,Anthropic,claude-opus-4-8,658,PASS,1,1,,393,45,1524.5882089948282,1212.8234169213101,144.33958273706685,1
4262,completed,Anthropic,claude-opus-4-8,659,PASS,1,1,,377,50,1146.6995000373572,720.9921660833061,117.4515823713687,1
4263,completed,Anthropic,claude-opus-4-8,660,PASS,1,1,,379,48,1659.2761659994721,1175.4488329170272,99.20894649377058,1
4264,completed,Anthropic,claude-opus-4-8,661,PASS,1,1,,389,72,2112.0623749447986,1391.876665991731,99.97421374087835,1
4265,completed,Anthropic,claude-opus-4-8,662,PASS,1,1,,386,72,1930.8054159628227,1172.6500410586596,94.9673409742711,1
4266,completed,Anthropic,claude-opus-4-8,663,PASS,1,1,,390,79,1637.624833965674,834.9944170331582,98.42637200558801,1
4267,completed,Anthropic,claude-opus-4-8,664,PASS,1,1,,394,77,2236.362041090615,1606.7002910422161,122.28787915747048,1
4268,completed,Anthropic,claude-opus-4-8,665,PASS,1,1,,388,79,2001.8773330375552,1326.5082919970155,116.9730846387108,1
4269,completed,Anthropic,claude-opus-4-8,666,PASS,1,1,,388,79,1684.2897910391912,1007.6753330649808,116.75777700128769,1
4270,completed,Anthropic,claude-opus-4-8,667,PASS,1,1,,383,77,1444.8752909665927,855.427791015245,130.63080258437856,1
4271,completed,Anthropic,claude-opus-4-8,668,PASS,1,1,,386,77,1914.3228329485282,1022.8925419505686,86.37803850461285,1
4272,completed,Anthropic,claude-opus-4-8,669,PASS,1,1,,387,70,1891.1761669442058,1328.1173330033198,124.32093376471047,1
4273,completed,Anthropic,claude-opus-4-8,670,PASS,1,1,,386,70,1481.4258340047672,839.8384590400383,109.10439128240051,1
4274,completed,Anthropic,claude-opus-4-8,671,PASS,1,1,,385,75,1714.2460000468418,997.6291670463979,104.65844025178451,1
4275,completed,Anthropic,claude-opus-4-8,672,PASS,1,1,,387,75,2098.394125001505,1368.9611669396982,102.81959318000139,1
4276,completed,Anthropic,claude-opus-4-8,673,PASS,1,1,,391,39,1152.3205409757793,808.55504097417,113.44942991608356,1
4277,completed,Anthropic,claude-opus-4-8,674,PASS,1,1,,379,39,2080.7582499692217,1762.6085829688236,122.58381524551841,1
4278,completed,Anthropic,claude-opus-4-8,675,PASS,1,1,,379,54,1308.5437499685213,865.1499999687076,121.78791424106156,1
4279,completed,Anthropic,claude-opus-4-8,676,PASS,1,1,,382,54,1815.4944999841973,1388.3709580404684,126.42712165726091,1
4280,completed,Anthropic,claude-opus-4-8,677,PASS,1,1,,385,46,1759.6704999450594,1417.5999170402065,134.47517061937745,1
4281,completed,Anthropic,claude-opus-4-8,678,PASS,1,1,,384,46,1762.9678749945015,1395.5367499729618,125.19353116125744,1
4282,completed,Anthropic,claude-opus-4-8,679,PASS,1,1,,391,37,1746.5222500031814,1400.91795893386,107.05885591153883,1
4283,completed,Anthropic,claude-opus-4-8,680,PASS,1,1,,394,37,1434.8857080331072,1189.0525000635535,150.5085513287628,1
4284,completed,Anthropic,claude-opus-4-8,681,PASS,1,1,,385,34,1761.2105410080403,1492.8349159890786,126.68810737785063,1
4285,completed,Anthropic,claude-opus-4-8,682,PASS,1,1,,382,33,1608.0062499968335,1361.2282909452915,133.72344972310768,1
4286,completed,Anthropic,claude-opus-4-8,683,PASS,1,1,,380,48,1676.9372499547899,1367.8993750363588,155.32076776242832,1
4287,completed,Anthropic,claude-opus-4-8,684,PASS,1,1,,381,48,1587.331333081238,1214.9585830047727,128.90309505768988,1
4288,completed,Anthropic,claude-opus-4-8,685,PASS,1,1,,380,33,1504.7097080387175,1227.3604579968378,118.98355591376938,1
4289,completed,Anthropic,claude-opus-4-8,686,PASS,1,1,,379,33,4655.627000029199,4450.388917000964,160.7888726745718,1
4290,completed,Anthropic,claude-opus-4-8,687,"FAIL
result mismatch (order_matters=False)
predicted: SELECT COUNT(DISTINCT state) FROM AREA_CODE_STATE
gold: SELECT count(*) FROM area_code_state",0,1,,428,40,1577.0173749187961,1262.5555410049856,127.20144604563815,1
4291,completed,Anthropic,claude-opus-4-8,688,PASS,1,1,,444,49,1745.8630829351023,1378.0772499740124,133.22971036022471,1
4292,completed,Anthropic,claude-opus-4-8,689,PASS,1,1,,441,31,1442.0835829805583,1273.20316596888,183.5618394870278,1
4293,completed,Anthropic,claude-opus-4-8,690,PASS,1,1,,438,43,1380.3445000667125,951.5858750091866,100.28952768992286,1
4294,completed,Anthropic,claude-opus-4-8,691,PASS,1,1,,439,36,1574.9146670568734,1305.889334063977,133.81639416445057,1
4295,completed,Anthropic,claude-opus-4-8,692,PASS,1,1,,447,49,1513.4379169903696,1138.4019170654938,130.65412389694666,1
4296,completed,Anthropic,claude-opus-4-8,693,PASS,1,1,,437,29,1367.5478330114856,1183.9735420653597,157.97419045192282,1
4297,completed,Anthropic,claude-opus-4-8,694,PASS,1,1,,446,106,1626.416707993485,723.4729169867933,117.39379688498731,1
4298,completed,Anthropic,claude-opus-4-8,695,PASS,1,1,,454,115,2287.0260000927374,1364.5384160336107,124.66292445257355,1
4299,completed,Anthropic,claude-opus-4-8,696,PASS,1,1,,443,46,1795.5551670165733,1475.1244590152055,143.55677795963192,1
4300,completed,Anthropic,claude-opus-4-8,697,PASS,1,1,,433,62,1629.2432500049472,1154.115500045009,130.49122053011575,1
4301,completed,Anthropic,claude-opus-4-8,698,PASS,1,1,,436,101,1735.4394589783624,838.2742089452222,112.57680789159988,1
4302,completed,Anthropic,claude-opus-4-8,699,PASS,1,1,,462,91,1844.7247080039233,1178.1611659098417,136.52111802291742,1
4303,completed,Anthropic,claude-opus-4-8,700,PASS,1,1,,468,249,3088.603292009793,1004.1692079976201,119.45688372199244,1
4304,completed,Anthropic,claude-opus-4-8,701,PASS,1,1,,445,47,1120.8539159270003,748.8154999446124,126.33103997041249,1
4305,completed,Anthropic,claude-opus-4-8,702,PASS,1,1,,595,32,2591.6134578874335,2438.93224990461,209.5870239879162,1
4306,completed,Anthropic,claude-opus-4-8,703,PASS,1,1,,594,32,1723.2066669967026,1447.5697920424864,116.09477144636494,1
4307,completed,Anthropic,claude-opus-4-8,704,PASS,1,1,,591,41,1282.7790830051526,762.5564580084756,78.81241228264898,1
4308,completed,Anthropic,claude-opus-4-8,705,PASS,1,1,,589,41,1201.2243749340996,879.1889169951901,127.31517287694992,1
4309,completed,Anthropic,claude-opus-4-8,706,PASS,1,1,,597,47,1942.0324580278248,1531.8746659904718,114.5900453738539,1
4310,completed,Anthropic,claude-opus-4-8,707,PASS,1,1,,596,43,2149.7722920030355,1693.3988750679418,94.22108826753934,1
4311,completed,Anthropic,claude-opus-4-8,708,PASS,1,1,,589,34,1462.9539160523564,1223.6517500132322,142.0797837427065,1
4312,completed,Anthropic,claude-opus-4-8,709,PASS,1,1,,594,34,1806.2427499098703,1564.1034999862313,140.4150711242487,1
4313,completed,Anthropic,claude-opus-4-8,710,"FAIL
result mismatch (order_matters=False)
predicted: SELECT District FROM city WHERE Name = 'Kabul'
gold: SELECT Region FROM country AS T1 JOIN city AS T2 ON T1.Code  =  T2.CountryCode WHERE T2.Name  =  ""Kabul""",0,1,,590,31,1413.9740000246093,1210.830832947977,152.60173623415926,1
4314,completed,Anthropic,claude-opus-4-8,711,PASS,1,1,,586,60,1662.265249993652,1223.0387079762295,136.60376653107636,1
4315,completed,Anthropic,claude-opus-4-8,712,PASS,1,1,,591,79,1754.1478750063106,1164.5651670405641,133.99307498786027,1
4316,completed,Anthropic,claude-opus-4-8,713,PASS,1,1,,593,79,1413.644083077088,764.1385000897571,121.63097911591156,1
4317,completed,Anthropic,claude-opus-4-8,714,PASS,1,1,,593,41,1690.149666974321,1385.8220420079306,134.7232279834208,1
4318,completed,Anthropic,claude-opus-4-8,715,PASS,1,1,,594,41,1062.7620840677992,701.8458750098944,113.59977460425456,1
4319,completed,Anthropic,claude-opus-4-8,716,PASS,1,1,,588,34,1435.3124579647556,1178.9044580655172,132.60116694237743,1
4320,completed,Anthropic,claude-opus-4-8,717,PASS,1,1,,592,34,1234.3272920697927,722.7686670375988,66.46354559628483,1
4321,completed,Anthropic,claude-opus-4-8,718,PASS,1,1,,601,48,2156.8045840831473,1386.8015840416774,62.33741946124219,1
4322,completed,Anthropic,claude-opus-4-8,719,PASS,1,1,,597,44,1053.8147080224007,792.3459169687703,168.28012177933337,1
4323,completed,Anthropic,claude-opus-4-8,720,PASS,1,1,,599,57,1872.8194170398638,1456.2767080496997,136.84070989547905,1
4324,completed,Anthropic,claude-opus-4-8,721,PASS,1,1,,599,57,2092.526208027266,1648.7752080429345,128.4504147641642,1
4325,completed,Anthropic,claude-opus-4-8,722,PASS,1,1,,594,50,1822.8282920317724,1384.145125048235,113.97747568890959,1
4326,completed,Anthropic,claude-opus-4-8,723,PASS,1,1,,598,45,1990.1474579237401,1693.8238330185413,151.8609932447897,1
4327,completed,Anthropic,claude-opus-4-8,724,"FAIL
result mismatch (order_matters=False)
predicted: SELECT AVG(LifeExpectancy) FROM country WHERE Continent = 'Africa' AND GovernmentForm LIKE '%Republic%'
gold: SELECT avg(LifeExpectancy) FROM country WHERE Continent  =  ""Africa"" AND GovernmentForm  =  ""Republic""",0,1,,595,63,1818.4267079923302,1379.4910409487784,143.52900602572598,1
4328,completed,Anthropic,claude-opus-4-8,725,PASS,1,1,,598,59,1734.697249950841,1243.2526249904186,120.05421771527452,1
4329,completed,Anthropic,claude-opus-4-8,726,PASS,1,1,,596,53,1179.0497499750927,786.6621250286698,135.07051861596474,1
4330,completed,Anthropic,claude-opus-4-8,727,PASS,1,1,,598,54,1242.785207927227,810.2515409700572,124.84577300047992,1
4331,completed,Anthropic,claude-opus-4-8,728,PASS,1,1,,589,37,1661.3559169927612,1344.137749983929,116.63896916398812,1
4332,completed,Anthropic,claude-opus-4-8,729,PASS,1,1,,590,37,1836.722332984209,1546.6774579836056,127.56646708521573,1
4333,completed,Anthropic,claude-opus-4-8,730,PASS,1,1,,599,50,1560.0697080371901,1216.0470830276608,145.3392781902499,1
4334,completed,Anthropic,claude-opus-4-8,731,PASS,1,1,,599,50,1793.4071250492707,1355.9609160292894,114.29976753488367,1
4335,completed,Anthropic,claude-opus-4-8,732,PASS,1,1,,591,36,1152.5857499800622,754.4347919756547,90.41796654323629,1
4336,completed,Anthropic,claude-opus-4-8,733,PASS,1,1,,592,36,1747.6528749102727,1651.574332965538,374.6934463338081,1
4337,completed,Anthropic,claude-opus-4-8,734,PASS,1,1,,589,49,1922.6804579375312,1523.7870420096442,122.83983150240402,1
4338,completed,Anthropic,claude-opus-4-8,735,PASS,1,1,,592,49,1418.1582080200315,1147.4182910751551,180.98550281367113,1
4339,completed,Anthropic,claude-opus-4-8,736,PASS,1,1,,592,63,2010.0531249772757,1572.0736249350011,143.8423487718469,1
4340,completed,Anthropic,claude-opus-4-8,737,PASS,1,1,,591,63,2366.9702908955514,1538.4025409584865,76.03482033277938,1
4341,completed,Anthropic,claude-opus-4-8,738,PASS,1,1,,591,57,2334.943750058301,1893.0724579840899,128.99683917557383,1
4342,completed,Anthropic,claude-opus-4-8,739,PASS,1,1,,594,78,1875.6960419705138,1265.069792047143,127.73771191426579,1
4343,completed,Anthropic,claude-opus-4-8,740,"FAIL
result mismatch (order_matters=True)
predicted: SELECT c.Name
FROM country c
JOIN countrylanguage cl ON c.Code = cl.CountryCode
GROUP BY cl.CountryCode
ORDER BY COUNT(cl.Language) DESC
LIMIT 1
gold: SELECT T1.Name FROM country AS T1 JOIN countrylanguage AS T2 ON T1.Code  =  T2.CountryCode GROUP BY T1.Name ORDER BY COUNT(*) DESC LIMIT 1",0,1,,595,95,2175.3711249912158,1400.5222499836236,122.60455304793359,1
4344,completed,Anthropic,claude-opus-4-8,741,"FAIL
result mismatch (order_matters=True)
predicted: SELECT c.Name
FROM country c
JOIN countrylanguage cl ON c.Code = cl.CountryCode
GROUP BY c.Code, c.Name
ORDER BY COUNT(cl.Language) DESC
LIMIT 1
gold: SELECT T1.Name FROM country AS T1 JOIN countrylanguage AS T2 ON T1.Code  =  T2.CountryCode GROUP BY T1.Name ORDER BY COUNT(*) DESC LIMIT 1",0,1,,598,96,2094.982041977346,1289.1285419464111,119.12835272951571,1
4345,completed,Anthropic,claude-opus-4-8,742,PASS,1,1,,590,99,1692.1963749919087,841.8192500248551,116.41893589721806,1
4346,completed,Anthropic,claude-opus-4-8,743,PASS,1,1,,589,93,1881.8411249667406,920.3121670288965,96.7209559652303,1
4347,completed,Anthropic,claude-opus-4-8,744,PASS,1,1,,591,98,1961.4129998954013,1232.999041909352,134.53888263063308,1
4348,completed,Anthropic,claude-opus-4-8,745,PASS,1,1,,593,98,1839.6186659811065,1121.5252080000937,136.47248684807158,1
4349,completed,Anthropic,claude-opus-4-8,746,PASS,1,1,,591,109,2013.3571659680456,1179.7490830067545,130.75688951190443,1
4350,completed,Anthropic,claude-opus-4-8,747,PASS,1,1,,592,92,2075.1660419628024,1291.852750000544,117.44981343228979,1
4351,completed,Anthropic,claude-opus-4-8,748,PASS,1,1,,594,144,2614.9391250219196,1539.4912920892239,133.89770808995797,1
4352,completed,Anthropic,claude-opus-4-8,749,PASS,1,1,,593,144,2523.858292028308,1366.5491670835763,124.42656581220412,1
4353,completed,Anthropic,claude-opus-4-8,750,PASS,1,1,,597,81,1907.4171660467982,1311.0205410048366,135.81565790098318,1
4354,completed,Anthropic,claude-opus-4-8,751,PASS,1,1,,588,81,2068.6738750664517,1391.3518340559676,119.58860792298684,1
4355,completed,Anthropic,claude-opus-4-8,752,PASS,1,1,,591,79,1653.1659589381889,1005.5963339982554,121.99460406643965,1
4356,completed,Anthropic,claude-opus-4-8,753,PASS,1,1,,590,79,1419.129249989055,698.7518749665469,109.66474342358634,1
4357,completed,Anthropic,claude-opus-4-8,754,"FAIL
result mismatch (order_matters=False)
predicted: SELECT DISTINCT c.Name
FROM country c
JOIN countrylanguage cl ON c.Code = cl.CountryCode
WHERE cl.IsOfficial = 'T' AND cl.Language IN ('English', 'Dutch')
gold: select t1.name from country as t1 join countrylanguage as t2 on t1.code  =  t2.countrycode where t2.language  =  ""english"" and isofficial  =  ""t"" union select t1.name from country as t1 join countrylanguage as t2 on t1.code  =  t2.countrycode where t2.language  =  ""dutch"" and isofficial  =  ""t""",0,1,,596,95,2054.0818750159815,1260.0524999434128,119.6429288164782,1
4358,completed,Anthropic,claude-opus-4-8,755,"FAIL
result mismatch (order_matters=False)
predicted: SELECT DISTINCT c.Name
FROM country c
JOIN countrylanguage cl ON c.Code = cl.CountryCode
WHERE cl.IsOfficial = 'T' AND cl.Language IN ('English', 'Dutch')
gold: SELECT * FROM country AS T1 JOIN countrylanguage AS T2 ON T1.Code  =  T2.CountryCode WHERE T2.Language  =  ""English"" AND IsOfficial  =  ""T"" UNION SELECT * FROM country AS T1 JOIN countrylanguage AS T2 ON T1.Code  =  T2.CountryCode WHERE T2.Language  =  ""Dutch"" AND IsOfficial  =  ""T""",0,1,,594,95,1878.3709169365466,1136.4558750065044,128.04700623519355,1
4359,completed,Anthropic,claude-opus-4-8,756,PASS,1,1,,593,106,2135.796207934618,1316.626250045374,129.39927664477625,1
4360,completed,Anthropic,claude-opus-4-8,757,PASS,1,1,,596,106,1862.2884999495,831.7244999343529,102.85630004390026,1
4361,completed,Anthropic,claude-opus-4-8,758,PASS,1,1,,595,108,2697.514458093792,1690.4679170111194,107.24429864372456,1
4362,completed,Anthropic,claude-opus-4-8,759,PASS,1,1,,593,113,2355.246915947646,1166.9894160004333,95.0972327168311,1
4363,completed,Anthropic,claude-opus-4-8,760,PASS,1,1,,591,101,1631.5067500108853,797.3962079267949,121.0870680852967,1
4364,completed,Anthropic,claude-opus-4-8,761,PASS,1,1,,590,96,1997.6183330873027,1270.5944170011207,132.04517468531267,1
4365,completed,Anthropic,claude-opus-4-8,762,PASS,1,1,,598,68,2620.5017500324175,2281.8294999888167,200.7840913781559,1
4366,completed,Anthropic,claude-opus-4-8,763,PASS,1,1,,601,68,1299.0297499345616,759.9282920127735,126.13581173038735,1
4367,completed,Anthropic,claude-opus-4-8,764,PASS,1,1,,597,87,1922.4219999741763,1268.0120409931988,132.9441870589395,1
4368,completed,Anthropic,claude-opus-4-8,765,PASS,1,1,,599,87,1959.5839160028845,1243.4770830441266,121.49025256544441,1
4369,completed,Anthropic,claude-opus-4-8,766,PASS,1,1,,595,64,1821.7735000653192,1283.7173340376467,118.94669003144263,1
4370,completed,Anthropic,claude-opus-4-8,767,PASS,1,1,,591,64,1727.5694169802591,1203.6266669165343,122.15075023409707,1
4371,completed,Anthropic,claude-opus-4-8,768,PASS,1,1,,600,86,1457.0105830207467,708.7606249842793,114.93485442442032,1
4372,completed,Anthropic,claude-opus-4-8,769,PASS,1,1,,601,89,1532.2706250008196,766.1138749681413,116.16421834853502,1
4373,completed,Anthropic,claude-opus-4-8,770,PASS,1,1,,604,96,1984.1027079382911,1261.732375016436,132.8958231322951,1
4374,completed,Anthropic,claude-opus-4-8,771,PASS,1,1,,601,96,2387.663041939959,1592.6891668932512,120.75868530190334,1
4375,completed,Anthropic,claude-opus-4-8,772,"FAIL
result mismatch (order_matters=False)
predicted: SELECT Name FROM country WHERE SurfaceArea > (SELECT MAX(SurfaceArea) FROM country WHERE Continent = 'Europe')
gold: SELECT Name FROM country WHERE SurfaceArea  >  (SELECT min(SurfaceArea) FROM country WHERE Continent  =  ""Europe"")",0,1,,597,65,1778.4712079446763,1322.504415991716,142.55424111391366,1
4376,completed,Anthropic,claude-opus-4-8,773,"FAIL
result mismatch (order_matters=False)
predicted: SELECT Name FROM country WHERE SurfaceArea > (SELECT MAX(SurfaceArea) FROM country WHERE Continent = 'Europe')
gold: SELECT Name FROM country WHERE SurfaceArea  >  (SELECT min(SurfaceArea) FROM country WHERE Continent  =  ""Europe"")",0,1,,595,65,1674.1633749334142,1032.0821669884026,101.23330070355627,1
4377,completed,Anthropic,claude-opus-4-8,774,PASS,1,1,,597,67,1290.829792036675,735.9647089615464,120.75007428594715,1
4378,completed,Anthropic,claude-opus-4-8,775,"FAIL
result mismatch (order_matters=False)
predicted: SELECT Name FROM country WHERE Continent = 'Africa' AND Population < (SELECT MAX(Population) FROM country WHERE Continent = 'Asia')
gold: SELECT Name FROM country WHERE Continent  =  ""Africa""  AND population  <  (SELECT min(population) FROM country WHERE Continent  =  ""Asia"")",0,1,,598,67,1985.8951659407467,1453.1805829610676,125.7709139953388,1
4379,completed,Anthropic,claude-opus-4-8,776,PASS,1,1,,599,67,1610.1729170186445,1106.9109169766307,133.13145040636218,1
4380,completed,Anthropic,claude-opus-4-8,777,"FAIL
result mismatch (order_matters=False)
predicted: SELECT Name FROM country WHERE Continent = 'Asia' AND Population > (SELECT MAX(Population) FROM country WHERE Continent = 'Africa')
gold: SELECT Name FROM country WHERE Continent  =  ""Asia""  AND population  >  (SELECT min(population) FROM country WHERE Continent  =  ""Africa"")",0,1,,601,67,1716.4794170530513,1125.1770000671968,113.30919352829707,1
4381,completed,Anthropic,claude-opus-4-8,778,PASS,1,1,,593,61,1842.9620420793071,1358.951749978587,126.03037785672997,1
4382,completed,Anthropic,claude-opus-4-8,779,"FAIL
result mismatch (order_matters=False)
predicted: SELECT Code FROM country WHERE Code NOT IN (SELECT CountryCode FROM countrylanguage WHERE Language = 'English')
gold: SELECT CountryCode FROM countrylanguage EXCEPT SELECT CountryCode FROM countrylanguage WHERE LANGUAGE  =  ""English""",0,1,,593,59,1882.7230000169948,1413.8041660189629,125.82134843457285,1
4383,completed,Anthropic,claude-opus-4-8,780,PASS,1,1,,595,44,1207.0990420179442,875.955417053774,132.87285843041917,1
4384,completed,Anthropic,claude-opus-4-8,781,PASS,1,1,,599,43,1573.3846660004929,1246.359582990408,131.4883849404113,1
4385,completed,Anthropic,claude-opus-4-8,782,PASS,1,1,,604,81,1416.1424159538,749.1316249361262,121.43731569382321,1
4386,completed,Anthropic,claude-opus-4-8,783,PASS,1,1,,602,81,1959.4427500851452,1298.7540840404108,122.59934847212226,1
4387,completed,Anthropic,claude-opus-4-8,784,"FAIL
result mismatch (order_matters=False)
predicted: SELECT Name FROM city WHERE CountryCode IN (
  SELECT Code FROM country WHERE Continent = 'Europe'
  AND Code NOT IN (
    SELECT CountryCode FROM countrylanguage WHERE Language = 'English' AND IsOfficial = 'T'
  )
)
gold: SELECT DISTINCT T2.Name FROM country AS T1 JOIN city AS T2 ON T2.CountryCode  =  T1.Code WHERE T1.Continent  =  'Europe' AND T1.Name NOT IN (SELECT T3.Name FROM country AS T3 JOIN countrylanguage AS T4 ON T3.Code  =  T4.CountryCode WHERE T4.IsOfficial  =  'T' AND T4.Language  =  'English')",0,1,,594,117,2335.8604579698294,1405.178040964529,125.7142048266865,1
4388,completed,Anthropic,claude-opus-4-8,785,PASS,1,1,,597,125,2233.2647499861196,925.7406669203192,95.60053357251199,1
4389,completed,Anthropic,claude-opus-4-8,786,"FAIL
result mismatch (order_matters=False)
predicted: SELECT DISTINCT city.Name
FROM city
JOIN country ON city.CountryCode = country.Code
JOIN countrylanguage ON country.Code = countrylanguage.CountryCode
WHERE country.Continent = 'Asia'
  AND countrylanguage.Language = 'Chinese'
  AND countrylanguage.IsOfficial = 'T'
gold: select distinct t3.name from country as t1 join countrylanguage as t2 on t1.code  =  t2.countrycode join city as t3 on t1.code  =  t3.countrycode where t2.isofficial  =  't' and t2.language  =  'chinese' and t1.continent  =  ""asia""",0,1,,601,137,2511.1023749923334,1477.290540933609,132.51928009194938,1
4390,completed,Anthropic,claude-opus-4-8,787,PASS,1,1,,603,137,2014.247249928303,833.9469159254804,116.07215219145432,1
4391,completed,Anthropic,claude-opus-4-8,788,PASS,1,1,,600,51,1232.6658330857754,785.3958749910817,114.02509620197326,1
4392,completed,Anthropic,claude-opus-4-8,789,PASS,1,1,,602,51,1225.969958002679,751.2887910706922,107.44053809766456,1
4393,completed,Anthropic,claude-opus-4-8,790,PASS,1,1,,595,52,1338.2698750356212,901.6416249796748,119.09444703437556,1
4394,completed,Anthropic,claude-opus-4-8,791,PASS,1,1,,598,52,1678.572958917357,1304.209083900787,138.9022912472481,1
4395,completed,Anthropic,claude-opus-4-8,792,PASS,1,1,,608,105,1703.0671659158543,761.4487909013405,111.51014337244807,1
4396,completed,Anthropic,claude-opus-4-8,793,PASS,1,1,,606,104,2465.1789580238983,1637.3956250026822,125.63674074038705,1
4397,completed,Anthropic,claude-opus-4-8,794,PASS,1,1,,601,57,2390.5345000093803,1751.3248330214992,89.17261885071065,1
4398,completed,Anthropic,claude-opus-4-8,795,PASS,1,1,,598,57,1203.372040996328,702.7738749748096,113.86378111011663,1
4399,completed,Anthropic,claude-opus-4-8,796,PASS,1,1,,605,65,1926.5797920525074,1309.4284579856321,105.32262738810918,1
4400,completed,Anthropic,claude-opus-4-8,797,PASS,1,1,,611,65,1984.722583903931,1243.740416946821,87.72140936525717,1
4401,completed,Anthropic,claude-opus-4-8,798,PASS,1,1,,609,73,1774.5491670211777,1205.458041979,128.27471170735558,1
4402,completed,Anthropic,claude-opus-4-8,799,PASS,1,1,,620,70,1913.8357910560444,1362.470707972534,126.9576223589003,1
4403,completed,Anthropic,claude-opus-4-8,800,PASS,1,1,,597,50,1412.7978750038892,1068.4111249865964,145.18560890478318,1
4404,completed,Anthropic,claude-opus-4-8,801,PASS,1,1,,596,50,1733.7424590950832,1403.8564170477912,151.56749188203625,1
4405,completed,Anthropic,claude-opus-4-8,802,PASS,1,1,,593,37,1208.5354588925838,955.9903749031946,146.50849430731571,1
4406,completed,Anthropic,claude-opus-4-8,803,PASS,1,1,,592,37,1564.8796670138836,1278.6268340423703,129.25636269137672,1
4407,completed,Anthropic,claude-opus-4-8,804,PASS,1,1,,596,37,1553.5438749939203,1213.0452920682728,108.66418204177799,1
4408,completed,Anthropic,claude-opus-4-8,805,PASS,1,1,,595,37,1558.7048329180107,1312.8082079347223,150.46973500557235,1
4409,completed,Anthropic,claude-opus-4-8,806,PASS,1,1,,587,37,1474.772208952345,1145.1977089745924,112.26596718647113,1
4410,completed,Anthropic,claude-opus-4-8,807,PASS,1,1,,589,37,1556.5144170541316,1258.470084052533,124.14260532107326,1
4411,completed,Anthropic,claude-opus-4-8,808,PASS,1,1,,604,41,1546.6047080699354,1232.0085830288008,130.32582646922015,1
4412,completed,Anthropic,claude-opus-4-8,809,PASS,1,1,,601,41,1525.599458022043,1216.8899580137804,132.8109436181997,1
4413,completed,Anthropic,claude-opus-4-8,810,"FAIL
result mismatch (order_matters=False)
predicted: SELECT SUM(Population), AVG(SurfaceArea) FROM country WHERE Continent = 'North America' AND SurfaceArea > 3000
gold: select sum(population) ,  avg(surfacearea) from country where continent  =  ""north america"" and surfacearea  >  3000",0,1,,609,62,10779.033666942269,4725.906832958572,10.242640159449033,1
4414,completed,Anthropic,claude-opus-4-8,811,"FAIL
result mismatch (order_matters=False)
predicted: SELECT SUM(Population), AVG(SurfaceArea) FROM country WHERE Continent = 'North America' AND SurfaceArea > 3000
gold: select sum(population) ,  avg(surfacearea) from country where continent  =  ""north america"" and surfacearea  >  3000",0,1,,611,62,2664.7604580502957,1890.7534580212086,80.10263472768341,1
4415,completed,Anthropic,claude-opus-4-8,812,PASS,1,1,,596,40,1132.8879169886932,729.2427079519257,99.09692746125585,1
4416,completed,Anthropic,claude-opus-4-8,813,PASS,1,1,,599,40,1639.2352919792756,1326.9399580312893,128.08388615457864,1
4417,completed,Anthropic,claude-opus-4-8,814,PASS,1,1,,593,69,1624.2714580148458,944.9714579386637,101.57515087923124,1
4418,completed,Anthropic,claude-opus-4-8,815,PASS,1,1,,592,69,1331.275208038278,728.2437910325825,114.42189918166125,1
4419,completed,Anthropic,claude-opus-4-8,816,"FAIL
result mismatch (order_matters=False)
predicted: SELECT CountryCode, Language, Percentage
FROM countrylanguage c
WHERE Percentage = (
  SELECT MAX(Percentage)
  FROM countrylanguage c2
  WHERE c2.CountryCode = c.CountryCode
)
gold: SELECT LANGUAGE ,  CountryCode ,  max(Percentage) FROM countrylanguage GROUP BY CountryCode",0,1,,597,99,2125.340542057529,1235.7210830086842,111.2835370146331,1
4420,completed,Anthropic,claude-opus-4-8,817,PASS,1,1,,611,53,1817.8527919808403,1388.3554169442505,123.40005569413508,1
4421,completed,Anthropic,claude-opus-4-8,818,"FAIL
result mismatch (order_matters=False)
predicted: SELECT COUNT(*) FROM countrylanguage WHERE Language = 'Spanish' AND Percentage = (SELECT MAX(Percentage) FROM countrylanguage WHERE Language = 'Spanish')
gold: SELECT count(*) ,   max(Percentage) FROM countrylanguage WHERE LANGUAGE  =  ""Spanish"" GROUP BY CountryCode",0,1,,604,86,1844.7732080239803,1218.0567079922184,137.2231303877296,1
4422,completed,Anthropic,claude-opus-4-8,819,"FAIL
result mismatch (order_matters=False)
predicted: SELECT COUNT(*) FROM countrylanguage WHERE Language = 'Spanish' AND Percentage = (SELECT MAX(Percentage) FROM countrylanguage AS c2 WHERE c2.CountryCode = countrylanguage.CountryCode)
gold: SELECT count(*) ,   max(Percentage) FROM countrylanguage WHERE LANGUAGE  =  ""Spanish"" GROUP BY CountryCode",0,1,,601,103,2786.330083035864,2019.1704171011224,134.26149023945388,1
4423,completed,Anthropic,claude-opus-4-8,820,"FAIL
result mismatch (order_matters=False)
predicted: SELECT CountryCode FROM countrylanguage WHERE Language = 'Spanish' ORDER BY Percentage DESC LIMIT 1
gold: SELECT CountryCode ,  max(Percentage) FROM countrylanguage WHERE LANGUAGE  =  ""Spanish"" GROUP BY CountryCode",0,1,,604,61,2276.2354579754174,1836.3952910294756,138.68674255822836,1
4424,completed,Anthropic,claude-opus-4-8,821,"FAIL
result mismatch (order_matters=False)
predicted: SELECT CountryCode FROM countrylanguage WHERE Language = 'Spanish' AND Percentage = (SELECT MAX(Percentage) FROM countrylanguage AS c WHERE c.CountryCode = countrylanguage.CountryCode)
gold: SELECT CountryCode ,  max(Percentage) FROM countrylanguage WHERE LANGUAGE  =  ""Spanish"" GROUP BY CountryCode",0,1,,602,98,1803.2545830355957,795.2767499955371,97.22436028621011,1
4425,completed,Anthropic,claude-opus-4-8,822,PASS,1,1,,662,26,1568.1653330102563,1355.6635829154402,122.35193351771959,1
4426,completed,Anthropic,claude-opus-4-8,823,PASS,1,1,,663,26,1372.8894999949262,1065.2641670312732,84.51839693927937,1
4427,completed,Anthropic,claude-opus-4-8,824,PASS,1,1,,669,32,1453.3549170009792,1244.8696249630302,153.48804554603922,1
4428,completed,Anthropic,claude-opus-4-8,825,PASS,1,1,,669,29,1527.632791083306,1341.9420000864193,156.1736036790656,1
4429,completed,Anthropic,claude-opus-4-8,826,PASS,1,1,,675,34,1680.8445829665288,795.9909579949453,38.424434325046576,1
4430,completed,Anthropic,claude-opus-4-8,827,PASS,1,1,,674,34,2365.8574579749256,2081.980000017211,119.76998894031416,1
4431,completed,Anthropic,claude-opus-4-8,828,PASS,1,1,,678,42,1589.7506659384817,1292.345791007392,141.22162593915664,1
4432,completed,Anthropic,claude-opus-4-8,829,PASS,1,1,,681,42,2608.517665998079,2309.768708073534,140.58626444015232,1
4433,completed,Anthropic,claude-opus-4-8,830,PASS,1,1,,665,27,1518.5453749727458,1352.620582911186,162.72432627176482,1
4434,completed,Anthropic,claude-opus-4-8,831,PASS,1,1,,666,27,1139.3447080627084,841.0982079803944,90.52914281491378,1
4435,completed,Anthropic,claude-opus-4-8,832,PASS,1,1,,678,44,1466.9491249369457,1093.2821249589324,117.75190210157432,1
4436,completed,Anthropic,claude-opus-4-8,833,PASS,1,1,,680,44,1341.3014590041712,871.3549999520183,93.62768705342461,1
4437,completed,Anthropic,claude-opus-4-8,834,PASS,1,1,,667,35,1487.3585830209777,1243.075874983333,143.27661700314215,1
4438,completed,Anthropic,claude-opus-4-8,835,PASS,1,1,,669,35,1596.264332998544,1287.0747910346836,113.19917154277803,1
4439,completed,Anthropic,claude-opus-4-8,836,PASS,1,1,,669,37,1514.720999985002,1250.582667067647,140.07811585445555,1
4440,completed,Anthropic,claude-opus-4-8,837,PASS,1,1,,678,37,1627.3827500408515,1292.866833973676,110.60759211400234,1
4441,completed,Anthropic,claude-opus-4-8,838,PASS,1,1,,669,44,1581.57083299011,1264.7772920317948,138.8917206673405,1
4442,completed,Anthropic,claude-opus-4-8,839,PASS,1,1,,675,44,1973.9775829948485,1423.0405000271276,79.86392885914694,1
4443,completed,Anthropic,claude-opus-4-8,840,PASS,1,1,,674,64,1292.8095419192687,741.234999964945,116.0314610845471,1
4444,completed,Anthropic,claude-opus-4-8,841,PASS,1,1,,681,64,1571.1839579744264,1115.3036250034347,140.38771881846546,1
4445,completed,Anthropic,claude-opus-4-8,842,PASS,1,1,,675,92,1939.4775410182774,1231.9935410050675,130.03827648156314,1
4446,completed,Anthropic,claude-opus-4-8,843,PASS,1,1,,676,87,2112.5444170320407,1448.879332980141,131.09021717525894,1
4447,completed,Anthropic,claude-opus-4-8,844,PASS,1,1,,677,97,1714.974834001623,871.7470419360325,115.03415911184156,1
4448,completed,Anthropic,claude-opus-4-8,845,PASS,1,1,,675,97,2131.2436669832096,1362.320417072624,126.15043180353783,1
4449,completed,Anthropic,claude-opus-4-8,846,PASS,1,1,,680,81,1616.2142499815673,971.8807919416577,125.71130520896047,1
4450,completed,Anthropic,claude-opus-4-8,847,PASS,1,1,,680,81,1512.1987079037353,888.8442079769447,129.94211160665878,1
4451,completed,Anthropic,claude-opus-4-8,848,PASS,1,1,,675,44,1755.7041250402108,1433.3957920316607,136.51524175402807,1
4452,completed,Anthropic,claude-opus-4-8,849,PASS,1,1,,667,44,1555.8586670085788,1250.503292074427,144.0944015132806,1
4453,completed,Anthropic,claude-opus-4-8,850,PASS,1,1,,674,58,1670.6491250079125,1187.2644170653075,119.98724628021677,1
4454,completed,Anthropic,claude-opus-4-8,851,PASS,1,1,,676,57,1783.9766660472378,1310.5528330197558,120.39951524090503,1
4455,completed,Anthropic,claude-opus-4-8,852,PASS,1,1,,670,59,2703.202083008364,2226.6238750889897,123.79919815801024,1
4456,completed,Anthropic,claude-opus-4-8,853,PASS,1,1,,672,59,1868.4073750628158,1337.154750013724,111.05827476061495,1
4457,completed,Anthropic,claude-opus-4-8,854,PASS,1,1,,668,60,2083.344875019975,1660.6404170161113,141.94314458697187,1
4458,completed,Anthropic,claude-opus-4-8,855,PASS,1,1,,669,60,1686.425416963175,1269.6855829562992,143.97471780681772,1
4459,completed,Anthropic,claude-opus-4-8,856,PASS,1,1,,680,81,1561.0581249929965,849.385958048515,113.81645055442912,1
4460,completed,Anthropic,claude-opus-4-8,857,PASS,1,1,,685,81,2441.5740000549704,1844.3542500026524,135.628468403639,1
4461,completed,Anthropic,claude-opus-4-8,858,PASS,1,1,,678,61,2113.9426669105887,1649.1877499502152,131.25197340343803,1
4462,completed,Anthropic,claude-opus-4-8,859,PASS,1,1,,676,51,1104.090000037104,730.3864170098677,136.47179828158895,1
4463,completed,Anthropic,claude-opus-4-8,860,PASS,1,1,,676,99,1993.672625045292,1085.0469169672579,108.9557549603227,1
4464,completed,Anthropic,claude-opus-4-8,861,PASS,1,1,,675,93,2028.389499988407,1144.040249986574,105.16207256330829,1
4465,completed,Anthropic,claude-opus-4-8,862,PASS,1,1,,455,28,940.9707500599325,769.1720000002533,162.98139532606268,1
4466,completed,Anthropic,claude-opus-4-8,863,PASS,1,1,,456,28,1228.2833750359714,943.5954160289839,98.35329916188256,1
4467,completed,Anthropic,claude-opus-4-8,864,PASS,1,1,,459,25,1559.6576670650393,1370.222375029698,131.971185154538,1
4468,completed,Anthropic,claude-opus-4-8,865,PASS,1,1,,459,25,937.1589999645948,726.4432089868933,118.64322025417431,1
4469,completed,Anthropic,claude-opus-4-8,866,PASS,1,1,,459,23,1601.9000409869477,1370.4861250007525,99.38900995639365,1
4470,completed,Anthropic,claude-opus-4-8,867,"FAIL
result mismatch (order_matters=False)
predicted: SELECT name, grade FROM Highschooler
gold: SELECT grade FROM Highschooler",0,1,,457,25,1529.8160000238568,1349.3581250077114,138.5364866884489,1
4471,completed,Anthropic,claude-opus-4-8,868,PASS,1,1,,455,35,1714.408625033684,1456.709249992855,135.81717066428544,1
4472,completed,Anthropic,claude-opus-4-8,869,PASS,1,1,,462,35,1445.9255419205874,1191.419041948393,137.5210456464721,1
4473,completed,Anthropic,claude-opus-4-8,870,PASS,1,1,,462,31,1457.4818750843406,1258.2579581066966,155.60380736555183,1
4474,completed,Anthropic,claude-opus-4-8,871,PASS,1,1,,462,31,964.002792024985,747.6620839443058,143.29249578141938,1
4475,completed,Anthropic,claude-opus-4-8,872,PASS,1,1,,462,35,1093.1509580696002,792.2669170657173,116.32388305881709,1
4476,completed,Anthropic,claude-opus-4-8,873,PASS,1,1,,454,35,1663.736709044315,1393.8038750784472,129.6618847206474,1
4477,completed,Anthropic,claude-opus-4-8,874,PASS,1,1,,464,45,1677.614958025515,1365.845917025581,144.3376156133781,1
4478,completed,Anthropic,claude-opus-4-8,875,PASS,1,1,,465,41,1627.1484999451786,1351.8292079679668,148.91800609233576,1
4479,completed,Anthropic,claude-opus-4-8,876,PASS,1,1,,460,39,1537.1678749797866,1196.4730420149863,114.47194446893586,1
4480,completed,Anthropic,claude-opus-4-8,877,PASS,1,1,,458,39,1680.2327919285744,1429.1897919028997,155.3518719741693,1
4481,completed,Anthropic,claude-opus-4-8,878,PASS,1,1,,458,54,2287.5894580502063,1904.9227500800043,141.11496734700253,1
4482,completed,Anthropic,claude-opus-4-8,879,PASS,1,1,,464,54,1871.6561669716612,1434.9772499408573,123.66065292818058,1
4483,completed,Anthropic,claude-opus-4-8,880,PASS,1,1,,460,46,1733.3433750318363,1378.3912499202415,129.59494181232998,1
4484,completed,Anthropic,claude-opus-4-8,881,PASS,1,1,,461,46,1243.0475829169154,820.6119999522343,108.89234206353767,1
4485,completed,Anthropic,claude-opus-4-8,882,PASS,1,1,,466,42,1269.7779579320922,895.6035419832915,112.24711848216519,1
4486,completed,Anthropic,claude-opus-4-8,883,"FAIL
result mismatch (order_matters=False)
predicted: SELECT H.name, COUNT(F.friend_id) AS num_friends
FROM Highschooler H
JOIN Friend F ON H.ID = F.student_id
GROUP BY H.ID, H.name
gold: SELECT student_id ,  count(*) FROM Friend GROUP BY student_id",0,1,,454,81,2032.4278749758378,1289.8882499430329,109.08508754185539,1
4487,completed,Anthropic,claude-opus-4-8,884,PASS,1,1,,464,75,5403.212832985446,933.5216250037774,16.77968264699587,1
4488,completed,Anthropic,claude-opus-4-8,885,PASS,1,1,,465,76,1941.993708955124,1128.2188339391723,93.39192242634702,1
4489,completed,Anthropic,claude-opus-4-8,886,PASS,1,1,,466,84,1855.1492500118911,1117.7312500076368,113.910970439446,1
4490,completed,Anthropic,claude-opus-4-8,887,PASS,1,1,,460,84,1760.2445000084117,948.6812499817461,103.50394747081019,1
4491,completed,Anthropic,claude-opus-4-8,888,PASS,1,1,,465,75,1917.8554579848424,1193.6862919246778,103.56696130551482,1
4492,completed,Anthropic,claude-opus-4-8,889,PASS,1,1,,465,75,2018.1964170187712,1371.062875026837,115.89570796955351,1
4493,completed,Anthropic,claude-opus-4-8,890,PASS,1,1,,465,85,1914.6440000040457,1204.7548330156133,119.73700114427167,1
4494,completed,Anthropic,claude-opus-4-8,891,PASS,1,1,,462,86,1917.0198329957202,1176.8499999307096,116.18955023319148,1
4495,completed,Anthropic,claude-opus-4-8,892,PASS,1,1,,460,71,1790.8285420853645,1253.8898750208318,132.2311175467398,1
4496,completed,Anthropic,claude-opus-4-8,893,PASS,1,1,,458,71,1631.6018749494106,1085.483166971244,130.008364413765,1
4497,completed,Anthropic,claude-opus-4-8,894,PASS,1,1,,460,48,1422.6586669683456,983.2214169437066,109.23061255573727,1
4498,completed,Anthropic,claude-opus-4-8,895,PASS,1,1,,461,48,1172.7594580734149,773.0038750451058,120.07336992364367,1
4499,completed,Anthropic,claude-opus-4-8,896,PASS,1,1,,461,47,1644.485375029035,1285.7815419556573,131.02731464368134,1
4500,completed,Anthropic,claude-opus-4-8,897,PASS,1,1,,457,47,1269.8898339876905,811.1244169995189,102.44887312683336,1
4501,completed,Anthropic,claude-opus-4-8,898,PASS,1,1,,470,41,1615.464917034842,1281.923291971907,122.92318834947159,1
4502,completed,Anthropic,claude-opus-4-8,899,PASS,1,1,,462,42,1127.6146250311285,758.4751659305766,113.7781371364024,1
4503,completed,Anthropic,claude-opus-4-8,900,PASS,1,1,,466,68,1707.6324579538777,1186.3143329974264,130.43858777340694,1
4504,completed,Anthropic,claude-opus-4-8,901,PASS,1,1,,465,68,1769.8720829794183,1239.526291959919,128.218232616274,1
4505,completed,Anthropic,claude-opus-4-8,902,PASS,1,1,,457,39,1139.0901249833405,817.0307499822229,121.09568305491702,1
4506,completed,Anthropic,claude-opus-4-8,903,PASS,1,1,,457,39,1552.5457500480115,1210.1245840312913,113.89482856353469,1
4507,completed,Anthropic,claude-opus-4-8,904,PASS,1,1,,470,76,1509.2319999821484,768.1796249235049,102.55685368255611,1
4508,completed,Anthropic,claude-opus-4-8,905,PASS,1,1,,469,76,2163.46887499094,1320.7426250446588,90.18349672250572,1
4509,completed,Anthropic,claude-opus-4-8,906,"FAIL
result mismatch (order_matters=True)
predicted: SELECT h.name
FROM Highschooler h
JOIN Likes l ON h.ID = l.liked_id
GROUP BY l.liked_id
ORDER BY COUNT(*) DESC
LIMIT 1
gold: SELECT T2.name FROM Likes AS T1 JOIN Highschooler AS T2 ON T1.student_id  =  T2.id GROUP BY T1.student_id ORDER BY count(*) DESC LIMIT 1",0,1,,466,86,1525.9971250779927,754.2916670208797,111.44148211225331,1
4510,completed,Anthropic,claude-opus-4-8,907,"FAIL
result mismatch (order_matters=True)
predicted: SELECT h.name
FROM Highschooler h
JOIN Likes l ON h.ID = l.liked_id
GROUP BY l.liked_id
ORDER BY COUNT(*) DESC
LIMIT 1
gold: SELECT T2.name FROM Likes AS T1 JOIN Highschooler AS T2 ON T1.student_id  =  T2.id GROUP BY T1.student_id ORDER BY count(*) DESC LIMIT 1",0,1,,458,86,1890.7344159670174,1159.9733750335872,117.68552944495887,1
4511,completed,Anthropic,claude-opus-4-8,908,PASS,1,1,,461,75,1985.3515420109034,1335.126250050962,115.34463658577671,1
4512,completed,Anthropic,claude-opus-4-8,909,"FAIL
result mismatch (order_matters=False)
predicted: SELECT h.name
FROM Highschooler h
JOIN Likes l ON h.ID = l.liked_id
GROUP BY l.liked_id
HAVING COUNT(*) >= 2
gold: SELECT T2.name FROM Likes AS T1 JOIN Highschooler AS T2 ON T1.student_id  =  T2.id GROUP BY T1.student_id HAVING count(*)  >=  2",0,1,,461,77,2368.574875057675,1652.1324580535293,107.4754902452327,1
4513,completed,Anthropic,claude-opus-4-8,910,PASS,1,1,,472,95,2053.0081250471994,1202.6235840748996,111.71416626574647,1
4514,completed,Anthropic,claude-opus-4-8,911,PASS,1,1,,475,95,2004.9814169760793,1208.6665419628844,119.29954215463556,1
4515,completed,Anthropic,claude-opus-4-8,912,PASS,1,1,,456,72,1419.409333029762,802.3722079815343,116.68665802624515,1
4516,completed,Anthropic,claude-opus-4-8,913,PASS,1,1,,465,71,1694.6105000097305,1158.2271250663325,132.3680101149524,1
4517,completed,Anthropic,claude-opus-4-8,914,PASS,1,1,,460,50,1420.597582939081,1039.524000021629,131.20825541672616,1
4518,completed,Anthropic,claude-opus-4-8,915,PASS,1,1,,458,50,1739.2100000288337,1396.465041092597,145.8810660707685,1
4519,completed,Anthropic,claude-opus-4-8,916,PASS,1,1,,461,53,2185.6567080831155,1745.8808330120519,120.51593323857453,1
4520,completed,Anthropic,claude-opus-4-8,917,PASS,1,1,,463,53,1973.625166923739,1466.5024999994785,104.51120302204046,1
4521,completed,Anthropic,claude-opus-4-8,918,PASS,1,1,,1186,37,1825.2970000030473,1565.4770840192214,142.4063273205865,1
4522,completed,Anthropic,claude-opus-4-8,919,PASS,1,1,,1186,37,1137.821500073187,756.3225830672309,96.9858585454971,1
4523,completed,Anthropic,claude-opus-4-8,920,PASS,1,1,,1192,52,2110.5127499904484,1721.5825419407338,133.70008017827496,1
4524,completed,Anthropic,claude-opus-4-8,921,PASS,1,1,,1189,52,1614.7802079794928,1251.4577499823645,143.12355004603376,1
4525,completed,Anthropic,claude-opus-4-8,922,PASS,1,1,,1216,146,2658.5082090459764,1427.1637500496581,118.56958378568262,1
4526,completed,Anthropic,claude-opus-4-8,923,PASS,1,1,,1210,145,2732.6697079697624,1527.8911659261212,120.35406918356918,1
4527,completed,Anthropic,claude-opus-4-8,924,PASS,1,1,,1202,84,1730.2350000245497,815.5147910583764,91.83135911574286,1
4528,completed,Anthropic,claude-opus-4-8,925,PASS,1,1,,1202,84,1921.4444590033963,1316.683917073533,138.89795080205784,1
4529,completed,Anthropic,claude-opus-4-8,926,PASS,1,1,,1194,60,1333.979208022356,718.9992920029908,97.56416175078903,1
4530,completed,Anthropic,claude-opus-4-8,927,PASS,1,1,,1196,60,1455.7019580388442,808.3619170356542,92.68699014356865,1
4531,completed,Anthropic,claude-opus-4-8,928,PASS,1,1,,1200,63,1929.3956249020994,1558.270457899198,169.75404958054884,1
4532,completed,Anthropic,claude-opus-4-8,929,PASS,1,1,,1200,63,1333.1710000056773,776.4458749443293,113.16176900235595,1
4533,completed,Anthropic,claude-opus-4-8,930,PASS,1,1,,1196,115,2336.1196669284254,1273.6121249618009,108.23452583418215,1
4534,completed,Anthropic,claude-opus-4-8,931,PASS,1,1,,1196,115,2206.979167065583,1229.5843339525163,117.65971755111231,1
4535,completed,Anthropic,claude-opus-4-8,932,PASS,1,1,,1199,106,1641.237083938904,748.2256249058992,118.69948467938117,1
4536,completed,Anthropic,claude-opus-4-8,933,PASS,1,1,,1198,103,1889.4600420026109,895.2814169460908,103.60311256354395,1
4537,completed,Anthropic,claude-opus-4-8,934,PASS,1,1,,1187,98,3082.847165991552,2086.7050000233576,98.3795319062209,1
4538,completed,Anthropic,claude-opus-4-8,935,PASS,1,1,,1192,102,1853.6297079408541,763.3829169208184,93.55679910286067,1
4539,completed,Anthropic,claude-opus-4-8,936,PASS,1,1,,1202,146,3200.252208043821,1984.7978750476614,120.11969190163008,1
4540,completed,Anthropic,claude-opus-4-8,937,"FAIL
result mismatch (order_matters=True)
predicted: SELECT O.owner_id, O.last_name
FROM Owners O
JOIN Dogs D ON O.owner_id = D.owner_id
JOIN Treatments T ON D.dog_id = T.dog_id
GROUP BY O.owner_id, O.last_name
ORDER BY SUM(T.cost_of_treatment) DESC
LIMIT 1
gold: SELECT T1.owner_id ,  T1.last_name FROM Owners AS T1 JOIN Dogs AS T2 ON T1.owner_id  =  T2.owner_id JOIN Treatments AS T3 ON T2.dog_id  =  T3.dog_id GROUP BY T1.owner_id ORDER BY count(*) DESC LIMIT 1",0,1,,1204,135,2220.8192500984296,1262.5751250889152,140.88267955585908,1
4541,completed,Anthropic,claude-opus-4-8,938,PASS,1,1,,1191,118,2582.5494999298826,1627.2428339580074,123.52054497594597,1
4542,completed,Anthropic,claude-opus-4-8,939,PASS,1,1,,1194,118,2304.9532499862835,1368.9279169775546,126.06496409739755,1
4543,completed,Anthropic,claude-opus-4-8,940,PASS,1,1,,1205,137,2500.9189581032842,1445.0498330406845,129.75092911432336,1
4544,completed,Anthropic,claude-opus-4-8,941,PASS,1,1,,1202,149,2469.56612507347,1121.2483750423416,110.50807570883053,1
4545,completed,Anthropic,claude-opus-4-8,942,"FAIL
result mismatch (order_matters=False)
predicted: SELECT p.professional_id, p.cell_number
FROM Professionals p
JOIN Treatments t ON p.professional_id = t.professional_id
GROUP BY p.professional_id, p.cell_number
HAVING COUNT(DISTINCT t.treatment_type_code) >= 2
gold: SELECT T1.professional_id ,  T1.cell_number FROM Professionals AS T1 JOIN Treatments AS T2 ON T1.professional_id  =  T2.professional_id GROUP BY T1.professional_id HAVING count(*)  >=  2",0,1,,1199,110,2179.8809999600053,1290.7379169482738,123.71462152908481,1
4546,completed,Anthropic,claude-opus-4-8,943,"FAIL
result mismatch (order_matters=False)
predicted: SELECT T.professional_id, P.cell_number
FROM Treatments T
JOIN Professionals P ON T.professional_id = P.professional_id
GROUP BY T.professional_id
HAVING COUNT(DISTINCT T.treatment_type_code) >= 2
gold: SELECT T1.professional_id ,  T1.cell_number FROM Professionals AS T1 JOIN Treatments AS T2 ON T1.professional_id  =  T2.professional_id GROUP BY T1.professional_id HAVING count(*)  >=  2",0,1,,1198,103,2088.966374984011,1236.049458035268,120.76205542794959,1
4547,completed,Anthropic,claude-opus-4-8,944,"FAIL
result mismatch (order_matters=False)
predicted: SELECT DISTINCT p.first_name, p.last_name
FROM Professionals p
JOIN Treatments t ON p.professional_id = t.professional_id
WHERE t.cost_of_treatment < (SELECT AVG(cost_of_treatment) FROM Treatments)
gold: SELECT DISTINCT T1.first_name ,  T1.last_name FROM Professionals AS T1 JOIN Treatments AS T2 WHERE cost_of_treatment  <  ( SELECT avg(cost_of_treatment) FROM Treatments )",0,1,,1197,105,2064.173166989349,1280.0947079667822,133.91516982993406,1
4548,completed,Anthropic,claude-opus-4-8,945,"FAIL
result mismatch (order_matters=False)
predicted: SELECT DISTINCT p.first_name, p.last_name
FROM Professionals p
JOIN Treatments t ON p.professional_id = t.professional_id
WHERE t.cost_of_treatment < (SELECT AVG(cost_of_treatment) FROM Treatments)
gold: SELECT DISTINCT T1.first_name ,  T1.last_name FROM Professionals AS T1 JOIN Treatments AS T2 WHERE cost_of_treatment  <  ( SELECT avg(cost_of_treatment) FROM Treatments )",0,1,,1203,105,2002.6737499283627,1203.2083329977468,131.33776368104333,1
4549,completed,Anthropic,claude-opus-4-8,946,PASS,1,1,,1195,62,1532.16970898211,1013.0034999456257,119.42225615003953,1
4550,completed,Anthropic,claude-opus-4-8,947,PASS,1,1,,1191,62,1666.8850840069354,1054.5024999883026,101.24389820680065,1
4551,completed,Anthropic,claude-opus-4-8,948,PASS,1,1,,1193,87,7837.954625021666,7058.485458022915,111.61442130544127,1
4552,completed,Anthropic,claude-opus-4-8,949,PASS,1,1,,1189,79,1398.5852499026805,743.9354169182479,120.67520072502424,1
4553,completed,Anthropic,claude-opus-4-8,950,PASS,1,1,,1193,75,2817.254583002068,2169.6093330392614,115.80413815172294,1
4554,completed,Anthropic,claude-opus-4-8,951,PASS,1,1,,1192,63,1726.1471250094473,1135.698041995056,106.69844667785598,1
4555,completed,Anthropic,claude-opus-4-8,952,PASS,1,1,,1191,63,1528.4191669197753,962.3337079538032,111.29061699460998,1
4556,completed,Anthropic,claude-opus-4-8,953,PASS,1,1,,1188,61,1921.2370830355212,1409.0039159636945,119.08639252843697,1
4557,completed,Anthropic,claude-opus-4-8,954,PASS,1,1,,1197,132,2379.9308750312775,1366.4875419344753,130.24901905136082,1
4558,completed,Anthropic,claude-opus-4-8,955,PASS,1,1,,1197,144,2213.8608749955893,954.4522919459268,114.33938273733492,1
4559,completed,Anthropic,claude-opus-4-8,956,PASS,1,1,,1206,70,1395.6021249759942,754.0130000561476,109.10409369663967,1
4560,completed,Anthropic,claude-opus-4-8,957,PASS,1,1,,1196,82,2197.326624998823,1430.1806249422953,106.88969243658676,1
4561,completed,Anthropic,claude-opus-4-8,958,PASS,1,1,,1199,67,1808.2911659730598,1251.5547500224784,120.34420253541892,1
4562,completed,Anthropic,claude-opus-4-8,959,PASS,1,1,,1196,67,1580.0783750601113,996.4658339740708,114.8021937214032,1
4563,completed,Anthropic,claude-opus-4-8,960,"FAIL
result mismatch (order_matters=False)
predicted: SELECT T2.last_name
FROM Dogs AS T1
JOIN Owners AS T2 ON T1.owner_id = T2.owner_id
ORDER BY T1.date_of_birth DESC
LIMIT 1
gold: SELECT T1.last_name FROM Owners AS T1 JOIN Dogs AS T2 ON T1.owner_id  =  T2.owner_id WHERE T2.age  =  ( SELECT max(age) FROM Dogs )",0,1,,1189,88,2068.772375001572,1215.5984160490334,103.1442639295269,1
4564,completed,Anthropic,claude-opus-4-8,961,"FAIL
result mismatch (order_matters=False)
predicted: SELECT T2.last_name
FROM Dogs AS T1
JOIN Owners AS T2 ON T1.owner_id = T2.owner_id
ORDER BY T1.date_of_birth DESC
LIMIT 1
gold: SELECT T1.last_name FROM Owners AS T1 JOIN Dogs AS T2 ON T1.owner_id  =  T2.owner_id WHERE T2.age  =  ( SELECT max(age) FROM Dogs )",0,1,,1192,88,1576.376250013709,703.2091249711812,100.78253919112441,1
4565,completed,Anthropic,claude-opus-4-8,962,PASS,1,1,,1203,49,1556.5765000646934,1186.1097920918837,132.26559619385918,1
4566,completed,Anthropic,claude-opus-4-8,963,PASS,1,1,,1204,49,1968.6461660312489,1598.2853749301285,132.30342189927288,1
4567,completed,Anthropic,claude-opus-4-8,964,PASS,1,1,,1191,30,1945.62550005503,1711.1495001008734,127.94486431816233,1
4568,completed,Anthropic,claude-opus-4-8,965,PASS,1,1,,1190,30,1681.41262489371,1485.308290924877,152.9797908738106,1
4569,completed,Anthropic,claude-opus-4-8,966,PASS,1,1,,1184,36,1794.0066249575466,1493.662416934967,119.86247458214197,1
4570,completed,Anthropic,claude-opus-4-8,967,PASS,1,1,,1188,36,1868.6350410571322,1551.8341660499573,113.63604977159444,1
4571,completed,Anthropic,claude-opus-4-8,968,PASS,1,1,,1189,36,1559.9603749578819,1247.4980419501662,115.21388723392477,1
4572,completed,Anthropic,claude-opus-4-8,969,PASS,1,1,,1190,36,1424.984166980721,1029.8013339051977,91.09707453592763,1
4573,completed,Anthropic,claude-opus-4-8,970,PASS,1,1,,1203,42,1573.8745830021799,1148.6174169695005,98.76376779685462,1
4574,completed,Anthropic,claude-opus-4-8,971,PASS,1,1,,1202,42,1694.0559590002522,1424.1225839359686,155.59394976630014,1
4575,completed,Anthropic,claude-opus-4-8,972,PASS,1,1,,1203,43,2620.3568750061095,2075.8905420079827,78.97641671105482,1
4576,completed,Anthropic,claude-opus-4-8,973,PASS,1,1,,1203,43,1489.8017909144983,1187.7206249628216,142.34584888645003,1
4577,completed,Anthropic,claude-opus-4-8,974,PASS,1,1,,1184,51,1557.365124928765,1068.0233750026673,104.22164061763016,1
4578,completed,Anthropic,claude-opus-4-8,975,PASS,1,1,,1187,51,1258.8327080011368,764.4142919452861,103.15149748434717,1
4579,completed,Anthropic,claude-opus-4-8,976,PASS,1,1,,1185,51,1791.0162089392543,1417.930542025715,136.6978271288535,1
4580,completed,Anthropic,claude-opus-4-8,977,PASS,1,1,,1189,51,1656.8034579977393,1295.6659169867635,141.22043323778956,1
4581,completed,Anthropic,claude-opus-4-8,978,PASS,1,1,,1187,56,1778.2327079912648,1649.1481669945642,433.8242175833541,1
4582,completed,Anthropic,claude-opus-4-8,979,PASS,1,1,,1191,56,2688.0714589497074,2334.412374999374,158.34458251287123,1
4583,completed,Anthropic,claude-opus-4-8,980,PASS,1,1,,1188,52,1733.2989580463618,1254.7292910749093,108.65711637988515,1
4584,completed,Anthropic,claude-opus-4-8,981,PASS,1,1,,1192,55,1425.6117079639807,806.1032079858705,88.78005709678459,1
4585,completed,Anthropic,claude-opus-4-8,982,PASS,1,1,,1190,56,1766.8616669252515,1437.6465419773012,170.10154077475553,1
4586,completed,Anthropic,claude-opus-4-8,983,PASS,1,1,,1190,56,1634.2459589941427,1170.7605000119656,120.82363947938533,1
4587,completed,Anthropic,claude-opus-4-8,984,PASS,1,1,,1213,40,1343.4442919678986,935.5714999837801,98.0697923129854,1
4588,completed,Anthropic,claude-opus-4-8,985,PASS,1,1,,1220,40,1702.66641699709,1338.183166924864,109.74441210144391,1
4589,completed,Anthropic,claude-opus-4-8,986,PASS,1,1,,1184,26,1463.2325830170885,1289.2350420588627,149.42739912768204,1
4590,completed,Anthropic,claude-opus-4-8,987,PASS,1,1,,1185,26,1045.7824999466538,772.5572909694165,95.15959415796836,1
4591,completed,Anthropic,claude-opus-4-8,988,PASS,1,1,,1184,26,1752.9845000244677,1436.7875419557095,82.22723001132161,1
4592,completed,Anthropic,claude-opus-4-8,989,PASS,1,1,,1186,26,1033.4759999532253,752.765707904473,92.62218285706622,1
4593,completed,Anthropic,claude-opus-4-8,990,PASS,1,1,,1191,29,1419.2199589451775,1196.9949590275064,130.49836881873682,1
4594,completed,Anthropic,claude-opus-4-8,991,PASS,1,1,,1182,29,1478.7167919566855,1193.072333931923,101.52481235076503,1
4595,completed,Anthropic,claude-opus-4-8,992,PASS,1,1,,1186,29,1563.0472500342876,1333.0539159942418,126.09061093462216,1
4596,completed,Anthropic,claude-opus-4-8,993,PASS,1,1,,1189,29,1477.8385830577463,1198.52112501394,103.82451638755727,1
4597,completed,Anthropic,claude-opus-4-8,994,PASS,1,1,,1191,33,1878.2905410043895,1621.3030830258504,128.4109359249579,1
4598,completed,Anthropic,claude-opus-4-8,995,PASS,1,1,,1190,33,1679.4057920342311,1383.4145839791745,111.48979801407394,1
4599,completed,Anthropic,claude-opus-4-8,996,PASS,1,1,,1188,34,1683.3158750087023,1369.936458999291,108.49468172784817,1
4600,completed,Anthropic,claude-opus-4-8,997,PASS,1,1,,1192,34,1080.3913339041173,742.7490839036182,100.69829827265318,1
4601,completed,Anthropic,claude-opus-4-8,998,PASS,1,1,,1195,105,2217.191749950871,1313.9521669363603,116.24822690959634,1
4602,completed,Anthropic,claude-opus-4-8,999,PASS,1,1,,1192,105,2085.9040410723537,1225.2045000204816,121.99379108728016,1
4603,completed,Anthropic,claude-opus-4-8,1000,PASS,1,1,,366,25,1900.504958932288,1607.1714169811457,85.22721211392869,1
4604,completed,Anthropic,claude-opus-4-8,1001,PASS,1,1,,367,25,992.0379579998553,710.3115000063553,88.73855930342476,1
4605,completed,Anthropic,claude-opus-4-8,1002,PASS,1,1,,375,39,1109.697708976455,748.9884999813512,108.12033357465342,1
4606,completed,Anthropic,claude-opus-4-8,1003,PASS,1,1,,377,39,1891.6450419928879,1482.1193339303136,95.23211664660847,1
4607,completed,Anthropic,claude-opus-4-8,1004,PASS,1,1,,374,30,4673.294374952093,4437.324875034392,127.13507470441351,1
4608,completed,Anthropic,claude-opus-4-8,1005,PASS,1,1,,375,30,1521.5480839833617,1263.8881250750273,116.43252652490277,1
4609,completed,Anthropic,claude-opus-4-8,1006,PASS,1,1,,376,33,1368.3845419436693,1081.3249169150367,114.95869541635622,1
4610,completed,Anthropic,claude-opus-4-8,1007,"FAIL
result mismatch (order_matters=False)
predicted: SELECT Name FROM singer WHERE Citizenship != 'French'
gold: SELECT Name FROM singer WHERE Citizenship != ""France""",0,1,,375,33,1459.4844999955967,1216.3137500174344,135.70711116761998,1
4611,completed,Anthropic,claude-opus-4-8,1008,PASS,1,1,,382,47,1615.82024989184,1259.4406249700114,131.88183811100143,1
4612,completed,Anthropic,claude-opus-4-8,1009,PASS,1,1,,383,47,1686.0223340336233,1322.0825000898913,129.14222521535405,1
4613,completed,Anthropic,claude-opus-4-8,1010,PASS,1,1,,375,46,1380.5823749862611,940.6285000732169,104.55641516759405,1
4614,completed,Anthropic,claude-opus-4-8,1011,PASS,1,1,,374,46,1740.7143750460818,1408.320208080113,138.3899134569036,1
4615,completed,Anthropic,claude-opus-4-8,1012,PASS,1,1,,382,42,1563.6237079743296,1254.9656250048429,136.07289851583778,1
4616,completed,Anthropic,claude-opus-4-8,1013,PASS,1,1,,375,42,1483.2094999728724,1173.4157080063596,135.57405309316204,1
4617,completed,Anthropic,claude-opus-4-8,1014,PASS,1,1,,373,57,1478.6293340148404,947.1114999614656,107.24005169368613,1
4618,completed,Anthropic,claude-opus-4-8,1015,PASS,1,1,,372,61,1334.7138749668375,792.2862919513136,112.45740797487105,1
4619,completed,Anthropic,claude-opus-4-8,1016,PASS,1,1,,384,50,1626.0939999483526,1278.5019169095904,143.84677453779688,1
4620,completed,Anthropic,claude-opus-4-8,1017,PASS,1,1,,376,50,2207.065250026062,1597.6295419968665,82.0431086351847,1
4621,completed,Anthropic,claude-opus-4-8,1018,PASS,1,1,,372,55,1240.9167910227552,771.6860000509769,117.21310932322842,1
4622,completed,Anthropic,claude-opus-4-8,1019,PASS,1,1,,370,55,1906.2998330919072,1291.9058750849217,89.51910949517291,1
4623,completed,Anthropic,claude-opus-4-8,1020,PASS,1,1,,381,81,1801.6319590387866,1132.9379170201719,121.13163107522524,1
4624,completed,Anthropic,claude-opus-4-8,1021,PASS,1,1,,378,70,1337.2273329878226,799.9182500643656,130.27883247224378,1
4625,completed,Anthropic,claude-opus-4-8,1022,PASS,1,1,,373,85,1559.501125011593,772.6504999445751,108.02558616860773,1
4626,completed,Anthropic,claude-opus-4-8,1023,PASS,1,1,,375,91,2159.329167101532,1369.6007080143318,115.22948040289876,1
4627,completed,Anthropic,claude-opus-4-8,1024,PASS,1,1,,376,89,1511.7475830484182,734.7915830323473,114.54960126205228,1
4628,completed,Anthropic,claude-opus-4-8,1025,PASS,1,1,,376,89,1637.6970420824364,864.5975420949981,115.12101611945954,1
4629,completed,Anthropic,claude-opus-4-8,1026,PASS,1,1,,372,50,1739.6864159964025,1299.9609579565004,113.70731233728759,1
4630,completed,Anthropic,claude-opus-4-8,1027,PASS,1,1,,375,50,1896.4292079908773,1472.125833039172,117.84021280926896,1
4631,completed,Anthropic,claude-opus-4-8,1028,PASS,1,1,,386,73,1808.7381249060854,1216.643999912776,123.29120813489729,1
4632,completed,Anthropic,claude-opus-4-8,1029,PASS,1,1,,389,72,1834.835167042911,1280.970250023529,129.99559601548188,1
4633,completed,Anthropic,claude-opus-4-8,1030,PASS,1,1,,930,31,1000.6934169214219,732.2108339285478,115.4637282405123,1
4634,completed,Anthropic,claude-opus-4-8,1031,PASS,1,1,,936,98,2278.4027920570225,1318.860917002894,102.13207213543625,1
4635,completed,Anthropic,claude-opus-4-8,1032,PASS,1,1,,940,85,2031.4766250085086,1174.937916919589,99.23661265659453,1
4636,completed,Anthropic,claude-opus-4-8,1033,PASS,1,1,,945,60,1672.65874997247,1140.91145794373,112.83555346579386,1
4637,completed,OpenAI,gpt-5.4,500,"FAIL
result mismatch (order_matters=True)
predicted: SELECT s.id, s.name
FROM ship AS s
JOIN death AS d ON d.caused_by_ship_id = s.id
GROUP BY s.id, s.name
ORDER BY SUM(d.injured) DESC
LIMIT 1
gold: SELECT T2.id ,  T2.name FROM death AS T1 JOIN ship AS t2 ON T1.caused_by_ship_id  =  T2.id GROUP BY T2.id ORDER BY count(*) DESC LIMIT 1",0,1,,302,56,2396.0607919143513,2067.8192919585854,170.6060934024083,1
4638,completed,OpenAI,gpt-5.4,501,PASS,1,1,,317,38,2657.168124918826,1104.6787499217317,24.476818078108344,1
4639,completed,OpenAI,gpt-5.4,502,PASS,1,1,,299,21,859.7172909649089,709.9883330520242,140.25343055027622,1
4640,completed,OpenAI,gpt-5.4,503,PASS,1,1,,304,55,1220.248790923506,874.1242499090731,158.90234144855557,1
4641,completed,OpenAI,gpt-5.4,504,PASS,1,1,,318,74,1372.5310829468071,960.1760829100385,179.45702123995494,1
4642,completed,OpenAI,gpt-5.4,505,PASS,1,1,,311,64,2001.731500029564,1651.2468750588596,182.60430113118232,1
4643,completed,OpenAI,gpt-5.4,506,PASS,1,1,,304,20,6527.732332935557,6427.712416974828,199.960176009872,1
4644,completed,OpenAI,gpt-5.4,507,PASS,1,1,,885,19,831.5108749084175,655.9639589395374,108.2331745626805,1
4645,completed,OpenAI,gpt-5.4,508,PASS,1,1,,882,19,912.0209999382496,735.5582909658551,107.67147410715727,1
4646,completed,OpenAI,gpt-5.4,509,PASS,1,1,,879,17,1007.0662089856341,769.6997090242803,71.61920491209925,1
4647,completed,OpenAI,gpt-5.4,510,PASS,1,1,,877,18,936.1868749838322,790.3433329192922,123.41993169662916,1
4648,completed,OpenAI,gpt-5.4,511,PASS,1,1,,878,26,1123.9175419323146,885.3349590208381,108.97694074192759,1
4649,completed,OpenAI,gpt-5.4,512,PASS,1,1,,881,22,1138.4097499540076,1029.5216250233352,202.04223384328745,1
4650,completed,OpenAI,gpt-5.4,513,PASS,1,1,,885,22,944.7685839841142,780.6428339099512,134.04356105034657,1
4651,completed,OpenAI,gpt-5.4,514,PASS,1,1,,880,22,1215.4143750667572,1025.2254999941215,115.67448407062665,1
4652,completed,OpenAI,gpt-5.4,515,PASS,1,1,,886,58,1469.6382089750841,1114.6556669846177,163.38831671772095,1
4653,completed,OpenAI,gpt-5.4,516,PASS,1,1,,887,58,1435.7082500355318,984.7217500209808,128.60695386254054,1
4654,completed,OpenAI,gpt-5.4,517,PASS,1,1,,878,24,1083.4767499472946,787.4397919513285,81.07095871565818,1
4655,completed,OpenAI,gpt-5.4,518,PASS,1,1,,878,24,1051.1896669631824,860.1275419350713,125.61359294244672,1
4656,completed,OpenAI,gpt-5.4,519,PASS,1,1,,879,28,979.4451670022681,752.4915840476751,123.37324502870707,1
4657,completed,OpenAI,gpt-5.4,520,"FAIL
result mismatch (order_matters=False)
predicted: SELECT COUNT(*) AS degree_count
FROM ""Degree_Programs""
gold: SELECT count(DISTINCT degree_summary_name) FROM Degree_Programs",0,1,,878,20,1299.4569579605013,1167.7472499432042,151.84909526466686,1
4658,completed,OpenAI,gpt-5.4,521,PASS,1,1,,880,42,990.7200839370489,767.1819590032101,187.88741299691426,1
4659,completed,OpenAI,gpt-5.4,522,PASS,1,1,,880,42,923.4933750703931,677.8265000320971,170.9632199841871,1
4660,completed,OpenAI,gpt-5.4,523,PASS,1,1,,882,17,1341.4087920682505,1083.14116706606,65.82319406025364,1
4661,completed,OpenAI,gpt-5.4,524,PASS,1,1,,882,17,868.1989160832018,755.0506660481915,150.24536388976293,1
4662,completed,OpenAI,gpt-5.4,525,"FAIL
result mismatch (order_matters=False)
predicted: SELECT c.course_id, c.course_name
FROM Courses c
LEFT JOIN Sections s ON c.course_id = s.course_id
GROUP BY c.course_id, c.course_name
HAVING COUNT(s.section_id) <= 2
gold: SELECT T1.course_name ,  T1.course_id FROM Courses AS T1 JOIN Sections AS T2 ON T1.course_id  =  T2.course_id GROUP BY T1.course_id HAVING count(*)  <=  2",0,1,,886,54,1349.598667002283,1066.9890419812873,191.07629471568143,1
4663,completed,OpenAI,gpt-5.4,526,"FAIL
result mismatch (order_matters=False)
predicted: SELECT c.course_id, c.course_name
FROM Courses AS c
LEFT JOIN Sections AS s
  ON c.course_id = s.course_id
GROUP BY c.course_id, c.course_name
HAVING COUNT(s.section_id) < 2
gold: SELECT T1.course_name ,  T1.course_id FROM Courses AS T1 JOIN Sections AS T2 ON T1.course_id  =  T2.course_id GROUP BY T1.course_id HAVING count(*)  <=  2",0,1,,887,58,1334.6838749712333,988.0666669923812,167.33156538361683,1
4664,completed,OpenAI,gpt-5.4,527,PASS,1,1,,882,20,910.1468330482021,791.0190409747884,167.88693596935627,1
4665,completed,OpenAI,gpt-5.4,528,PASS,1,1,,883,20,873.5260830726475,686.5631670225412,106.97308547883354,1
4666,completed,OpenAI,gpt-5.4,529,PASS,1,1,,889,73,1167.1169589972124,731.4832500414923,167.57197273597595,1
4667,completed,OpenAI,gpt-5.4,530,"FAIL
result mismatch (order_matters=True)
predicted: SELECT semester_id, semester_name
FROM (
  SELECT s.semester_id,
         s.semester_name,
         COUNT(DISTINCT se.student_id) AS student_count,
         RANK() OVER (ORDER BY COUNT(DISTINCT se.student_id) DESC) AS rnk
  FROM Semesters s
  JOIN Student_Enrolment se
    ON s.semester_id = se.semester_id
  GROUP BY s.semester_id, s.semester_name
)
WHERE rnk = 1
gold: SELECT T1.semester_name ,  T1.semester_id FROM Semesters AS T1 JOIN Student_Enrolment AS T2 ON T1.semester_id  =  T2.semester_id GROUP BY T1.semester_id ORDER BY count(*) DESC LIMIT 1",0,1,,890,112,1298.5798750305548,737.7657090546563,199.7096485697783,1
4668,completed,OpenAI,gpt-5.4,531,PASS,1,1,,886,22,891.3908749818802,719.5057080825791,127.99242888066482,1
4669,completed,OpenAI,gpt-5.4,532,PASS,1,1,,886,22,1244.4423330016434,1043.1961660506204,109.31885229572649,1
4670,completed,OpenAI,gpt-5.4,533,"FAIL
result mismatch (order_matters=False)
predicted: SELECT
  s.student_id,
  s.first_name,
  s.middle_name,
  s.last_name
FROM Students AS s
JOIN Student_Enrolment AS se
  ON s.student_id = se.student_id
GROUP BY
  s.student_id,
  s.first_name,
  s.middle_name,
  s.last_name,
  se.semester_id
HAVING COUNT(DISTINCT se.degree_program_id) = 2
gold: SELECT T1.first_name ,  T1.middle_name ,  T1.last_name ,  T1.student_id FROM Students AS T1 JOIN Student_Enrolment AS T2 ON T1.student_id  =  T2.student_id GROUP BY T1.student_id HAVING count(*)  =  2",0,1,,897,97,1296.422415995039,776.3178329914808,186.50095225047534,1
4671,completed,OpenAI,gpt-5.4,534,"FAIL
result mismatch (order_matters=False)
predicted: SELECT DISTINCT
  s.student_id,
  s.first_name,
  s.middle_name,
  s.last_name
FROM Students AS s
JOIN Student_Enrolment AS se
  ON s.student_id = se.student_id
GROUP BY
  s.student_id,
  s.first_name,
  s.middle_name,
  s.last_name,
  se.semester_id
HAVING COUNT(DISTINCT se.degree_program_id) = 2
gold: SELECT T1.first_name ,  T1.middle_name ,  T1.last_name ,  T1.student_id FROM Students AS T1 JOIN Student_Enrolment AS T2 ON T1.student_id  =  T2.student_id GROUP BY T1.student_id HAVING count(*)  =  2",0,1,,901,98,1596.586958039552,1027.240665978752,172.12722971336166,1
4672,completed,OpenAI,gpt-5.4,535,PASS,1,1,,891,74,1532.8829999780282,858.589541981928,109.74450237129244,1
4673,completed,OpenAI,gpt-5.4,536,"FAIL
result mismatch (order_matters=False)
predicted: SELECT DISTINCT s.first_name,
       s.middle_name,
       s.last_name
FROM Students AS s
JOIN Student_Enrolment AS se
  ON s.student_id = se.student_id
JOIN Degree_Programs AS dp
  ON se.degree_program_id = dp.degree_program_id
WHERE dp.degree_summary_name LIKE '%Bachelors%'
gold: SELECT DISTINCT T1.first_name ,  T1.middle_name ,  T1.last_name FROM Students AS T1 JOIN Student_Enrolment AS T2 ON T1.student_id  =  T2.student_id JOIN Degree_Programs AS T3 ON T2.degree_program_id  =  T3.degree_program_id WHERE T3.degree_summary_name  =  'Bachelor'",0,1,,890,77,1350.3539589000866,835.002249921672,149.41252480298874,1
4674,completed,OpenAI,gpt-5.4,537,PASS,1,1,,885,69,1223.9987080683932,749.7399580897763,145.4901991858053,1
4675,completed,OpenAI,gpt-5.4,538,PASS,1,1,,886,69,1655.4607910802588,995.7995410077274,104.59914083541102,1
4676,completed,OpenAI,gpt-5.4,539,PASS,1,1,,891,74,1316.7352910386398,866.3666660431772,164.30984729619107,1
4677,completed,OpenAI,gpt-5.4,540,PASS,1,1,,889,74,1411.9415000313893,762.0845830533653,113.87122005889557,1
4678,completed,OpenAI,gpt-5.4,541,"FAIL
result mismatch (order_matters=True)
predicted: SELECT
  s.student_id AS id,
  s.first_name,
  s.middle_name,
  s.last_name,
  COUNT(se.student_enrolment_id) AS number_of_enrollments,
  s.student_id
FROM Students AS s
JOIN Student_Enrolment AS se
  ON s.student_id = se.student_id
GROUP BY s.student_id, s.first_name, s.middle_name, s.last_name
ORDER BY number_of_enrollments DESC
LIMIT 1
gold: SELECT T1.student_id ,  T1.first_name ,  T1.middle_name ,  T1.last_name ,  count(*) ,  T1.student_id FROM Students AS T1 JOIN Student_Enrolment AS T2 ON T1.student_id  =  T2.student_id GROUP BY T1.student_id ORDER BY count(*) DESC LIMIT 1",0,1,,905,107,1844.173917081207,792.8750840947032,101.77886310026335,1
4679,completed,OpenAI,gpt-5.4,542,"FAIL
result mismatch (order_matters=True)
predicted: SELECT s.first_name,
       s.middle_name,
       s.last_name,
       s.student_id,
       COUNT(se.student_enrolment_id) AS number_of_enrollments
FROM Students s
JOIN Student_Enrolment se
  ON s.student_id = se.student_id
GROUP BY s.student_id, s.first_name, s.middle_name, s.last_name
ORDER BY number_of_enrollments DESC
LIMIT 1
gold: SELECT T1.student_id ,  T1.first_name ,  T1.middle_name ,  T1.last_name ,  count(*) ,  T1.student_id FROM Students AS T1 JOIN Student_Enrolment AS T2 ON T1.student_id  =  T2.student_id GROUP BY T1.student_id ORDER BY count(*) DESC LIMIT 1",0,1,,903,96,1235.094333998859,623.0566250160336,156.85308044098622,1
4680,completed,OpenAI,gpt-5.4,543,PASS,1,1,,885,51,1240.1629999512807,879.6352909412235,141.4593073581962,1
4681,completed,OpenAI,gpt-5.4,544,PASS,1,1,,883,51,1228.63770800177,843.4457919793203,132.40153253119576,1
4682,completed,OpenAI,gpt-5.4,545,PASS,1,1,,887,39,1059.4559580786154,815.3290410991758,159.75296981809095,1
4683,completed,OpenAI,gpt-5.4,546,PASS,1,1,,884,39,1094.6325410623103,842.7181660663337,154.81450790818454,1
4684,completed,OpenAI,gpt-5.4,547,"FAIL
result mismatch (order_matters=True)
predicted: SELECT c.course_name
FROM Courses c
JOIN Student_Enrolment_Courses sec ON c.course_id = sec.course_id
GROUP BY c.course_id, c.course_name
ORDER BY COUNT(*) DESC
LIMIT 1
gold: SELECT  T1.course_name FROM Courses AS T1 JOIN Student_Enrolment_Courses AS T2 ON T1.course_id  =  T2.course_id GROUP BY T1.course_name ORDER BY count(*) DESC LIMIT 1",0,1,,884,54,1174.4542920496315,924.5310419937596,216.06633231573278,1
4685,completed,OpenAI,gpt-5.4,548,"FAIL
result mismatch (order_matters=True)
predicted: SELECT c.course_name
FROM Courses c
JOIN Student_Enrolment_Courses sec ON c.course_id = sec.course_id
GROUP BY c.course_id, c.course_name
ORDER BY COUNT(DISTINCT sec.student_enrolment_id) DESC
LIMIT 1
gold: SELECT  T1.course_name FROM Courses AS T1 JOIN Student_Enrolment_Courses AS T2 ON T1.course_id  =  T2.course_id GROUP BY T1.course_name ORDER BY count(*) DESC LIMIT 1",0,1,,884,63,1148.5695419833064,709.1837920015678,143.38198269429165,1
4686,completed,OpenAI,gpt-5.4,549,"FAIL
result mismatch (order_matters=False)
predicted: SELECT DISTINCT s.last_name
FROM Students AS s
JOIN Addresses AS a
  ON s.current_address_id = a.address_id
LEFT JOIN Student_Enrolment AS se
  ON s.student_id = se.student_id
WHERE a.state_province_county = 'North Carolina'
  AND se.student_id IS NULL
gold: SELECT T1.last_name FROM Students AS T1 JOIN Addresses AS T2 ON T1.current_address_id  =  T2.address_id WHERE T2.state_province_county  =  'NorthCarolina' EXCEPT SELECT DISTINCT T3.last_name FROM Students AS T3 JOIN Student_Enrolment AS T4 ON T3.student_id  =  T4.student_id",0,1,,896,74,2516.922334092669,2133.766125072725,193.132717826186,1
4687,completed,OpenAI,gpt-5.4,550,"FAIL
result mismatch (order_matters=False)
predicted: SELECT DISTINCT s.last_name
FROM Students s
JOIN Addresses a ON s.current_address_id = a.address_id
LEFT JOIN Student_Enrolment se ON s.student_id = se.student_id
WHERE a.state_province_county = 'North Carolina'
  AND se.student_id IS NULL
gold: SELECT T1.last_name FROM Students AS T1 JOIN Addresses AS T2 ON T1.current_address_id  =  T2.address_id WHERE T2.state_province_county  =  'NorthCarolina' EXCEPT SELECT DISTINCT T3.last_name FROM Students AS T3 JOIN Student_Enrolment AS T4 ON T3.student_id  =  T4.student_id",0,1,,893,67,2235.419375007041,1839.1116249840707,169.06053438550384,1
4688,completed,OpenAI,gpt-5.4,551,PASS,1,1,,887,68,1338.5477499105036,855.4066669894382,140.74563808333747,1
4689,completed,OpenAI,gpt-5.4,552,PASS,1,1,,888,63,1137.0564999524504,798.4229170251638,186.04179613670428,1
4690,completed,OpenAI,gpt-5.4,553,PASS,1,1,,892,32,1168.1595839327201,964.4329589791596,157.0732348179547,1
4691,completed,OpenAI,gpt-5.4,554,"FAIL
result mismatch (order_matters=False)
predicted: SELECT cell_mobile_number
FROM Students
WHERE first_name = 'Timmothy'
  AND last_name = 'Ward'
gold: select cell_mobile_number from students where first_name  =  'timmothy' and last_name  =  'ward'",0,1,,886,32,997.4563750438392,740.4542500153184,124.51258913306184,1
4692,completed,OpenAI,gpt-5.4,555,PASS,1,1,,890,31,941.4520000573248,809.4719171058387,234.88392571623956,1
4693,completed,OpenAI,gpt-5.4,556,PASS,1,1,,888,31,1116.6559169068933,909.5557919936255,149.68605167661102,1
4694,completed,OpenAI,gpt-5.4,557,PASS,1,1,,891,61,1206.8949999520555,746.6726659331471,132.5446322157277,1
4695,completed,OpenAI,gpt-5.4,558,PASS,1,1,,887,49,1077.48887501657,768.3978750137612,158.52936513698137,1
4696,completed,OpenAI,gpt-5.4,559,PASS,1,1,,891,41,1076.2716659810394,781.9584580138326,139.3073735398526,1
4697,completed,OpenAI,gpt-5.4,560,PASS,1,1,,891,23,819.9847500072792,610.8456669608131,109.97466214810699,1
4698,completed,OpenAI,gpt-5.4,561,"FAIL
result mismatch (order_matters=True)
predicted: SELECT a.address_id, a.line_1, a.line_2, a.line_3
FROM Addresses AS a
JOIN Students AS s
  ON s.current_address_id = a.address_id
GROUP BY a.address_id, a.line_1, a.line_2, a.line_3
ORDER BY COUNT(*) DESC
LIMIT 1
gold: SELECT T1.address_id ,  T1.line_1 ,  T1.line_2 FROM Addresses AS T1 JOIN Students AS T2 ON T1.address_id  =  T2.current_address_id GROUP BY T1.address_id ORDER BY count(*) DESC LIMIT 1",0,1,,889,79,1253.4605410182849,728.750333073549,150.5592969297074,1
4699,completed,OpenAI,gpt-5.4,562,PASS,1,1,,892,130,1539.3930840073153,648.9488340448588,145.99454149485624,1
4700,completed,OpenAI,gpt-5.4,563,"FAIL
result mismatch (order_matters=False)
predicted: SELECT date(avg(julianday(transcript_date))) AS average_transcript_printed_date
FROM Transcripts
gold: SELECT avg(transcript_date) FROM Transcripts",0,1,,880,29,1248.0400829808787,880.9183749835938,78.99287720739869,1
4701,completed,OpenAI,gpt-5.4,564,"FAIL
result mismatch (order_matters=False)
predicted: SELECT AVG(julianday(""transcript_date"")) AS average_transcript_date
FROM ""Transcripts""
gold: SELECT avg(transcript_date) FROM Transcripts",0,1,,878,28,1130.1692909328267,840.6854999484494,96.72389567922679,1
4702,completed,OpenAI,gpt-5.4,565,PASS,1,1,,884,36,882.2516250656918,677.4659580551088,175.79355296452255,1
4703,completed,OpenAI,gpt-5.4,566,"FAIL
result mismatch (order_matters=True)
predicted: SELECT t.transcript_id,
       t.transcript_date,
       t.other_details
FROM Transcripts t
WHERE t.transcript_date = (
    SELECT MIN(transcript_date)
    FROM Transcripts
)
gold: SELECT transcript_date ,  other_details FROM Transcripts ORDER BY transcript_date ASC LIMIT 1",0,1,,889,49,1119.4085839670151,878.7462500622496,203.60477356373593,1
4704,completed,OpenAI,gpt-5.4,567,PASS,1,1,,877,20,842.3466660315171,685.0417079403996,127.14157419256414,1
4705,completed,OpenAI,gpt-5.4,568,PASS,1,1,,877,19,885.8156249625608,653.2588750123978,81.70048817792518,1
4706,completed,OpenAI,gpt-5.4,569,PASS,1,1,,879,24,1175.67633301951,1019.2068750038743,153.38456657529764,1
4707,completed,OpenAI,gpt-5.4,570,PASS,1,1,,878,24,960.7601660536602,817.6584159955382,167.71283363237833,1
4708,completed,OpenAI,gpt-5.4,571,PASS,1,1,,893,50,1177.3850409081206,893.5872908914462,176.18180551840976,1
4709,completed,OpenAI,gpt-5.4,572,"FAIL
result mismatch (order_matters=True)
predicted: SELECT sec.student_enrolment_id
FROM Student_Enrolment_Courses AS sec
JOIN Transcript_Contents AS tc
  ON sec.student_course_id = tc.student_course_id
GROUP BY sec.student_course_id, sec.student_enrolment_id
ORDER BY COUNT(DISTINCT tc.transcript_id) DESC
LIMIT 1
gold: SELECT count(*) ,  student_course_id FROM Transcript_Contents GROUP BY student_course_id ORDER BY count(*) DESC LIMIT 1",0,1,,895,76,1298.8102090312168,840.263916994445,165.74117230873912,1
4710,completed,OpenAI,gpt-5.4,573,PASS,1,1,,890,65,1136.6319579537958,729.0808329125866,159.48919290414813,1
4711,completed,OpenAI,gpt-5.4,574,PASS,1,1,,887,65,1044.9360830243677,720.8754579769447,200.57975260181,1
4712,completed,OpenAI,gpt-5.4,575,"FAIL
result mismatch (order_matters=False)
predicted: SELECT DISTINCT s.semester_name
FROM Semesters s
JOIN Student_Enrolment se ON s.semester_id = se.semester_id
JOIN Degree_Programs dp ON se.degree_program_id = dp.degree_program_id
GROUP BY s.semester_id, s.semester_name
HAVING SUM(CASE WHEN dp.degree_summary_name LIKE '%Master%' THEN 1 ELSE 0 END) > 0
   AND SUM(CASE WHEN dp.degree_summary_name LIKE '%Bachelor%' THEN 1 ELSE 0 END) > 0
gold: SELECT DISTINCT T2.semester_id FROM Degree_Programs AS T1 JOIN Student_Enrolment AS T2 ON T1.degree_program_id  =  T2.degree_program_id WHERE degree_summary_name  =  'Master' INTERSECT SELECT DISTINCT T2.semester_id FROM Degree_Programs AS T1 JOIN Student_Enrolment AS T2 ON T1.degree_program_id  =  T2.degree_program_id WHERE degree_summary_name  =  'Bachelor'",0,1,,885,117,1367.1673750504851,661.3397089531645,165.76284214944312,1
4713,completed,OpenAI,gpt-5.4,576,"FAIL
result mismatch (order_matters=False)
predicted: SELECT se.semester_id
FROM Student_Enrolment AS se
JOIN Degree_Programs AS dp
  ON se.degree_program_id = dp.degree_program_id
GROUP BY se.semester_id
HAVING SUM(CASE WHEN dp.degree_summary_name LIKE '%Masters%' THEN 1 ELSE 0 END) > 0
   AND SUM(CASE WHEN dp.degree_summary_name LIKE '%Bachelors%' THEN 1 ELSE 0 END) > 0
gold: SELECT DISTINCT T2.semester_id FROM Degree_Programs AS T1 JOIN Student_Enrolment AS T2 ON T1.degree_program_id  =  T2.degree_program_id WHERE degree_summary_name  =  'Master' INTERSECT SELECT DISTINCT T2.semester_id FROM Degree_Programs AS T1 JOIN Student_Enrolment AS T2 ON T1.degree_program_id  =  T2.degree_program_id WHERE degree_summary_name  =  'Bachelor'",0,1,,888,101,1601.670957985334,1019.9920410523191,173.63531161235292,1
4714,completed,OpenAI,gpt-5.4,577,PASS,1,1,,881,32,926.7468750476837,690.5052920337766,135.45456135093804,1
4715,completed,OpenAI,gpt-5.4,578,"FAIL
result mismatch (order_matters=False)
predicted: SELECT DISTINCT a.address_id,
       a.line_1,
       a.line_2,
       a.line_3,
       a.city,
       a.zip_postcode,
       a.state_province_county,
       a.country,
       a.other_address_details
FROM Addresses AS a
JOIN Students AS s
  ON a.address_id = s.current_address_id
  OR a.address_id = s.permanent_address_id
gold: SELECT count(DISTINCT current_address_id) FROM Students",0,1,,882,92,1265.5773339793086,765.8112089848146,184.0861062782388,1
4716,completed,OpenAI,gpt-5.4,579,"FAIL
result mismatch (order_matters=True)
predicted: SELECT *
FROM ""Students""
ORDER BY ""first_name"" DESC, ""middle_name"" DESC, ""last_name"" DESC, ""student_id"" DESC
gold: SELECT other_student_details FROM Students ORDER BY other_student_details DESC",0,1,,883,39,992.8355830488726,740.2248750440776,154.38775461276055,1
4717,completed,OpenAI,gpt-5.4,580,"FAIL
result mismatch (order_matters=True)
predicted: SELECT
  student_id,
  first_name,
  middle_name,
  last_name,
  other_student_details
FROM Students
ORDER BY last_name DESC, first_name DESC, middle_name DESC
gold: SELECT other_student_details FROM Students ORDER BY other_student_details DESC",0,1,,885,47,1044.9537499807775,752.0936250220984,160.48617068175955,1
4718,completed,OpenAI,gpt-5.4,581,PASS,1,1,,876,26,1094.1794590326026,703.3681670436636,66.52827216859401,1
4719,completed,OpenAI,gpt-5.4,582,PASS,1,1,,881,21,1007.9247079556808,790.4587920056656,96.56685696358447,1
4720,completed,OpenAI,gpt-5.4,583,"FAIL
result mismatch (order_matters=False)
predicted: SELECT DISTINCT first_name
FROM Students s
LEFT JOIN Addresses a ON s.permanent_address_id = a.address_id
WHERE a.country = 'Haiti'
   OR s.cell_mobile_number = '09700166582'
gold: select t1.first_name from students as t1 join addresses as t2 on t1.permanent_address_id  =  t2.address_id where t2.country  =  'haiti' or t1.cell_mobile_number  =  '09700166582'",0,1,,897,52,1062.2658330248669,752.5182920508087,167.87865316533723,1
4721,completed,OpenAI,gpt-5.4,584,"FAIL
result mismatch (order_matters=False)
predicted: SELECT DISTINCT s.first_name
FROM Students AS s
LEFT JOIN Addresses AS a
  ON s.permanent_address_id = a.address_id
WHERE a.country = 'Haiti'
   OR s.cell_mobile_number = '09700166582'
gold: select t1.first_name from students as t1 join addresses as t2 on t1.permanent_address_id  =  t2.address_id where t2.country  =  'haiti' or t1.cell_mobile_number  =  '09700166582'",0,1,,896,57,1397.3214579746127,1015.6743749976158,149.3526415959416,1
4722,completed,OpenAI,gpt-5.4,585,PASS,1,1,,350,18,915.9701250027865,670.1145420083776,73.21371262254128,1
4723,completed,OpenAI,gpt-5.4,586,PASS,1,1,,351,18,903.1575839035213,735.9762919368222,107.66754933073152,1
4724,completed,OpenAI,gpt-5.4,587,PASS,1,1,,349,21,891.9310410274193,804.1497080121189,239.23081683368477,1
4725,completed,OpenAI,gpt-5.4,588,PASS,1,1,,352,21,1189.7021658951417,1042.7118329098448,142.8665380471013,1
4726,completed,OpenAI,gpt-5.4,589,PASS,1,1,,351,26,1084.4377919565886,884.6355000277981,130.1286374095568,1
4727,completed,OpenAI,gpt-5.4,590,PASS,1,1,,354,29,1047.355916001834,711.9268330279738,86.45642692306426,1
4728,completed,OpenAI,gpt-5.4,591,PASS,1,1,,353,22,1023.7188750179484,781.4611250068992,90.81236822762779,1
4729,completed,OpenAI,gpt-5.4,592,PASS,1,1,,357,22,971.7943340074271,797.172375023365,125.98644596587054,1
4730,completed,OpenAI,gpt-5.4,593,PASS,1,1,,359,27,1464.5808329805732,1223.47012499813,111.98175404953824,1
4731,completed,OpenAI,gpt-5.4,594,PASS,1,1,,356,27,918.0243340088055,704.6458339318633,126.5357099720172,1
4732,completed,OpenAI,gpt-5.4,595,PASS,1,1,,360,34,1216.5348749840632,916.4718330139294,113.30952248155948,1
4733,completed,OpenAI,gpt-5.4,596,PASS,1,1,,358,34,949.7177500743419,753.7569160340354,173.50405843346562,1
4734,completed,OpenAI,gpt-5.4,597,PASS,1,1,,355,35,969.7567080147564,755.4787910776213,163.33927686196566,1
4735,completed,OpenAI,gpt-5.4,598,PASS,1,1,,354,34,1006.3596250256523,769.0557079622522,143.27618532700524,1
4736,completed,OpenAI,gpt-5.4,599,PASS,1,1,,354,22,964.2938330071047,775.357999955304,116.44164923425743,1
4737,completed,OpenAI,gpt-5.4,600,PASS,1,1,,350,22,982.8953749965876,763.9441670617089,100.47900720668011,1
4738,completed,OpenAI,gpt-5.4,601,PASS,1,1,,355,24,942.5592909101397,777.2690409328789,145.19912701022417,1
4739,completed,OpenAI,gpt-5.4,602,PASS,1,1,,356,24,1033.5997919319198,813.6792089790106,109.13030366575119,1
4740,completed,OpenAI,gpt-5.4,603,PASS,1,1,,348,25,961.5887500112876,736.7463340051472,111.1889849080667,1
4741,completed,OpenAI,gpt-5.4,604,PASS,1,1,,349,25,1449.8216250212863,1110.2625830098987,73.62489849161958,1
4742,completed,OpenAI,gpt-5.4,605,PASS,1,1,,358,36,1234.0152920223773,959.7851670114323,131.27660572872216,1
4743,completed,OpenAI,gpt-5.4,606,PASS,1,1,,359,60,1267.2905420185998,873.2437499566004,152.2661805874049,1
4744,completed,OpenAI,gpt-5.4,607,PASS,1,1,,352,24,957.9692500410601,804.324374999851,156.2043640802399,1
4745,completed,OpenAI,gpt-5.4,608,PASS,1,1,,354,24,834.3969580018893,650.6604170426726,130.62181248599424,1
4746,completed,OpenAI,gpt-5.4,609,PASS,1,1,,367,44,1344.9263330549002,902.2999580483884,99.40663838514521,1
4747,completed,OpenAI,gpt-5.4,610,"FAIL
result mismatch (order_matters=False)
predicted: SELECT tc.series_name
FROM TV_Channel AS tc
JOIN Cartoon AS c
  ON c.Channel = tc.id
WHERE c.Title = 'The Rise of the Blue Beetle'
gold: SELECT T1.series_name FROM TV_Channel AS T1 JOIN Cartoon AS T2 ON T1.id = T2.Channel WHERE T2.Title = ""The Rise of the Blue Beetle!"";",0,1,,362,44,1125.9311669273302,716.7310839286074,107.52685991057665,1
4748,completed,OpenAI,gpt-5.4,611,PASS,1,1,,359,39,1112.1953750262037,750.3399170236662,107.777840951418,1
4749,completed,OpenAI,gpt-5.4,612,PASS,1,1,,363,39,1174.4875829899684,940.7948330044746,166.88579342928222,1
4750,completed,OpenAI,gpt-5.4,613,PASS,1,1,,351,22,1264.180792029947,1072.8141670115292,114.96257509836231,1
4751,completed,OpenAI,gpt-5.4,614,"FAIL
result mismatch (order_matters=True)
predicted: SELECT Episode
FROM TV_series
ORDER BY CAST(Rating AS REAL) DESC
gold: SELECT Episode FROM TV_series ORDER BY rating",0,1,,350,24,1354.4626249931753,1248.3491660095751,226.173006043552,1
4752,completed,OpenAI,gpt-5.4,615,PASS,1,1,,359,30,1290.0872499449179,1005.7807499542832,105.51992304427874,1
4753,completed,OpenAI,gpt-5.4,616,PASS,1,1,,359,30,884.684249991551,712.3543330235407,174.08468899552076,1
4754,completed,OpenAI,gpt-5.4,617,PASS,1,1,,350,29,925.7155829109251,670.6892079673707,113.71372865421719,1
4755,completed,OpenAI,gpt-5.4,618,PASS,1,1,,352,29,882.6902500586584,681.0751250013709,143.83841485979713,1
4756,completed,OpenAI,gpt-5.4,619,PASS,1,1,,357,25,888.7948329793289,717.1355829341337,145.6373600223576,1
4757,completed,OpenAI,gpt-5.4,620,PASS,1,1,,353,25,971.0577910300344,845.0897500151768,198.4630371210688,1
4758,completed,OpenAI,gpt-5.4,621,PASS,1,1,,356,26,1019.0200000070035,851.3032080372795,155.0232370572261,1
4759,completed,OpenAI,gpt-5.4,622,PASS,1,1,,355,26,1040.9856250043958,798.9677910227329,107.43009956022475,1
4760,completed,OpenAI,gpt-5.4,623,PASS,1,1,,365,44,1251.9280000124127,848.7583340611309,109.135194723,1
4761,completed,OpenAI,gpt-5.4,624,PASS,1,1,,358,42,1253.5490000154823,884.7889159806073,113.89519044590493,1
4762,completed,OpenAI,gpt-5.4,625,PASS,1,1,,359,41,1002.6112919440493,735.21820793394,153.33231280749922,1
4763,completed,OpenAI,gpt-5.4,626,PASS,1,1,,353,41,981.3249999424443,639.1142079373822,119.80919643058338,1
4764,completed,OpenAI,gpt-5.4,627,PASS,1,1,,353,30,1121.8815830070525,838.4127499302849,105.83174056343454,1
4765,completed,OpenAI,gpt-5.4,628,PASS,1,1,,348,25,1113.833750016056,852.1126669365913,95.52153653746498,1
4766,completed,OpenAI,gpt-5.4,629,"FAIL
result mismatch (order_matters=True)
predicted: SELECT Production_code, Channel
FROM Cartoon
ORDER BY date(Original_air_date) DESC
LIMIT 1
gold: select production_code ,  channel from cartoon order by original_air_date desc limit 1",0,1,,353,30,970.8241670159623,733.9256670093164,126.63651310227115,1
4767,completed,OpenAI,gpt-5.4,630,"FAIL
result mismatch (order_matters=True)
predicted: SELECT Production_code, Channel
FROM Cartoon
ORDER BY date(Original_air_date) DESC
LIMIT 1
gold: select production_code ,  channel from cartoon order by original_air_date desc limit 1",0,1,,355,30,1254.274541977793,958.2468749722466,101.3418789651101,1
4768,completed,OpenAI,gpt-5.4,631,"FAIL
result mismatch (order_matters=False)
predicted: SELECT Package_Option, series_name
FROM TV_Channel
WHERE Hight_definition_TV = 'Yes'
gold: SELECT package_option ,  series_name FROM TV_Channel WHERE hight_definition_TV  =  ""yes""",0,1,,357,29,989.9966249940917,844.0949999494478,198.764064424412,1
4769,completed,OpenAI,gpt-5.4,632,"FAIL
result mismatch (order_matters=False)
predicted: SELECT Package_Option, series_name
FROM TV_Channel
WHERE Hight_definition_TV = 'Yes'
gold: SELECT package_option ,  series_name FROM TV_Channel WHERE hight_definition_TV  =  ""yes""",0,1,,361,29,788.9477499993518,609.6489590127021,161.7411910053498,1
4770,completed,OpenAI,gpt-5.4,633,PASS,1,1,,354,41,1124.0411250619218,770.2081670286134,115.87388644598909,1
4771,completed,OpenAI,gpt-5.4,634,PASS,1,1,,356,37,988.620417076163,722.4890840006992,139.02910105481018,1
4772,completed,OpenAI,gpt-5.4,635,"FAIL
result mismatch (order_matters=False)
predicted: SELECT DISTINCT tc.Country
FROM TV_Channel AS tc
WHERE tc.id NOT IN (
  SELECT c.Channel
  FROM Cartoon AS c
  WHERE c.Written_by = 'Todd Casey'
)
gold: SELECT country FROM TV_Channel EXCEPT SELECT T1.country FROM TV_Channel AS T1 JOIN cartoon AS T2 ON T1.id = T2.Channel WHERE T2.written_by  =  'Todd Casey'",0,1,,355,47,1118.9134160522372,694.6250830078498,110.77372706141095,1
4773,completed,OpenAI,gpt-5.4,636,"FAIL
result mismatch (order_matters=False)
predicted: SELECT DISTINCT Country
FROM TV_Channel
WHERE id NOT IN (
  SELECT Channel
  FROM Cartoon
  WHERE Written_by = 'Todd Casey'
)
gold: SELECT country FROM TV_Channel EXCEPT SELECT T1.country FROM TV_Channel AS T1 JOIN cartoon AS T2 ON T1.id = T2.Channel WHERE T2.written_by  =  'Todd Casey'",0,1,,354,38,1419.4372920319438,1054.445542045869,104.11194226020115,1
4774,completed,OpenAI,gpt-5.4,637,"FAIL
result mismatch (order_matters=False)
predicted: SELECT DISTINCT t.series_name, t.Country
FROM TV_Channel AS t
JOIN Cartoon AS c ON c.Channel = t.id
WHERE c.Directed_by IN ('Ben Jones', 'Michael Chang')
gold: SELECT T1.series_name ,  T1.country FROM TV_Channel AS T1 JOIN cartoon AS T2 ON T1.id = T2.Channel WHERE T2.directed_by  =  'Michael Chang' INTERSECT SELECT T1.series_name ,  T1.country FROM TV_Channel AS T1 JOIN cartoon AS T2 ON T1.id = T2.Channel WHERE T2.directed_by  =  'Ben Jones'",0,1,,363,47,2289.7412920137867,779.1963750496507,31.114599421816393,1
4775,completed,OpenAI,gpt-5.4,638,PASS,1,1,,366,74,1335.0915000773966,837.9649580456316,148.855459814237,1
4776,completed,OpenAI,gpt-5.4,639,PASS,1,1,,357,26,2302.7304579736665,1621.971207903698,38.19265033464873,1
4777,completed,OpenAI,gpt-5.4,640,PASS,1,1,,360,26,829.3997501023114,659.868709044531,153.3642443164055,1
4778,completed,OpenAI,gpt-5.4,641,"FAIL
result mismatch (order_matters=False)
predicted: SELECT id
FROM TV_Channel
WHERE Country IN (
  SELECT Country
  FROM TV_Channel
  GROUP BY Country
  HAVING COUNT(*) > 2
)
gold: SELECT id FROM tv_channel GROUP BY country HAVING count(*)  >  2",0,1,,358,42,1002.6144579751417,747.4554158980027,164.60322024293643,1
4779,completed,OpenAI,gpt-5.4,642,"FAIL
result mismatch (order_matters=False)
predicted: SELECT id
FROM TV_Channel
GROUP BY id
HAVING COUNT(*) > 2
gold: SELECT id FROM tv_channel GROUP BY country HAVING count(*)  >  2",0,1,,357,26,1066.1572080571204,687.459500040859,68.65634370008796,1
4780,completed,OpenAI,gpt-5.4,643,PASS,1,1,,357,44,1187.3425000812858,878.0290000140667,142.25049986643987,1
4781,completed,OpenAI,gpt-5.4,644,PASS,1,1,,359,37,1010.9892500331625,655.043917009607,103.94854649646841,1
4782,completed,OpenAI,gpt-5.4,645,"FAIL
result mismatch (order_matters=False)
predicted: SELECT DISTINCT t.Package_Option
FROM TV_Channel AS t
WHERE t.id NOT IN (
  SELECT c.Channel
  FROM Cartoon AS c
  WHERE c.Directed_by = 'Ben Jones'
)
gold: SELECT package_option FROM TV_Channel WHERE id NOT IN (SELECT channel FROM cartoon WHERE directed_by  =  'Ben Jones')",0,1,,359,49,1410.9568750718608,928.7266250466928,101.61121165136912,1
4783,completed,OpenAI,gpt-5.4,646,"FAIL
result mismatch (order_matters=False)
predicted: SELECT DISTINCT t.Package_Option
FROM TV_Channel AS t
WHERE t.id NOT IN (
  SELECT c.Channel
  FROM Cartoon AS c
  WHERE c.Directed_by = 'Ben Jones'
)
gold: SELECT package_option FROM TV_Channel WHERE id NOT IN (SELECT channel FROM cartoon WHERE directed_by  =  'Ben Jones')",0,1,,360,49,3549.253833014518,3223.461457993835,150.40253780306938,1
4784,completed,OpenAI,gpt-5.4,647,PASS,1,1,,221,20,4553.787750075571,4384.228041977622,117.95255031016326,1
4785,completed,OpenAI,gpt-5.4,648,PASS,1,1,,221,20,1288.6276250937954,1077.5590410921723,94.75593013807399,1
4786,completed,OpenAI,gpt-5.4,649,PASS,1,1,,224,26,1893.4046250069514,1821.6624580090865,362.4089024349348,1
4787,completed,OpenAI,gpt-5.4,650,PASS,1,1,,227,26,979.6352499397472,797.3007499240339,142.59506564999694,1
4788,completed,OpenAI,gpt-5.4,651,PASS,1,1,,227,25,817.2348330263048,744.67949999962,344.56460961739856,1
4789,completed,OpenAI,gpt-5.4,652,PASS,1,1,,228,25,816.7024169815704,692.3417500220239,201.02819172023493,1
4790,completed,OpenAI,gpt-5.4,653,PASS,1,1,,223,26,1535.2604170329869,1359.810542082414,148.19047324670157,1
4791,completed,OpenAI,gpt-5.4,654,PASS,1,1,,223,25,1070.8763330476359,916.8375830631703,162.29682467899275,1
4792,completed,OpenAI,gpt-5.4,655,PASS,1,1,,228,31,990.4160830192268,788.7263749726117,153.70144713995614,1
4793,completed,OpenAI,gpt-5.4,656,PASS,1,1,,226,31,958.0310409655795,690.6882079783827,115.95597927057433,1
4794,completed,OpenAI,gpt-5.4,657,PASS,1,1,,234,38,976.5797909349203,683.9200409594923,129.84361533552365,1
4795,completed,OpenAI,gpt-5.4,658,PASS,1,1,,232,38,928.0909169465303,688.7665829854086,158.78034369113968,1
4796,completed,OpenAI,gpt-5.4,659,PASS,1,1,,222,41,1183.9325830806047,891.0488750552759,139.98730170561174,1
4797,completed,OpenAI,gpt-5.4,660,PASS,1,1,,223,39,1372.0964170061052,755.1673329435289,63.21634205211851,1
4798,completed,OpenAI,gpt-5.4,661,PASS,1,1,,230,52,2383.884832961485,626.4204169856384,29.58808128762401,1
4799,completed,OpenAI,gpt-5.4,662,PASS,1,1,,228,52,1403.7696659797803,989.2975409748033,125.46078943035212,1
4800,completed,OpenAI,gpt-5.4,663,PASS,1,1,,230,48,956.5050409873948,729.0783750358969,211.05704469253715,1
4801,completed,OpenAI,gpt-5.4,664,PASS,1,1,,234,52,1053.8485830184072,745.7157500321046,168.7583874007725,1
4802,completed,OpenAI,gpt-5.4,665,PASS,1,1,,228,55,1033.2639580592513,667.4069160362706,150.33194303403693,1
4803,completed,OpenAI,gpt-5.4,666,PASS,1,1,,227,55,1220.9300840040669,977.1399999735877,225.6039256835556,1
4804,completed,OpenAI,gpt-5.4,667,PASS,1,1,,225,55,1059.8653750494123,716.8181670131162,160.32778787163525,1
4805,completed,OpenAI,gpt-5.4,668,PASS,1,1,,227,55,1484.0884999139234,726.069291937165,72.55752812227728,1
4806,completed,OpenAI,gpt-5.4,669,PASS,1,1,,229,59,976.99737502262,634.1341669904068,172.08028921684928,1
4807,completed,OpenAI,gpt-5.4,670,PASS,1,1,,227,49,1079.0492079686373,836.9572500232607,202.4024276389053,1
4808,completed,OpenAI,gpt-5.4,671,PASS,1,1,,227,50,2084.626542055048,1794.8589579900727,172.55208225357728,1
4809,completed,OpenAI,gpt-5.4,672,PASS,1,1,,226,50,1997.8471669601277,1711.4015000406653,174.55317281534616,1
4810,completed,OpenAI,gpt-5.4,673,PASS,1,1,,231,30,967.7910410100594,746.1164580890909,135.33351277667953,1
4811,completed,OpenAI,gpt-5.4,674,PASS,1,1,,223,27,885.5548750143498,727.9546250356361,171.31952521424782,1
4812,completed,OpenAI,gpt-5.4,675,PASS,1,1,,223,30,1112.5753750093281,907.6840829802677,146.41910694645333,1
4813,completed,OpenAI,gpt-5.4,676,PASS,1,1,,225,30,1060.5581669369712,828.3912920160219,129.21740024374589,1
4814,completed,OpenAI,gpt-5.4,677,PASS,1,1,,228,28,813.1556250154972,657.5396660482511,179.9301317539894,1
4815,completed,OpenAI,gpt-5.4,678,PASS,1,1,,227,28,1118.6629160074517,980.0917910179123,202.0622983476081,1
4816,completed,OpenAI,gpt-5.4,679,PASS,1,1,,229,26,849.6740829432383,647.5487079005688,128.63303281199254,1
4817,completed,OpenAI,gpt-5.4,680,PASS,1,1,,232,26,800.6473329151049,664.8413749644533,191.44962704396022,1
4818,completed,OpenAI,gpt-5.4,681,PASS,1,1,,225,23,822.0721669495106,683.1741249188781,165.5890872452154,1
4819,completed,OpenAI,gpt-5.4,682,PASS,1,1,,226,23,919.3304170621559,753.7969590630382,138.944720167222,1
4820,completed,OpenAI,gpt-5.4,683,PASS,1,1,,225,51,1079.4242090778425,721.4533340884373,142.4696911487825,1
4821,completed,OpenAI,gpt-5.4,684,PASS,1,1,,226,51,1634.5441250596195,1265.1875410228968,138.07795015488176,1
4822,completed,OpenAI,gpt-5.4,685,PASS,1,1,,222,26,853.4913749899715,673.5179169336334,144.46574667616304,1
4823,completed,OpenAI,gpt-5.4,686,PASS,1,1,,222,23,911.0909999581054,757.501499960199,149.74982013948556,1
4824,completed,OpenAI,gpt-5.4,687,"FAIL
result mismatch (order_matters=False)
predicted: SELECT COUNT(DISTINCT state) AS state_count
FROM AREA_CODE_STATE
gold: SELECT count(*) FROM area_code_state",0,1,,240,23,845.2557499986142,707.9407080309466,167.4980371445075,1
4825,completed,OpenAI,gpt-5.4,688,PASS,1,1,,247,25,916.5920419618487,774.0710000507534,175.41269460824597,1
4826,completed,OpenAI,gpt-5.4,689,PASS,1,1,,247,20,895.504292100668,736.6332079982385,125.88823266986293,1
4827,completed,OpenAI,gpt-5.4,690,PASS,1,1,,245,31,1033.715624944307,816.2376249674708,142.54315380545088,1
4828,completed,OpenAI,gpt-5.4,691,PASS,1,1,,248,26,1551.9403340294957,1325.9307090193033,115.03934842964088,1
4829,completed,OpenAI,gpt-5.4,692,PASS,1,1,,251,26,915.1558330049738,809.6487079747021,246.4288548526005,1
4830,completed,OpenAI,gpt-5.4,693,PASS,1,1,,246,17,769.1499580396339,657.7957080444321,152.6659287879225,1
4831,completed,OpenAI,gpt-5.4,694,PASS,1,1,,251,65,3000.906249973923,2689.6315419580787,208.81876466716156,1
4832,completed,OpenAI,gpt-5.4,695,PASS,1,1,,257,67,1121.3673750171438,770.6540420185775,191.03921549590441,1
4833,completed,OpenAI,gpt-5.4,696,PASS,1,1,,250,27,3083.187915966846,2958.0243749078363,215.71777029918442,1
4834,completed,OpenAI,gpt-5.4,697,PASS,1,1,,242,51,1616.78858299274,1184.0622499585152,117.85739879150445,1
4835,completed,OpenAI,gpt-5.4,698,"FAIL
result mismatch (order_matters=True)
predicted: SELECT CAST(phone_number / 10000000 AS INTEGER) AS area_code
FROM VOTES
GROUP BY area_code
ORDER BY COUNT(DISTINCT phone_number) DESC
LIMIT 1
gold: SELECT T1.area_code FROM area_code_state AS T1 JOIN votes AS T2 ON T1.state  =  T2.state GROUP BY T1.area_code ORDER BY count(*) DESC LIMIT 1",0,1,,246,47,1193.7792500248179,729.9230410717428,101.32450335434584,1
4836,completed,OpenAI,gpt-5.4,699,PASS,1,1,,261,58,1870.4569999827072,1089.9708330398425,74.31265595287083,1
4837,completed,OpenAI,gpt-5.4,700,PASS,1,1,,260,92,1565.8866669982672,1055.1430420018733,180.1295121415359,1
4838,completed,OpenAI,gpt-5.4,701,PASS,1,1,,249,24,1165.7267910195515,832.0890410104766,71.93430599309343,1
4839,completed,OpenAI,gpt-5.4,702,PASS,1,1,,355,21,876.6761659644544,736.8306659627706,150.165718594786,1
4840,completed,OpenAI,gpt-5.4,703,PASS,1,1,,353,21,817.0585000189021,678.3392500365153,151.3849015379363,1
4841,completed,OpenAI,gpt-5.4,704,"FAIL
result mismatch (order_matters=False)
predicted: SELECT COUNT(*) AS republic_country_count
FROM country
WHERE GovernmentForm LIKE '%Republic%'
gold: SELECT count(*) FROM country WHERE GovernmentForm  =  ""Republic""",0,1,,351,26,1251.765749999322,1093.924832995981,164.72281391681003,1
4842,completed,OpenAI,gpt-5.4,705,"FAIL
result mismatch (order_matters=False)
predicted: SELECT COUNT(*) AS republic_country_count
FROM country
WHERE GovernmentForm LIKE '%Republic%'
gold: SELECT count(*) FROM country WHERE GovernmentForm  =  ""Republic""",0,1,,349,26,912.3498329427093,666.0377499647439,105.55714395191039,1
4843,completed,OpenAI,gpt-5.4,706,PASS,1,1,,353,28,1265.506291994825,1080.2666670642793,151.15556409973516,1
4844,completed,OpenAI,gpt-5.4,707,PASS,1,1,,355,28,804.4872500468045,635.7324160635471,165.92117297675722,1
4845,completed,OpenAI,gpt-5.4,708,PASS,1,1,,347,22,952.2435830440372,806.8921660305932,151.35731355109633,1
4846,completed,OpenAI,gpt-5.4,709,PASS,1,1,,351,22,959.9772500805557,752.579583087936,106.07641020755977,1
4847,completed,OpenAI,gpt-5.4,710,PASS,1,1,,348,32,848.3223750954494,658.2683750893921,168.37319919065166,1
4848,completed,OpenAI,gpt-5.4,711,PASS,1,1,,345,35,1241.6345410747454,837.0760000543669,86.51405532490531,1
4849,completed,OpenAI,gpt-5.4,712,PASS,1,1,,348,48,914.0880840132013,642.943000071682,177.02699714206386,1
4850,completed,OpenAI,gpt-5.4,713,PASS,1,1,,347,48,1019.0098750172183,686.6947920061648,144.44123199308237,1
4851,completed,OpenAI,gpt-5.4,714,PASS,1,1,,350,23,774.6855829609558,711.5362919867039,364.2162824817442,1
4852,completed,OpenAI,gpt-5.4,715,PASS,1,1,,349,23,2257.282375008799,2115.7644590130076,162.5235917174188,1
4853,completed,OpenAI,gpt-5.4,716,PASS,1,1,,348,22,782.4323340319097,659.9106669891626,179.5600772582071,1
4854,completed,OpenAI,gpt-5.4,717,PASS,1,1,,351,22,2050.2031249925494,1968.051541945897,267.79763924338016,1
4855,completed,OpenAI,gpt-5.4,718,PASS,1,1,,355,31,776.0350829921663,619.5957919117063,198.15993658559896,1
4856,completed,OpenAI,gpt-5.4,719,PASS,1,1,,352,31,881.8837919970974,686.4987079752609,158.66103676847408,1
4857,completed,OpenAI,gpt-5.4,720,PASS,1,1,,354,39,1249.042582930997,1069.480082951486,217.19457016052974,1
4858,completed,OpenAI,gpt-5.4,721,PASS,1,1,,353,40,1002.5930838892236,801.2747499160469,198.69029914249893,1
4859,completed,OpenAI,gpt-5.4,722,PASS,1,1,,351,36,864.7792079718783,667.1617079991847,182.17010135729075,1
4860,completed,OpenAI,gpt-5.4,723,PASS,1,1,,356,36,1011.6340840468183,769.4316250272095,148.63598059954225,1
4861,completed,OpenAI,gpt-5.4,724,"FAIL
result mismatch (order_matters=False)
predicted: SELECT AVG(LifeExpectancy) AS average_life_expectancy
FROM country
WHERE Continent = 'Africa'
  AND GovernmentForm LIKE '%Republic%'
gold: SELECT avg(LifeExpectancy) FROM country WHERE Continent  =  ""Africa"" AND GovernmentForm  =  ""Republic""",0,1,,353,40,947.9975000722334,637.1421669609845,128.67721972035397,1
4862,completed,OpenAI,gpt-5.4,725,"FAIL
result mismatch (order_matters=False)
predicted: SELECT AVG(LifeExpectancy) AS average_life_expectancy
FROM country
WHERE Continent = 'Africa'
  AND GovernmentForm LIKE '%Republic%'
gold: SELECT avg(LifeExpectancy) FROM country WHERE Continent  =  ""Africa"" AND GovernmentForm  =  ""Republic""",0,1,,353,40,937.3284589964896,719.3465419113636,183.50145982237254,1
4863,completed,OpenAI,gpt-5.4,726,PASS,1,1,,352,31,1166.4321250282228,1007.9962910385802,195.66280695077205,1
4864,completed,OpenAI,gpt-5.4,727,PASS,1,1,,352,31,965.9007500158623,816.0939589142799,206.9332089156041,1
4865,completed,OpenAI,gpt-5.4,728,PASS,1,1,,348,28,891.6582919191569,711.9757089531049,155.8303511547924,1
4866,completed,OpenAI,gpt-5.4,729,PASS,1,1,,349,28,1394.3395829992369,1313.937708036974,348.2505851156083,1
4867,completed,OpenAI,gpt-5.4,730,"FAIL
result mismatch (order_matters=False)
predicted: SELECT AVG(""GNP"") AS average_gnp, SUM(""Population"") AS total_population
FROM ""country""
WHERE ""GovernmentForm"" = 'US territory'
gold: SELECT avg(GNP) ,  sum(population) FROM country WHERE GovernmentForm  =  ""US Territory""",0,1,,357,40,945.8870829548687,746.1346250493079,200.24784885956828,1
4868,completed,OpenAI,gpt-5.4,731,"FAIL
result mismatch (order_matters=False)
predicted: SELECT AVG(GNP) AS mean_gnp,
       SUM(Population) AS total_population
FROM country
WHERE HeadOfState = 'George W. Bush'
gold: SELECT avg(GNP) ,  sum(population) FROM country WHERE GovernmentForm  =  ""US Territory""",0,1,,355,41,929.8732080496848,652.6819999562576,147.91233921885782,1
4869,completed,OpenAI,gpt-5.4,732,PASS,1,1,,349,22,2166.5380829945207,851.7644579987973,16.732918566168802,1
4870,completed,OpenAI,gpt-5.4,733,PASS,1,1,,351,22,1122.7454579202458,1002.4177079321817,182.83396807621082,1
4871,completed,OpenAI,gpt-5.4,734,PASS,1,1,,348,32,1124.3821670068428,924.7825420461595,160.32094251832032,1
4872,completed,OpenAI,gpt-5.4,735,PASS,1,1,,350,30,1043.377208057791,857.3044170625508,161.22722639640207,1
4873,completed,OpenAI,gpt-5.4,736,PASS,1,1,,350,38,1376.444709021598,787.6769590657204,64.54157858144868,1
4874,completed,OpenAI,gpt-5.4,737,PASS,1,1,,347,45,1008.4860420320183,715.6734589952976,153.68192013236222,1
4875,completed,OpenAI,gpt-5.4,738,PASS,1,1,,347,47,1005.2571250125766,673.146584071219,141.51914560368928,1
4876,completed,OpenAI,gpt-5.4,739,PASS,1,1,,348,47,1008.0634589539841,730.1492090336978,169.1169129092191,1
4877,completed,OpenAI,gpt-5.4,740,"FAIL
result mismatch (order_matters=True)
predicted: SELECT c.Name
FROM country AS c
JOIN countrylanguage AS cl ON c.Code = cl.CountryCode
GROUP BY c.Code, c.Name
ORDER BY COUNT(DISTINCT cl.Language) DESC
LIMIT 1
gold: SELECT T1.Name FROM country AS T1 JOIN countrylanguage AS T2 ON T1.Code  =  T2.CountryCode GROUP BY T1.Name ORDER BY COUNT(*) DESC LIMIT 1",0,1,,353,52,1493.2371249888092,1149.2375830421224,151.16299197880613,1
4878,completed,OpenAI,gpt-5.4,741,"FAIL
result mismatch (order_matters=True)
predicted: SELECT c.Name
FROM country AS c
JOIN countrylanguage AS cl ON c.Code = cl.CountryCode
GROUP BY c.Code, c.Name
ORDER BY COUNT(*) DESC
LIMIT 1
gold: SELECT T1.Name FROM country AS T1 JOIN countrylanguage AS T2 ON T1.Code  =  T2.CountryCode GROUP BY T1.Name ORDER BY COUNT(*) DESC LIMIT 1",0,1,,353,47,842.9194999625906,533.806832972914,152.0481203753764,1
4879,completed,OpenAI,gpt-5.4,742,PASS,1,1,,347,51,1160.2357079973444,860.6460000155494,170.23281722047366,1
4880,completed,OpenAI,gpt-5.4,743,PASS,1,1,,346,51,985.7582919066772,761.2945839064196,227.2082220077264,1
4881,completed,OpenAI,gpt-5.4,744,PASS,1,1,,348,56,1007.8006669646129,711.3966670585796,188.93132352381633,1
4882,completed,OpenAI,gpt-5.4,745,"FAIL
result mismatch (order_matters=False)
predicted: SELECT COUNT(DISTINCT CountryCode) AS number_of_nations
FROM countrylanguage
WHERE Language IN ('English', 'Dutch')
gold: SELECT COUNT(*) FROM (SELECT T1.Name FROM country AS T1 JOIN countrylanguage AS T2 ON T1.Code  =  T2.CountryCode WHERE T2.Language  =  ""English"" INTERSECT SELECT T1.Name FROM country AS T1 JOIN countrylanguage AS T2 ON T1.Code  =  T2.CountryCode WHERE T2.Language  =  ""Dutch"")",0,1,,351,34,245182.59500002023,244628.88145900797,61.40359135491569,1
4883,completed,OpenAI,gpt-5.4,746,PASS,1,1,,351,63,1346.0590420290828,1066.3506670389324,225.2345858511333,1
4884,completed,OpenAI,gpt-5.4,747,PASS,1,1,,351,63,1120.3949579503387,740.4451250331476,165.81136387479518,1
4885,completed,OpenAI,gpt-5.4,748,PASS,1,1,,354,83,1104.660207987763,813.587166951038,285.15179456117266,1
4886,completed,OpenAI,gpt-5.4,749,PASS,1,1,,352,68,1230.9388329740614,712.6351660117507,131.19721957310546,1
4887,completed,OpenAI,gpt-5.4,750,PASS,1,1,,351,40,1272.4346249597147,856.8937079980969,96.26007540358457,1
4888,completed,OpenAI,gpt-5.4,751,PASS,1,1,,345,48,1000.6921249441803,766.0376249114051,204.55606005124835,1
4889,completed,OpenAI,gpt-5.4,752,PASS,1,1,,349,45,1164.7950840415433,855.0540420692414,145.2826519645532,1
4890,completed,OpenAI,gpt-5.4,753,PASS,1,1,,346,47,2565.1524999411777,2373.1160419993103,244.7451931977816,1
4891,completed,OpenAI,gpt-5.4,754,"FAIL
result mismatch (order_matters=False)
predicted: SELECT c.Name
FROM country AS c
JOIN countrylanguage AS cl
  ON c.Code = cl.CountryCode
WHERE cl.IsOfficial = 'T'
  AND cl.Language IN ('English', 'Dutch')
gold: select t1.name from country as t1 join countrylanguage as t2 on t1.code  =  t2.countrycode where t2.language  =  ""english"" and isofficial  =  ""t"" union select t1.name from country as t1 join countrylanguage as t2 on t1.code  =  t2.countrycode where t2.language  =  ""dutch"" and isofficial  =  ""t""",0,1,,353,50,1536.1071249935776,779.8724579624832,66.11704300239931,1
4892,completed,OpenAI,gpt-5.4,755,"FAIL
result mismatch (order_matters=False)
predicted: SELECT c.Name
FROM country AS c
JOIN countrylanguage AS cl
  ON c.Code = cl.CountryCode
WHERE cl.IsOfficial = 'T'
  AND cl.Language IN ('English', 'Dutch')
gold: SELECT * FROM country AS T1 JOIN countrylanguage AS T2 ON T1.Code  =  T2.CountryCode WHERE T2.Language  =  ""English"" AND IsOfficial  =  ""T"" UNION SELECT * FROM country AS T1 JOIN countrylanguage AS T2 ON T1.Code  =  T2.CountryCode WHERE T2.Language  =  ""Dutch"" AND IsOfficial  =  ""T""",0,1,,351,50,1077.1542500006035,805.3906250279397,183.9834157534122,1
4893,completed,OpenAI,gpt-5.4,756,"FAIL
result mismatch (order_matters=True)
predicted: SELECT cl.Language
FROM countrylanguage AS cl
JOIN country AS c
  ON cl.CountryCode = c.Code
WHERE c.Continent = 'Asia'
GROUP BY cl.Language
ORDER BY SUM(c.Population * cl.Percentage / 100.0) DESC
LIMIT 1
gold: SELECT T2.Language FROM country AS T1 JOIN countrylanguage AS T2 ON T1.Code  =  T2.CountryCode WHERE T1.Continent  =  ""Asia"" GROUP BY T2.Language ORDER BY COUNT (*) DESC LIMIT 1",0,1,,350,67,1263.2874590344727,737.438749987632,127.4130730898721,1
4894,completed,OpenAI,gpt-5.4,757,PASS,1,1,,354,59,1042.1824580989778,733.2781670847908,190.99767052860494,1
4895,completed,OpenAI,gpt-5.4,758,"FAIL
result mismatch (order_matters=False)
predicted: SELECT cl.Language
FROM countrylanguage AS cl
JOIN country AS c
  ON cl.CountryCode = c.Code
WHERE c.GovernmentForm LIKE '%Republic%'
GROUP BY cl.Language
HAVING COUNT(DISTINCT cl.CountryCode) = 1
gold: SELECT T2.Language FROM country AS T1 JOIN countrylanguage AS T2 ON T1.Code  =  T2.CountryCode WHERE T1.GovernmentForm  =  ""Republic"" GROUP BY T2.Language HAVING COUNT(*)  =  1",0,1,,351,60,1102.688999962993,703.8992500165477,150.45522109848008,1
4896,completed,OpenAI,gpt-5.4,759,"FAIL
result mismatch (order_matters=False)
predicted: SELECT cl.Language
FROM countrylanguage AS cl
JOIN country AS c ON cl.CountryCode = c.Code
WHERE c.GovernmentForm LIKE '%Republic%'
GROUP BY cl.Language
HAVING COUNT(DISTINCT cl.CountryCode) = 1
gold: SELECT T2.Language FROM country AS T1 JOIN countrylanguage AS T2 ON T1.Code  =  T2.CountryCode WHERE T1.GovernmentForm  =  ""Republic"" GROUP BY T2.Language HAVING COUNT(*)  =  1",0,1,,353,58,1061.9515830185264,622.7911659516394,132.0701906318807,1
4897,completed,OpenAI,gpt-5.4,760,"FAIL
result mismatch (order_matters=True)
predicted: SELECT ci.Name
FROM city AS ci
JOIN countrylanguage AS cl
  ON ci.CountryCode = cl.CountryCode
WHERE cl.Language = 'English'
ORDER BY ci.Population DESC
LIMIT 1
gold: SELECT T1.Name ,  T1.Population FROM city AS T1 JOIN countrylanguage AS T2 ON T1.CountryCode  =  T2.CountryCode WHERE T2.Language  =  ""English"" ORDER BY T1.Population DESC LIMIT 1",0,1,,350,50,1224.601291003637,853.4940000390634,134.73192582673636,1
4898,completed,OpenAI,gpt-5.4,761,"FAIL
result mismatch (order_matters=True)
predicted: SELECT c.Name
FROM city AS c
JOIN countrylanguage AS cl
  ON c.CountryCode = cl.CountryCode
WHERE cl.Language = 'English'
ORDER BY c.Population DESC
LIMIT 1
gold: SELECT T1.Name ,  T1.Population FROM city AS T1 JOIN countrylanguage AS T2 ON T1.CountryCode  =  T2.CountryCode WHERE T2.Language  =  ""English"" ORDER BY T1.Population DESC LIMIT 1",0,1,,349,50,1068.4609999880195,871.5706249931827,253.9484218124487,1
4899,completed,OpenAI,gpt-5.4,762,PASS,1,1,,356,36,1017.3798749456182,773.8355830078945,147.8170550152146,1
4900,completed,OpenAI,gpt-5.4,763,PASS,1,1,,357,36,953.4731250023469,753.9912080392241,180.46748571528485,1
4901,completed,OpenAI,gpt-5.4,764,"FAIL
result mismatch (order_matters=False)
predicted: SELECT AVG(c.LifeExpectancy)
FROM country AS c
JOIN countrylanguage AS cl
  ON c.Code = cl.CountryCode
WHERE cl.Language = 'English'
  AND cl.IsOfficial = 'F'
gold: SELECT avg(LifeExpectancy) FROM country WHERE Name NOT IN (SELECT T1.Name FROM country AS T1 JOIN countrylanguage AS T2 ON T1.Code  =  T2.CountryCode WHERE T2.Language  =  ""English"" AND T2.IsOfficial  =  ""T"")",0,1,,355,51,1264.9764580419287,819.3794169928879,114.4531837104078,1
4902,completed,OpenAI,gpt-5.4,765,PASS,1,1,,355,86,1382.6487920014188,872.8957079583779,168.70913132668485,1
4903,completed,OpenAI,gpt-5.4,766,PASS,1,1,,356,50,1013.9023750089109,721.3023339863867,170.88172587149782,1
4904,completed,OpenAI,gpt-5.4,767,PASS,1,1,,351,43,1468.1487920461223,996.4814580744132,91.16594875866298,1
4905,completed,OpenAI,gpt-5.4,768,PASS,1,1,,356,50,1364.8792499443516,875.6285000126809,102.19708402487488,1
4906,completed,OpenAI,gpt-5.4,769,PASS,1,1,,359,50,1188.7581669725478,886.7544999811798,165.56090360793246,1
4907,completed,OpenAI,gpt-5.4,770,PASS,1,1,,360,62,980.108292074874,627.1902919979766,175.67820283037645,1
4908,completed,OpenAI,gpt-5.4,771,PASS,1,1,,358,59,1158.1388749182224,838.7536249356344,184.72988343455597,1
4909,completed,OpenAI,gpt-5.4,772,"FAIL
result mismatch (order_matters=False)
predicted: SELECT Name
FROM country
WHERE SurfaceArea > (
  SELECT MAX(SurfaceArea)
  FROM country
  WHERE Continent = 'Europe'
)
gold: SELECT Name FROM country WHERE SurfaceArea  >  (SELECT min(SurfaceArea) FROM country WHERE Continent  =  ""Europe"")",0,1,,354,38,1567.1689580194652,1288.5118749691173,136.36832620233145,1
4910,completed,OpenAI,gpt-5.4,773,"FAIL
result mismatch (order_matters=False)
predicted: SELECT Name
FROM country
WHERE SurfaceArea > (
  SELECT MAX(SurfaceArea)
  FROM country
  WHERE Continent = 'Europe'
)
gold: SELECT Name FROM country WHERE SurfaceArea  >  (SELECT min(SurfaceArea) FROM country WHERE Continent  =  ""Europe"")",0,1,,352,38,978.0289999907836,851.1848748894408,299.58029171346874,1
4911,completed,OpenAI,gpt-5.4,774,"FAIL
result mismatch (order_matters=False)
predicted: SELECT Name
FROM country
WHERE Continent = 'Africa'
  AND Population < (
    SELECT MIN(Population)
    FROM country
    WHERE Continent = 'Asia'
  )
gold: SELECT Name FROM country WHERE Continent  =  ""Africa""  AND population  <  (SELECT max(population) FROM country WHERE Continent  =  ""Asia"")",0,1,,356,46,1028.6814169958234,756.448750034906,168.97310860420694,1
4912,completed,OpenAI,gpt-5.4,775,PASS,1,1,,354,46,1182.0656670024619,918.3984169503674,174.46231942310425,1
4913,completed,OpenAI,gpt-5.4,776,PASS,1,1,,354,46,911.0163329169154,670.8319579483941,191.51953579839983,1
4914,completed,OpenAI,gpt-5.4,777,"FAIL
result mismatch (order_matters=False)
predicted: SELECT Name
FROM country
WHERE Continent = 'Asia'
  AND Population > (
    SELECT MAX(Population)
    FROM country
    WHERE Continent = 'Africa'
  )
gold: SELECT Name FROM country WHERE Continent  =  ""Asia""  AND population  >  (SELECT min(population) FROM country WHERE Continent  =  ""Africa"")",0,1,,357,46,1067.647875053808,801.2953749857843,172.703466227094,1
4915,completed,OpenAI,gpt-5.4,778,"FAIL
result mismatch (order_matters=False)
predicted: SELECT Code
FROM country
WHERE Code NOT IN (
  SELECT CountryCode
  FROM countrylanguage
  WHERE Language = 'English'
)
gold: SELECT CountryCode FROM countrylanguage EXCEPT SELECT CountryCode FROM countrylanguage WHERE LANGUAGE  =  ""English""",0,1,,352,36,954.9983330070972,777.481458033435,202.7976213829882,1
4916,completed,OpenAI,gpt-5.4,779,"FAIL
result mismatch (order_matters=False)
predicted: SELECT Code
FROM country
WHERE Code NOT IN (
  SELECT CountryCode
  FROM countrylanguage
  WHERE Language = 'English'
)
gold: SELECT CountryCode FROM countrylanguage EXCEPT SELECT CountryCode FROM countrylanguage WHERE LANGUAGE  =  ""English""",0,1,,351,36,1056.9913330255076,819.4417920894921,151.54733559218568,1
4917,completed,OpenAI,gpt-5.4,780,PASS,1,1,,354,22,1058.2137920428067,890.8928750315681,131.48385983637837,1
4918,completed,OpenAI,gpt-5.4,781,PASS,1,1,,357,22,810.4472920531407,651.3360419776291,138.26803566409762,1
4919,completed,OpenAI,gpt-5.4,782,"FAIL
result mismatch (order_matters=False)
predicted: SELECT Code
FROM country
WHERE GovernmentForm NOT LIKE '%Republic%'
  AND Code NOT IN (
    SELECT CountryCode
    FROM countrylanguage
    WHERE Language = 'English'
  )
gold: SELECT Code FROM country WHERE GovernmentForm != ""Republic"" EXCEPT SELECT CountryCode FROM countrylanguage WHERE LANGUAGE  =  ""English""",0,1,,359,46,894.8148750932887,611.8357090745121,162.55613671908182,1
4920,completed,OpenAI,gpt-5.4,783,"FAIL
result mismatch (order_matters=False)
predicted: SELECT Code
FROM country
WHERE GovernmentForm NOT LIKE '%Republic%'
  AND Code NOT IN (
    SELECT CountryCode
    FROM countrylanguage
    WHERE Language = 'English'
  )
gold: SELECT Code FROM country WHERE GovernmentForm != ""Republic"" EXCEPT SELECT CountryCode FROM countrylanguage WHERE LANGUAGE  =  ""English""",0,1,,358,46,1085.7819579541683,840.9158330177888,187.85775293316544,1
4921,completed,OpenAI,gpt-5.4,784,"FAIL
result mismatch (order_matters=False)
predicted: SELECT ci.Name
FROM city AS ci
JOIN country AS co
  ON ci.CountryCode = co.Code
WHERE co.Continent = 'Europe'
  AND co.Code NOT IN (
    SELECT cl.CountryCode
    FROM countrylanguage AS cl
    WHERE cl.Language = 'English'
      AND cl.IsOfficial = 'T'
  )
gold: SELECT DISTINCT T2.Name FROM country AS T1 JOIN city AS T2 ON T2.CountryCode  =  T1.Code WHERE T1.Continent  =  'Europe' AND T1.Name NOT IN (SELECT T3.Name FROM country AS T3 JOIN countrylanguage AS T4 ON T3.Code  =  T4.CountryCode WHERE T4.IsOfficial  =  'T' AND T4.Language  =  'English')",0,1,,353,78,2125.063917017542,1567.597542074509,139.9187529615051,1
4922,completed,OpenAI,gpt-5.4,785,"FAIL
result mismatch (order_matters=False)
predicted: SELECT ci.Name
FROM city AS ci
JOIN country AS c
  ON ci.CountryCode = c.Code
WHERE c.Continent = 'Europe'
  AND ci.CountryCode NOT IN (
    SELECT CountryCode
    FROM countrylanguage
    WHERE Language = 'English'
      AND IsOfficial = 'T'
  )
gold: SELECT DISTINCT T2.Name FROM country AS T1 JOIN city AS T2 ON T2.CountryCode  =  T1.Code WHERE T1.Continent  =  'Europe' AND T1.Name NOT IN (SELECT T3.Name FROM country AS T3 JOIN countrylanguage AS T4 ON T3.Code  =  T4.CountryCode WHERE T4.IsOfficial  =  'T' AND T4.Language  =  'English')",0,1,,356,74,1529.7872920054942,1135.8994169859216,187.8707233532458,1
4923,completed,OpenAI,gpt-5.4,786,"FAIL
result mismatch (order_matters=False)
predicted: SELECT DISTINCT ci.Name
FROM city AS ci
JOIN country AS co
  ON ci.CountryCode = co.Code
JOIN countrylanguage AS cl
  ON co.Code = cl.CountryCode
WHERE co.Continent = 'Asia'
  AND cl.Language = 'Chinese'
  AND cl.IsOfficial = 'T'
gold: select distinct t3.name from country as t1 join countrylanguage as t2 on t1.code  =  t2.countrycode join city as t3 on t1.code  =  t3.countrycode where t2.isofficial  =  't' and t2.language  =  'chinese' and t1.continent  =  ""asia""",0,1,,353,72,1196.6802090173587,817.3622920876369,189.81439258863116,1
4924,completed,OpenAI,gpt-5.4,787,PASS,1,1,,358,68,1164.3221250269562,750.2515830565244,164.223225531595,1
4925,completed,OpenAI,gpt-5.4,788,PASS,1,1,,358,28,1186.3871669629589,917.3544589430094,104.07656454145243,1
4926,completed,OpenAI,gpt-5.4,789,"FAIL
result mismatch (order_matters=True)
predicted: SELECT Name, IndepYear, SurfaceArea
FROM country
WHERE Population = (SELECT MIN(Population) FROM country)
gold: SELECT Name ,  SurfaceArea ,  IndepYear FROM country ORDER BY Population LIMIT 1",0,1,,359,32,1086.09624998644,835.7307920232415,127.81315865347418,1
4927,completed,OpenAI,gpt-5.4,790,PASS,1,1,,355,29,1040.3601659927517,895.8342908881605,200.6561107415065,1
4928,completed,OpenAI,gpt-5.4,791,PASS,1,1,,358,29,889.1601250506938,708.2641669549048,160.31314522043533,1
4929,completed,OpenAI,gpt-5.4,792,PASS,1,1,,360,57,1071.5096249477938,721.5137080056593,162.85904275112992,1
4930,completed,OpenAI,gpt-5.4,793,PASS,1,1,,362,57,1022.0456250244752,708.8327499805018,181.98485612060972,1
4931,completed,OpenAI,gpt-5.4,794,PASS,1,1,,358,36,1600.4249580437317,1433.6108750430867,215.80911726656072,1
4932,completed,OpenAI,gpt-5.4,795,PASS,1,1,,358,36,891.3277920801193,690.1597090763971,178.95482952598354,1
4933,completed,OpenAI,gpt-5.4,796,PASS,1,1,,361,44,1031.3929590629414,690.2842500712723,128.99113637428297,1
4934,completed,OpenAI,gpt-5.4,797,PASS,1,1,,367,48,943.2787500554696,662.8912499872968,171.1916543652245,1
4935,completed,OpenAI,gpt-5.4,798,PASS,1,1,,361,57,1018.1906250072643,710.6884999666363,185.36457265935644,1
4936,completed,OpenAI,gpt-5.4,799,PASS,1,1,,370,57,1019.5920419646427,640.6314169289544,150.41140486464016,1
4937,completed,OpenAI,gpt-5.4,800,PASS,1,1,,355,26,943.429582985118,790.088624926284,169.55678593076405,1
4938,completed,OpenAI,gpt-5.4,801,PASS,1,1,,352,26,930.0074999919161,694.0459168981761,110.18742822076688,1
4939,completed,OpenAI,gpt-5.4,802,PASS,1,1,,352,22,908.3654170390218,722.9265420464799,118.63747556106993,1
4940,completed,OpenAI,gpt-5.4,803,PASS,1,1,,350,22,842.5902910530567,698.8677500048652,153.0727180270435,1
4941,completed,OpenAI,gpt-5.4,804,PASS,1,1,,353,22,1489.8392499890178,1372.7764169452712,187.93326137749074,1
4942,completed,OpenAI,gpt-5.4,805,PASS,1,1,,353,22,1116.9093750650063,853.629874996841,83.56138626176367,1
4943,completed,OpenAI,gpt-5.4,806,PASS,1,1,,346,24,1069.7097919182852,905.8318749302998,146.4504824146596,1
4944,completed,OpenAI,gpt-5.4,807,PASS,1,1,,347,24,909.8354170564562,685.1749999914318,106.82789747093535,1
4945,completed,OpenAI,gpt-5.4,808,PASS,1,1,,362,28,878.8777081063017,653.5943330964074,124.28791072031058,1
4946,completed,OpenAI,gpt-5.4,809,PASS,1,1,,358,28,829.1699170367792,622.7247500792146,135.62923469046612,1
4947,completed,OpenAI,gpt-5.4,810,"FAIL
result mismatch (order_matters=False)
predicted: SELECT SUM(Population) AS total_population,
       AVG(SurfaceArea) AS average_area
FROM country
WHERE Continent = 'North America'
  AND SurfaceArea > 3000
gold: select sum(population) ,  avg(surfacearea) from country where continent  =  ""north america"" and surfacearea  >  3000",0,1,,364,47,1043.9331250963733,790.9293340053409,185.7679673388337,1
4948,completed,OpenAI,gpt-5.4,811,"FAIL
result mismatch (order_matters=False)
predicted: SELECT SUM(Population) AS total_population,
       AVG(SurfaceArea) AS average_surface_area
FROM country
WHERE Continent = 'North America'
  AND SurfaceArea > 3000
gold: select sum(population) ,  avg(surfacearea) from country where continent  =  ""north america"" and surfacearea  >  3000",0,1,,364,48,922.9743749601766,668.2502500480041,188.43915948891816,1
4949,completed,OpenAI,gpt-5.4,812,PASS,1,1,,355,24,1265.1570830494165,1092.5095829879865,139.01156976765094,1
4950,completed,OpenAI,gpt-5.4,813,PASS,1,1,,357,24,792.7344159688801,689.9539999430999,233.50751950624664,1
4951,completed,OpenAI,gpt-5.4,814,PASS,1,1,,350,33,924.6544160414487,737.872708006762,176.67682958478812,1
4952,completed,OpenAI,gpt-5.4,815,PASS,1,1,,350,33,908.4214579779655,737.5597909558564,193.13869854570652,1
4953,completed,OpenAI,gpt-5.4,816,"FAIL
result mismatch (order_matters=False)
predicted: SELECT cl.CountryCode, c.Name AS CountryName, cl.Language, cl.Percentage
FROM countrylanguage AS cl
JOIN country AS c ON c.Code = cl.CountryCode
WHERE cl.Percentage = (
  SELECT MAX(cl2.Percentage)
  FROM countrylanguage AS cl2
  WHERE cl2.CountryCode = cl.CountryCode
)
ORDER BY cl.CountryCode
gold: SELECT LANGUAGE ,  CountryCode ,  max(Percentage) FROM countrylanguage GROUP BY CountryCode",0,1,,354,83,1214.7643329808488,776.49841690436,189.38273991973938,1
4954,completed,OpenAI,gpt-5.4,817,"FAIL
result mismatch (order_matters=False)
predicted: SELECT cl.CountryCode, cl.Language
FROM countrylanguage AS cl
WHERE cl.Percentage = (
  SELECT MAX(cl2.Percentage)
  FROM countrylanguage AS cl2
  WHERE cl2.CountryCode = cl.CountryCode
)
ORDER BY cl.CountryCode
gold: SELECT LANGUAGE ,  CountryCode ,  max(Percentage) FROM countrylanguage GROUP BY CountryCode",0,1,,364,61,1329.5197089901194,954.5867919223383,162.69577095833466,1
4955,completed,OpenAI,gpt-5.4,818,"FAIL
result mismatch (order_matters=False)
predicted: SELECT COUNT(*) AS total_countries
FROM countrylanguage cl
WHERE cl.Language = 'Spanish'
  AND cl.Percentage = (
    SELECT MAX(cl2.Percentage)
    FROM countrylanguage cl2
    WHERE cl2.CountryCode = cl.CountryCode
  )
gold: SELECT count(*) ,   max(Percentage) FROM countrylanguage WHERE LANGUAGE  =  ""Spanish"" GROUP BY CountryCode",0,1,,357,62,1150.7273339666426,728.1284589553252,146.7112282263875,1
4956,completed,OpenAI,gpt-5.4,819,"FAIL
result mismatch (order_matters=False)
predicted: SELECT COUNT(*) AS country_count
FROM countrylanguage
WHERE Language = 'Spanish'
ORDER BY Percentage DESC
gold: SELECT count(*) ,   max(Percentage) FROM countrylanguage WHERE LANGUAGE  =  ""Spanish"" GROUP BY CountryCode",0,1,,353,29,829.6244160737842,698.0651250341907,220.4329300563978,1
4957,completed,OpenAI,gpt-5.4,820,"FAIL
result mismatch (order_matters=False)
predicted: SELECT CountryCode
FROM countrylanguage
WHERE Language = 'Spanish'
  AND Percentage = (
    SELECT MAX(Percentage)
    FROM countrylanguage
    WHERE Language = 'Spanish'
  )
gold: SELECT CountryCode ,  max(Percentage) FROM countrylanguage WHERE LANGUAGE  =  ""Spanish"" GROUP BY CountryCode",0,1,,356,46,1726.6534590162337,1603.0685419682413,372.2137061607331,1
4958,completed,OpenAI,gpt-5.4,821,"FAIL
result mismatch (order_matters=False)
predicted: SELECT CountryCode
FROM countrylanguage
WHERE Language = 'Spanish'
ORDER BY Percentage DESC
gold: SELECT CountryCode ,  max(Percentage) FROM countrylanguage WHERE LANGUAGE  =  ""Spanish"" GROUP BY CountryCode",0,1,,353,26,1195.7403339911252,991.1170840496197,127.06278493491075,1
4959,completed,OpenAI,gpt-5.4,822,PASS,1,1,,367,17,851.6269579995424,716.7728749336675,126.06218227516085,1
4960,completed,OpenAI,gpt-5.4,823,PASS,1,1,,367,17,808.9822919573635,690.8930420177057,143.95891250631877,1
4961,completed,OpenAI,gpt-5.4,824,PASS,1,1,,372,18,773.554207989946,625.1901249634102,121.32316415678983,1
4962,completed,OpenAI,gpt-5.4,825,PASS,1,1,,372,21,1256.8252079654485,951.7217499669641,68.82911173069799,1
4963,completed,OpenAI,gpt-5.4,826,PASS,1,1,,375,24,999.0131669910625,811.4154998911545,127.93336063831985,1
4964,completed,OpenAI,gpt-5.4,827,PASS,1,1,,375,24,833.4640000248328,567.510416964069,90.24131099792928,1
4965,completed,OpenAI,gpt-5.4,828,PASS,1,1,,379,28,1436.9066250510514,1302.8996250359342,208.94430885581605,1
4966,completed,OpenAI,gpt-5.4,829,PASS,1,1,,379,28,2316.892165923491,832.5150000164285,18.863130370838036,1
4967,completed,OpenAI,gpt-5.4,830,PASS,1,1,,368,21,1094.1956670721993,978.6937080789357,181.81509805582422,1
4968,completed,OpenAI,gpt-5.4,831,PASS,1,1,,368,21,1076.7592919291928,955.812458996661,173.63001155817366,1
4969,completed,OpenAI,gpt-5.4,832,PASS,1,1,,377,37,1110.5890000471845,918.3250000933185,192.44372326009133,1
4970,completed,OpenAI,gpt-5.4,833,"FAIL
result mismatch (order_matters=False)
predicted: SELECT MAX(CAST(""Share"" AS REAL)) AS max_share,
       MIN(CAST(""Share"" AS REAL)) AS min_share
FROM ""performance""
WHERE ""Type"" != 'Live final'
gold: SELECT max(SHARE) ,  min(SHARE) FROM performance WHERE TYPE != ""Live final""",0,1,,378,48,953.8754168897867,697.283333982341,187.0673461788526,1
4971,completed,OpenAI,gpt-5.4,834,PASS,1,1,,370,24,892.4277500482276,777.3370411014184,208.53116832473373,1
4972,completed,OpenAI,gpt-5.4,835,PASS,1,1,,371,22,1804.6062500216067,1492.665250087157,70.52615720480156,1
4973,completed,OpenAI,gpt-5.4,836,PASS,1,1,,373,25,1002.5506670353934,839.3376249587163,153.17403365507434,1
4974,completed,OpenAI,gpt-5.4,837,PASS,1,1,,379,25,964.1260000644252,835.5550001142547,194.445092670113,1
4975,completed,OpenAI,gpt-5.4,838,PASS,1,1,,373,24,1354.6573750209063,1127.8060419717804,105.79616031968682,1
4976,completed,OpenAI,gpt-5.4,839,PASS,1,1,,376,29,1278.5348340403289,1139.7325840080157,208.93033069167683,1
4977,completed,OpenAI,gpt-5.4,840,PASS,1,1,,374,48,1315.8159159356728,1165.9328329842538,320.2496176006603,1
4978,completed,OpenAI,gpt-5.4,841,PASS,1,1,,381,37,1001.5457079280168,691.3586249575019,119.28285228923303,1
4979,completed,OpenAI,gpt-5.4,842,PASS,1,1,,375,55,1100.4542920272797,685.6937090633437,132.60662237226705,1
4980,completed,OpenAI,gpt-5.4,843,PASS,1,1,,376,56,963.3068341063336,666.836875025183,188.88928973971196,1
4981,completed,OpenAI,gpt-5.4,844,"FAIL
result mismatch (order_matters=True)
predicted: SELECT c.Name
FROM conductor AS c
JOIN orchestra AS o ON c.Conductor_ID = o.Conductor_ID
GROUP BY c.Conductor_ID, c.Name
ORDER BY COUNT(*) DESC
LIMIT 1
gold: SELECT T1.Name FROM conductor AS T1 JOIN orchestra AS T2 ON T1.Conductor_ID  =  T2.Conductor_ID GROUP BY T2.Conductor_ID ORDER BY COUNT(*) DESC LIMIT 1",0,1,,376,51,1046.5043330332264,741.3861249806359,167.14833351148152,1
4982,completed,OpenAI,gpt-5.4,845,"FAIL
result mismatch (order_matters=True)
predicted: SELECT c.Name
FROM conductor AS c
JOIN orchestra AS o ON c.Conductor_ID = o.Conductor_ID
GROUP BY c.Conductor_ID, c.Name
ORDER BY COUNT(*) DESC
LIMIT 1
gold: SELECT T1.Name FROM conductor AS T1 JOIN orchestra AS T2 ON T1.Conductor_ID  =  T2.Conductor_ID GROUP BY T2.Conductor_ID ORDER BY COUNT(*) DESC LIMIT 1",0,1,,375,51,1373.9089169539511,1054.4397499179468,159.63981899465205,1
4983,completed,OpenAI,gpt-5.4,846,PASS,1,1,,378,57,1428.370040957816,1097.0497499220073,172.03896514095337,1
4984,completed,OpenAI,gpt-5.4,847,PASS,1,1,,380,45,921.119041973725,721.9889169791713,225.98288431361547,1
4985,completed,OpenAI,gpt-5.4,848,PASS,1,1,,374,35,1610.1431249408051,1337.2682499466464,128.2639158359641,1
4986,completed,OpenAI,gpt-5.4,849,PASS,1,1,,370,33,2663.2894579088315,1069.8804999701679,20.71031409456297,1
4987,completed,OpenAI,gpt-5.4,850,PASS,1,1,,374,31,2468.6709170928225,2141.463042004034,94.74099604597868,1
4988,completed,OpenAI,gpt-5.4,851,"FAIL
result mismatch (order_matters=True)
predicted: SELECT ""Major_Record_Format"", COUNT(*) AS frequency
FROM ""orchestra""
GROUP BY ""Major_Record_Format""
ORDER BY frequency DESC
gold: SELECT Major_Record_Format FROM orchestra GROUP BY Major_Record_Format ORDER BY COUNT(*) ASC",0,1,,375,35,842.6784999901429,585.7057090615854,136.20119030318097,1
4989,completed,OpenAI,gpt-5.4,852,PASS,1,1,,373,35,1039.3591669853777,825.2065000124276,163.43480795604987,1
4990,completed,OpenAI,gpt-5.4,853,PASS,1,1,,374,35,1087.735291919671,802.4463749025017,122.68264875460838,1
4991,completed,OpenAI,gpt-5.4,854,PASS,1,1,,371,43,1138.3045829134062,864.8476660018787,157.2459767544002,1
4992,completed,OpenAI,gpt-5.4,855,PASS,1,1,,372,43,1011.2365839304402,692.3469590255991,134.84289434888794,1
4993,completed,OpenAI,gpt-5.4,856,PASS,1,1,,379,49,1404.5610419707373,1117.8011669544503,170.8746734431272,1
4994,completed,OpenAI,gpt-5.4,857,PASS,1,1,,385,49,1225.2040000166744,949.0295830182731,177.42410949050233,1
4995,completed,OpenAI,gpt-5.4,858,PASS,1,1,,377,31,1040.087959030643,832.9016249626875,149.6237680899949,1
4996,completed,OpenAI,gpt-5.4,859,PASS,1,1,,376,28,4261.06954109855,4046.9467079965398,130.76606354568702,1
4997,completed,OpenAI,gpt-5.4,860,PASS,1,1,,377,66,1068.3110000099987,667.1015419997275,164.50260252416672,1
4998,completed,OpenAI,gpt-5.4,861,PASS,1,1,,377,70,1051.1108750943094,661.9678339920938,179.88244066174423,1
4999,completed,OpenAI,gpt-5.4,862,PASS,1,1,,250,21,1119.96104195714,928.8002919638529,109.85518732656915,1
5000,completed,OpenAI,gpt-5.4,863,PASS,1,1,,250,21,1251.362374983728,1108.9124999707565,147.42027676814558,1
5001,completed,OpenAI,gpt-5.4,864,PASS,1,1,,253,17,784.9947500508279,625.4194159992039,106.53275520952604,1
5002,completed,OpenAI,gpt-5.4,865,PASS,1,1,,254,17,660.5530420783907,536.0413331072778,136.53334405637338,1
5003,completed,OpenAI,gpt-5.4,866,PASS,1,1,,252,15,801.683416008018,730.1737500820309,209.76185255186468,1
5004,completed,OpenAI,gpt-5.4,867,"FAIL
result mismatch (order_matters=False)
predicted: SELECT name, grade
FROM Highschooler
gold: SELECT grade FROM Highschooler",0,1,,252,17,869.3666249746457,707.2223329450935,104.84488715089401,1
5005,completed,OpenAI,gpt-5.4,868,PASS,1,1,,248,21,744.3361670011654,633.6409170180559,189.71003727083402,1
5006,completed,OpenAI,gpt-5.4,869,PASS,1,1,,253,21,1056.963042006828,980.244042002596,273.7261955818195,1
5007,completed,OpenAI,gpt-5.4,870,PASS,1,1,,255,21,973.7125840038061,858.5969170089811,182.42521238176946,1
5008,completed,OpenAI,gpt-5.4,871,PASS,1,1,,256,21,814.8259170120582,694.5827499730512,174.64609854452343,1
5009,completed,OpenAI,gpt-5.4,872,PASS,1,1,,253,21,748.9959580125287,612.6074170460925,153.97187953765024,1
5010,completed,OpenAI,gpt-5.4,873,PASS,1,1,,248,21,846.7102909926325,710.7238329481333,154.42714151087105,1
5011,completed,OpenAI,gpt-5.4,874,PASS,1,1,,257,30,880.0140829989687,672.9778749868274,144.90219024027286,1
5012,completed,OpenAI,gpt-5.4,875,PASS,1,1,,257,30,974.6904170606285,764.5627920283005,142.77037583889557,1
5013,completed,OpenAI,gpt-5.4,876,PASS,1,1,,253,27,908.9378749486059,685.0545419147238,120.59852617931979,1
5014,completed,OpenAI,gpt-5.4,877,PASS,1,1,,252,31,905.3894159151241,694.4282079348341,146.94644715390663,1
5015,completed,OpenAI,gpt-5.4,878,PASS,1,1,,251,29,918.2780829723924,773.2669579563662,199.98465632754042,1
5016,completed,OpenAI,gpt-5.4,879,PASS,1,1,,255,29,947.6919170701876,778.3320000162348,171.23296057568038,1
5017,completed,OpenAI,gpt-5.4,880,PASS,1,1,,254,27,1993.8255420420319,1928.4911670256406,413.2587170723859,1
5018,completed,OpenAI,gpt-5.4,881,PASS,1,1,,253,27,765.4857919551432,638.9706248883158,213.4131474192193,1
5019,completed,OpenAI,gpt-5.4,882,PASS,1,1,,254,29,914.5741659449413,730.1492498954758,157.24556432614432,1
5020,completed,OpenAI,gpt-5.4,883,"FAIL
result mismatch (order_matters=False)
predicted: SELECT h.ID, h.name, COUNT(f.friend_id) AS friend_count
FROM Highschooler h
LEFT JOIN Friend f ON h.ID = f.student_id
GROUP BY h.ID, h.name
gold: SELECT student_id ,  count(*) FROM Friend GROUP BY student_id",0,1,,250,50,965.971166966483,731.3716670032591,213.1291840257036,1
5021,completed,OpenAI,gpt-5.4,884,"FAIL
result mismatch (order_matters=False)
predicted: SELECT h.name, COUNT(f.friend_id) AS number_of_friends
FROM Highschooler h
LEFT JOIN Friend f ON h.ID = f.student_id
GROUP BY h.ID, h.name
gold: SELECT T2.name ,  count(*) FROM Friend AS T1 JOIN Highschooler AS T2 ON T1.student_id  =  T2.id GROUP BY T1.student_id",0,1,,256,48,877.6411669095978,625.5375419277698,190.397896910288,1
5022,completed,OpenAI,gpt-5.4,885,"FAIL
result mismatch (order_matters=False)
predicted: SELECT h.name, COUNT(f.friend_id) AS friend_count
FROM Highschooler h
LEFT JOIN Friend f ON h.ID = f.student_id
GROUP BY h.ID, h.name
gold: SELECT T2.name ,  count(*) FROM Friend AS T1 JOIN Highschooler AS T2 ON T1.student_id  =  T2.id GROUP BY T1.student_id",0,1,,259,46,1216.3086669752374,806.9043339928612,112.35836139032799,1
5023,completed,OpenAI,gpt-5.4,886,PASS,1,1,,259,63,1096.0289579816163,762.1871660230681,188.71214304955106,1
5024,completed,OpenAI,gpt-5.4,887,PASS,1,1,,255,62,1277.4199170526117,906.8509170319885,167.3102714920825,1
5025,completed,OpenAI,gpt-5.4,888,PASS,1,1,,257,49,1173.9395840559155,909.3080000020564,185.16308314138072,1
5026,completed,OpenAI,gpt-5.4,889,PASS,1,1,,258,49,1103.8964999606833,798.3144590398297,160.34973734824652,1
5027,completed,OpenAI,gpt-5.4,890,PASS,1,1,,256,54,1082.2046250104904,629.8236249713227,119.36840847720089,1
5028,completed,OpenAI,gpt-5.4,891,PASS,1,1,,254,54,1129.116041935049,836.2437079194933,184.38067966205313,1
5029,completed,OpenAI,gpt-5.4,892,PASS,1,1,,253,38,1252.0621669245884,1098.041332908906,246.71986905440895,1
5030,completed,OpenAI,gpt-5.4,893,PASS,1,1,,250,40,1056.0419160174206,765.5692909611389,137.70660829828503,1
5031,completed,OpenAI,gpt-5.4,894,"FAIL
result mismatch (order_matters=False)
predicted: SELECT h.ID
FROM Highschooler h
LEFT JOIN Friend f ON h.ID = f.student_id OR h.ID = f.friend_id
WHERE f.student_id IS NULL
gold: SELECT id FROM Highschooler EXCEPT SELECT student_id FROM Friend",0,1,,254,43,1060.3417500387877,611.5683329990134,95.81672703262848,1
5032,completed,OpenAI,gpt-5.4,895,"FAIL
result mismatch (order_matters=False)
predicted: SELECT h.ID
FROM Highschooler AS h
LEFT JOIN Friend AS f ON h.ID = f.student_id OR h.ID = f.friend_id
WHERE f.student_id IS NULL
gold: SELECT id FROM Highschooler EXCEPT SELECT student_id FROM Friend",0,1,,256,45,1210.162833915092,1017.5528340041637,233.63272945750512,1
5033,completed,OpenAI,gpt-5.4,896,PASS,1,1,,256,30,1039.4148339983076,832.5894590234384,145.04990020516206,1
5034,completed,OpenAI,gpt-5.4,897,PASS,1,1,,253,38,1288.396583055146,1044.3445410346612,155.70449517816542,1
5035,completed,OpenAI,gpt-5.4,898,PASS,1,1,,260,41,1021.369207999669,744.7802079841495,148.23438386088915,1
5036,completed,OpenAI,gpt-5.4,899,PASS,1,1,,256,41,1087.0629579294473,846.8368749599904,170.67255767231933,1
5037,completed,OpenAI,gpt-5.4,900,PASS,1,1,,259,41,1555.640208069235,1280.4248330648988,148.9742351761925,1
5038,completed,OpenAI,gpt-5.4,901,PASS,1,1,,258,41,1817.3250829568133,1064.4693749491125,54.45930682852792,1
5039,completed,OpenAI,gpt-5.4,902,"FAIL
result mismatch (order_matters=False)
predicted: SELECT liked_id AS student_id, COUNT(*) AS like_count
FROM Likes
GROUP BY liked_id
gold: SELECT student_id ,  count(*) FROM Likes GROUP BY student_id",0,1,,252,28,911.917292047292,758.6824169848114,182.72602753507107,1
5040,completed,OpenAI,gpt-5.4,903,"FAIL
result mismatch (order_matters=False)
predicted: SELECT liked_id AS student_id, COUNT(*) AS like_count
FROM Likes
GROUP BY liked_id
gold: SELECT student_id ,  count(*) FROM Likes GROUP BY student_id",0,1,,251,28,997.9662090772763,838.4289169916883,175.50755459092701,1
5041,completed,OpenAI,gpt-5.4,904,"FAIL
result mismatch (order_matters=False)
predicted: SELECT h.name, COUNT(*) AS number_of_likes
FROM Highschooler h
JOIN Likes l ON h.ID = l.liked_id
GROUP BY h.ID, h.name
gold: SELECT T2.name ,  count(*) FROM Likes AS T1 JOIN Highschooler AS T2 ON T1.student_id  =  T2.id GROUP BY T1.student_id",0,1,,260,46,985.9335001092404,660.0606660358608,141.15935785442545,1
5042,completed,OpenAI,gpt-5.4,905,"FAIL
result mismatch (order_matters=False)
predicted: SELECT h.name, COUNT(*) AS like_count
FROM Highschooler h
JOIN Likes l ON h.ID = l.liked_id
GROUP BY h.ID, h.name
gold: SELECT T2.name ,  count(*) FROM Likes AS T1 JOIN Highschooler AS T2 ON T1.student_id  =  T2.id GROUP BY T1.student_id",0,1,,262,44,1199.6223330497742,873.1731250882149,134.7836016351468,1
5043,completed,OpenAI,gpt-5.4,906,"FAIL
result mismatch (order_matters=True)
predicted: SELECT h.name
FROM Highschooler h
JOIN Likes l ON h.ID = l.liked_id
GROUP BY h.ID, h.name
ORDER BY COUNT(*) DESC
LIMIT 1
gold: SELECT T2.name FROM Likes AS T1 JOIN Highschooler AS T2 ON T1.student_id  =  T2.id GROUP BY T1.student_id ORDER BY count(*) DESC LIMIT 1",0,1,,259,47,1157.7922080177814,675.5069170612842,97.45269217476397,1
5044,completed,OpenAI,gpt-5.4,907,"FAIL
result mismatch (order_matters=True)
predicted: SELECT h.name
FROM Highschooler h
JOIN Likes l ON h.ID = l.liked_id
GROUP BY h.ID, h.name
ORDER BY COUNT(*) DESC
LIMIT 1
gold: SELECT T2.name FROM Likes AS T1 JOIN Highschooler AS T2 ON T1.student_id  =  T2.id GROUP BY T1.student_id ORDER BY count(*) DESC LIMIT 1",0,1,,253,47,1225.8463749894872,943.6932080425322,166.57619160743295,1
5045,completed,OpenAI,gpt-5.4,908,"FAIL
result mismatch (order_matters=False)
predicted: SELECT h.name
FROM Highschooler h
JOIN Likes l ON h.ID = l.liked_id
GROUP BY h.ID, h.name
HAVING COUNT(*) >= 2
gold: SELECT T2.name FROM Likes AS T1 JOIN Highschooler AS T2 ON T1.student_id  =  T2.id GROUP BY T1.student_id HAVING count(*)  >=  2",0,1,,255,45,1057.8283329959959,796.750457957387,172.36236503512708,1
5046,completed,OpenAI,gpt-5.4,909,"FAIL
result mismatch (order_matters=False)
predicted: SELECT h.name
FROM Highschooler h
JOIN Likes l ON h.ID = l.liked_id
GROUP BY h.ID, h.name
HAVING COUNT(*) >= 2
gold: SELECT T2.name FROM Likes AS T1 JOIN Highschooler AS T2 ON T1.student_id  =  T2.id GROUP BY T1.student_id HAVING count(*)  >=  2",0,1,,256,45,1090.5592079507187,825.5174579098821,169.78457164981205,1
5047,completed,OpenAI,gpt-5.4,910,PASS,1,1,,263,54,998.67166695185,711.1440000589937,187.80801368976583,1
5048,completed,OpenAI,gpt-5.4,911,PASS,1,1,,266,54,1382.6257089385763,1096.2783339200541,188.58213733060083,1
5049,completed,OpenAI,gpt-5.4,912,PASS,1,1,,249,40,1496.3764999993145,1213.5192080168054,141.41406685910522,1
5050,completed,OpenAI,gpt-5.4,913,PASS,1,1,,256,41,981.2928340397775,675.0642920378596,133.88693206704164,1
5051,completed,OpenAI,gpt-5.4,914,PASS,1,1,,254,34,986.1257500015199,838.1707919761539,229.79966642395914,1
5052,completed,OpenAI,gpt-5.4,915,PASS,1,1,,253,34,933.1699589965865,659.6301250392571,124.29633925018686,1
5053,completed,OpenAI,gpt-5.4,916,"FAIL
result mismatch (order_matters=False)
predicted: SELECT MIN(h.grade)
FROM Highschooler h
LEFT JOIN Friend f ON h.ID = f.student_id OR h.ID = f.friend_id
WHERE f.student_id IS NULL
gold: SELECT min(grade) FROM Highschooler WHERE id NOT IN (SELECT T1.student_id FROM Friend AS T1 JOIN Highschooler AS T2 ON T1.student_id  =  T2.id)",0,1,,253,44,1047.224208014086,717.4661670578644,133.4311662951728,1
5054,completed,OpenAI,gpt-5.4,917,"FAIL
result mismatch (order_matters=False)
predicted: SELECT MIN(grade)
FROM Highschooler
WHERE ID NOT IN (
  SELECT student_id FROM Friend
  UNION
  SELECT friend_id FROM Friend
)
gold: SELECT min(grade) FROM Highschooler WHERE id NOT IN (SELECT T1.student_id FROM Friend AS T1 JOIN Highschooler AS T2 ON T1.student_id  =  T2.id)",0,1,,256,40,970.2160840388387,775.8035000879318,205.74799833996747,1
5055,completed,OpenAI,gpt-5.4,918,PASS,1,1,,683,49,1034.7561250673607,802.5624169968069,211.03069677112427,1
5056,completed,OpenAI,gpt-5.4,919,PASS,1,1,,683,36,1319.3644160637632,1049.1697080433369,133.2372505137238,1
5057,completed,OpenAI,gpt-5.4,920,PASS,1,1,,688,45,2287.323374999687,961.4621249493212,33.94020301769176,1
5058,completed,OpenAI,gpt-5.4,921,PASS,1,1,,685,42,1025.9235420962796,747.5345840211958,150.86805270729255,1
5059,completed,OpenAI,gpt-5.4,922,PASS,1,1,,704,83,1184.407667024061,700.1209170557559,171.38606415606466,1
5060,completed,OpenAI,gpt-5.4,923,PASS,1,1,,700,78,1042.3774999799207,648.5202079638839,198.04127429186724,1
5061,completed,OpenAI,gpt-5.4,924,PASS,1,1,,693,61,1229.2170829605311,828.6000000080094,152.2650995070754,1
5062,completed,OpenAI,gpt-5.4,925,"FAIL
result mismatch (order_matters=False)
predicted: SELECT DISTINCT d.name
FROM Dogs d
LEFT JOIN (
  SELECT d2.owner_id, SUM(t.cost_of_treatment) AS total_treatment_cost
  FROM Dogs d2
  JOIN Treatments t ON d2.dog_id = t.dog_id
  GROUP BY d2.owner_id
) ot ON d.owner_id = ot.owner_id
WHERE COALESCE(ot.total_treatment_cost, 0) <= 1000
gold: select name from dogs where dog_id not in ( select dog_id from treatments group by dog_id having sum(cost_of_treatment)  >  1000 )",0,1,,695,99,1279.0156250121072,752.9540420509875,188.19089476700472,1
5063,completed,OpenAI,gpt-5.4,926,PASS,1,1,,690,63,1210.5534590082243,677.0834170747548,118.09472894048079,1
5064,completed,OpenAI,gpt-5.4,927,PASS,1,1,,692,56,1437.28537496645,964.4739999203011,118.44046686595496,1
5065,completed,OpenAI,gpt-5.4,928,PASS,1,1,,693,54,1100.5001249723136,753.1553340377286,155.46512114001948,1
5066,completed,OpenAI,gpt-5.4,929,PASS,1,1,,693,52,1383.757916977629,1189.5320418989286,267.729518422453,1
5067,completed,OpenAI,gpt-5.4,930,PASS,1,1,,691,60,983.9537909720093,674.4049160042778,193.83045732682638,1
5068,completed,OpenAI,gpt-5.4,931,PASS,1,1,,692,60,1124.4824170134962,768.8867080723867,168.73094497868829,1
5069,completed,OpenAI,gpt-5.4,932,PASS,1,1,,694,78,1249.7284170240164,710.3190419729799,144.60260352838694,1
5070,completed,OpenAI,gpt-5.4,933,PASS,1,1,,694,78,1505.233124946244,952.0892499713227,141.0121372193381,1
5071,completed,OpenAI,gpt-5.4,934,PASS,1,1,,685,54,926.6035000327975,670.5705000786111,210.91031238028913,1
5072,completed,OpenAI,gpt-5.4,935,PASS,1,1,,687,54,983.1557919969782,689.6509170765057,183.98331548882018,1
5073,completed,OpenAI,gpt-5.4,936,PASS,1,1,,695,66,1069.3535830359906,681.6983330063522,170.25436904299357,1
5074,completed,OpenAI,gpt-5.4,937,"FAIL
result mismatch (order_matters=True)
predicted: SELECT o.owner_id, o.last_name
FROM Owners o
JOIN Dogs d ON o.owner_id = d.owner_id
JOIN Treatments t ON d.dog_id = t.dog_id
GROUP BY o.owner_id, o.last_name
ORDER BY SUM(t.cost_of_treatment) DESC
LIMIT 1
gold: SELECT T1.owner_id ,  T1.last_name FROM Owners AS T1 JOIN Dogs AS T2 ON T1.owner_id  =  T2.owner_id JOIN Treatments AS T3 ON T2.dog_id  =  T3.dog_id GROUP BY T1.owner_id ORDER BY count(*) DESC LIMIT 1",0,1,,696,71,1197.2680839244276,845.6257919315249,201.90972933776976,1
5075,completed,OpenAI,gpt-5.4,938,PASS,1,1,,689,67,1346.4269160758704,972.3483329871669,179.1067519738563,1
5076,completed,OpenAI,gpt-5.4,939,PASS,1,1,,688,67,1076.3170410646126,662.0545410551131,161.73320056356445,1
5077,completed,OpenAI,gpt-5.4,940,PASS,1,1,,696,71,1058.2017919514328,637.984583969228,168.96023925561533,1
5078,completed,OpenAI,gpt-5.4,941,PASS,1,1,,696,71,1025.4905830370262,690.223167068325,211.77125070402957,1
5079,completed,OpenAI,gpt-5.4,942,"FAIL
result mismatch (order_matters=False)
predicted: SELECT
  professional_id,
  cell_number
FROM Professionals
WHERE professional_id IN (
  SELECT professional_id
  FROM Treatments
  GROUP BY professional_id
  HAVING COUNT(DISTINCT treatment_type_code) >= 2
)
gold: SELECT T1.professional_id ,  T1.cell_number FROM Professionals AS T1 JOIN Treatments AS T2 ON T1.professional_id  =  T2.professional_id GROUP BY T1.professional_id HAVING count(*)  >=  2",0,1,,692,56,2203.3569579944015,1846.7090409249067,157.017600046962,1
5080,completed,OpenAI,gpt-5.4,943,"FAIL
result mismatch (order_matters=False)
predicted: SELECT p.professional_id, p.cell_number
FROM Professionals AS p
JOIN Treatments AS t
  ON p.professional_id = t.professional_id
GROUP BY p.professional_id, p.cell_number
HAVING COUNT(DISTINCT t.treatment_type_code) >= 2
gold: SELECT T1.professional_id ,  T1.cell_number FROM Professionals AS T1 JOIN Treatments AS T2 ON T1.professional_id  =  T2.professional_id GROUP BY T1.professional_id HAVING count(*)  >=  2",0,1,,691,66,1171.2642919737846,785.70054192096,171.1779180251193,1
5081,completed,OpenAI,gpt-5.4,944,"FAIL
result mismatch (order_matters=False)
predicted: SELECT DISTINCT p.first_name, p.last_name
FROM Professionals AS p
JOIN Treatments AS t
  ON p.professional_id = t.professional_id
WHERE t.cost_of_treatment < (
  SELECT AVG(cost_of_treatment)
  FROM Treatments
)
gold: SELECT DISTINCT T1.first_name ,  T1.last_name FROM Professionals AS T1 JOIN Treatments AS T2 WHERE cost_of_treatment  <  ( SELECT avg(cost_of_treatment) FROM Treatments )",0,1,,693,60,1040.2371670352295,634.7297090105712,147.96275336655214,1
5082,completed,OpenAI,gpt-5.4,945,"FAIL
result mismatch (order_matters=False)
predicted: SELECT DISTINCT p.first_name, p.last_name
FROM Professionals AS p
JOIN Treatments AS t
  ON p.professional_id = t.professional_id
WHERE t.cost_of_treatment < (
  SELECT AVG(cost_of_treatment)
  FROM Treatments
)
gold: SELECT DISTINCT T1.first_name ,  T1.last_name FROM Professionals AS T1 JOIN Treatments AS T2 WHERE cost_of_treatment  <  ( SELECT avg(cost_of_treatment) FROM Treatments )",0,1,,695,60,1377.8286669403315,922.8900829330087,131.8859338583474,1
5083,completed,OpenAI,gpt-5.4,946,PASS,1,1,,692,40,1235.1529999868944,956.4549999777228,143.524531925897,1
5084,completed,OpenAI,gpt-5.4,947,PASS,1,1,,688,43,1156.0643329285085,841.5282919304445,136.70929367443992,1
5085,completed,OpenAI,gpt-5.4,948,PASS,1,1,,686,46,964.9478329811245,656.1460410011932,148.9628661319086,1
5086,completed,OpenAI,gpt-5.4,949,PASS,1,1,,685,46,2113.971791928634,647.4450419191271,31.366628668520228,1
5087,completed,OpenAI,gpt-5.4,950,"FAIL
result mismatch (order_matters=False)
predicted: SELECT o.first_name,
       o.last_name,
       s.size_description
FROM Owners AS o
JOIN Dogs AS d
  ON o.owner_id = d.owner_id
JOIN Sizes AS s
  ON d.size_code = s.size_code
gold: SELECT T1.first_name ,  T1.last_name ,  T2.size_code FROM Owners AS T1 JOIN Dogs AS T2 ON T1.owner_id  =  T2.owner_id",0,1,,691,57,1545.4556250479072,859.2077500652522,83.06036649139449,1
5088,completed,OpenAI,gpt-5.4,951,"FAIL
result mismatch (order_matters=False)
predicted: SELECT o.first_name,
       o.last_name,
       s.size_description
FROM Owners AS o
JOIN Dogs AS d
  ON o.owner_id = d.owner_id
JOIN Sizes AS s
  ON d.size_code = s.size_code
gold: SELECT T1.first_name ,  T1.last_name ,  T2.size_code FROM Owners AS T1 JOIN Dogs AS T2 ON T1.owner_id  =  T2.owner_id",0,1,,690,57,1011.959332972765,670.6610829569399,167.00935324853577,1
5089,completed,OpenAI,gpt-5.4,952,PASS,1,1,,686,35,873.9995420910418,665.31800001394,167.71967300811164,1
5090,completed,OpenAI,gpt-5.4,953,PASS,1,1,,685,35,912.163250031881,687.9141670651734,156.07644649853998,1
5091,completed,OpenAI,gpt-5.4,954,"FAIL
result mismatch (order_matters=True)
predicted: SELECT d.name, t.date_of_treatment
FROM Dogs d
LEFT JOIN Treatments t ON d.dog_id = t.dog_id
WHERE d.breed_code IN (
  SELECT breed_code
  FROM Dogs
  GROUP BY breed_code
  HAVING COUNT(*) = (
    SELECT MIN(breed_count)
    FROM (
      SELECT COUNT(*) AS breed_count
      FROM Dogs
      GROUP BY breed_code
    )
  )
)
gold: SELECT T1.name ,  T2.date_of_treatment FROM Dogs AS T1 JOIN Treatments AS T2 ON T1.dog_id  =  T2.dog_id WHERE T1.breed_code  =  ( SELECT breed_code FROM Dogs GROUP BY breed_code ORDER BY count(*) ASC LIMIT 1 )",0,1,,691,98,1343.6604589223862,737.8674999345094,161.77144112690354,1
5092,completed,OpenAI,gpt-5.4,955,"FAIL
result mismatch (order_matters=True)
predicted: SELECT d.name, t.date_of_treatment
FROM Dogs d
LEFT JOIN Treatments t ON d.dog_id = t.dog_id
WHERE d.breed_code IN (
  SELECT breed_code
  FROM Dogs
  GROUP BY breed_code
  HAVING COUNT(*) = (
    SELECT MIN(breed_count)
    FROM (
      SELECT COUNT(*) AS breed_count
      FROM Dogs
      GROUP BY breed_code
    )
  )
)
gold: SELECT T1.name ,  T2.date_of_treatment FROM Dogs AS T1 JOIN Treatments AS T2 ON T1.dog_id  =  T2.dog_id WHERE T1.breed_code  =  ( SELECT breed_code FROM Dogs GROUP BY breed_code ORDER BY count(*) ASC LIMIT 1 )",0,1,,689,98,1650.258915964514,1008.7127079023048,152.75594924956235,1
5093,completed,OpenAI,gpt-5.4,956,PASS,1,1,,694,40,1086.8088330607861,734.4503330532461,113.52074662352138,1
5094,completed,OpenAI,gpt-5.4,957,PASS,1,1,,690,40,1287.1399589348584,1130.282791913487,255.00906818334985,1
5095,completed,OpenAI,gpt-5.4,958,PASS,1,1,,692,41,954.1821250459179,711.69191703666,169.07899224712068,1
5096,completed,OpenAI,gpt-5.4,959,PASS,1,1,,689,39,1077.6821250328794,875.1883329823613,192.59849699624516,1
5097,completed,OpenAI,gpt-5.4,960,"FAIL
result mismatch (order_matters=False)
predicted: SELECT o.last_name
FROM Owners o
JOIN Dogs d ON o.owner_id = d.owner_id
WHERE d.date_of_birth = (
  SELECT MAX(date_of_birth)
  FROM Dogs
)
gold: SELECT T1.last_name FROM Owners AS T1 JOIN Dogs AS T2 ON T1.owner_id  =  T2.owner_id WHERE T2.age  =  ( SELECT max(age) FROM Dogs )",0,1,,685,47,1011.3607910461724,735.2312910370529,170.20999204520984,1
5098,completed,OpenAI,gpt-5.4,961,"FAIL
result mismatch (order_matters=False)
predicted: SELECT o.last_name
FROM Owners o
JOIN Dogs d ON o.owner_id = d.owner_id
WHERE d.date_of_birth = (
  SELECT MAX(date_of_birth)
  FROM Dogs
)
gold: SELECT T1.last_name FROM Owners AS T1 JOIN Dogs AS T2 ON T1.owner_id  =  T2.owner_id WHERE T2.age  =  ( SELECT max(age) FROM Dogs )",0,1,,687,47,983.0297079170123,622.6979579078034,130.43535574869222,1
5099,completed,OpenAI,gpt-5.4,962,PASS,1,1,,692,25,978.4571670461446,897.3451670026407,308.2158002094807,1
5100,completed,OpenAI,gpt-5.4,963,PASS,1,1,,693,25,867.9833330679685,624.6905419975519,102.75684655516248,1
5101,completed,OpenAI,gpt-5.4,964,PASS,1,1,,687,19,1361.7807920090854,1126.0327500058338,80.59451878602638,1
5102,completed,OpenAI,gpt-5.4,965,PASS,1,1,,686,19,989.3871669191867,813.1631669821218,107.81732344507836,1
5103,completed,OpenAI,gpt-5.4,966,PASS,1,1,,681,25,992.3888749908656,735.4036660399288,97.28186342729538,1
5104,completed,OpenAI,gpt-5.4,967,PASS,1,1,,684,26,1046.8207909725606,930.6386250536889,223.78649764676797,1
5105,completed,OpenAI,gpt-5.4,968,PASS,1,1,,683,29,850.6970830494538,641.3811660604551,138.54655879573744,1
5106,completed,OpenAI,gpt-5.4,969,PASS,1,1,,684,25,850.6054999306798,662.9132910165936,133.19679140993773,1
5107,completed,OpenAI,gpt-5.4,970,PASS,1,1,,697,27,1112.6331659033895,902.3250410100445,128.3830570677795,1
5108,completed,OpenAI,gpt-5.4,971,PASS,1,1,,696,27,989.0113750007004,766.4946670411155,121.33920300898905,1
5109,completed,OpenAI,gpt-5.4,972,PASS,1,1,,697,27,971.3970420416445,789.7934580687433,148.67547990698765,1
5110,completed,OpenAI,gpt-5.4,973,PASS,1,1,,697,27,1861.0339999431744,1714.8096249438822,184.64773742497238,1
5111,completed,OpenAI,gpt-5.4,974,PASS,1,1,,683,42,981.2931249616668,734.3338329810649,170.06851478704036,1
5112,completed,OpenAI,gpt-5.4,975,PASS,1,1,,685,44,921.4588339673355,669.7754999622703,174.82285894668925,1
5113,completed,OpenAI,gpt-5.4,976,PASS,1,1,,682,33,955.346415983513,690.0537500623614,124.39092458669032,1
5114,completed,OpenAI,gpt-5.4,977,PASS,1,1,,684,28,954.9066670006141,740.9976250492036,130.89675754033908,1
5115,completed,OpenAI,gpt-5.4,978,PASS,1,1,,683,43,929.691250086762,689.321625046432,178.89115562245155,1
5116,completed,OpenAI,gpt-5.4,979,PASS,1,1,,686,46,899.517166079022,632.143666036427,172.04397590887575,1
5117,completed,OpenAI,gpt-5.4,980,PASS,1,1,,683,41,1233.8551249122247,974.7520829550922,158.23820396050493,1
5118,completed,OpenAI,gpt-5.4,981,"FAIL
result mismatch (order_matters=False)
predicted: SELECT COUNT(*) AS num_owners_without_dogs
FROM Owners o
WHERE NOT EXISTS (
  SELECT 1
  FROM Dogs d
  WHERE d.owner_id = o.owner_id
    AND d.date_departed IS NULL
)
gold: SELECT count(*) FROM Owners WHERE owner_id NOT IN ( SELECT owner_id FROM Dogs )",0,1,,688,56,1091.7894160375,783.1408330239356,181.4361156407413,1
5119,completed,OpenAI,gpt-5.4,982,PASS,1,1,,684,44,1016.6267909808084,692.6888750167564,135.828496238405,1
5120,completed,OpenAI,gpt-5.4,983,PASS,1,1,,685,44,1224.1940000094473,832.2819169843569,112.27007766735046,1
5121,completed,OpenAI,gpt-5.4,984,PASS,1,1,,702,25,995.4947920050472,680.8245830470696,79.4482581709494,1
5122,completed,OpenAI,gpt-5.4,985,PASS,1,1,,707,25,855.636041960679,725.9452920407057,192.76625368753318,1
5123,completed,OpenAI,gpt-5.4,986,PASS,1,1,,683,22,1119.9737089918926,1015.6992089468986,210.98159176507278,1
5124,completed,OpenAI,gpt-5.4,987,PASS,1,1,,682,22,905.9938749996945,765.2611250523478,156.32466507071737,1
5125,completed,OpenAI,gpt-5.4,988,"FAIL
result mismatch (order_matters=False)
predicted: SELECT MAX(CAST(age AS INTEGER)) AS oldest_dog_age
FROM Dogs
gold: SELECT max(age) FROM Dogs",0,1,,682,24,951.0014170082286,753.9943750016391,121.82305645296299,1
5126,completed,OpenAI,gpt-5.4,989,"FAIL
result mismatch (order_matters=False)
predicted: SELECT MAX(CAST(age AS NUMERIC)) AS oldest_dog_age
FROM Dogs
gold: SELECT max(age) FROM Dogs",0,1,,682,25,946.718666004017,744.762625079602,123.78931516763402,1
5127,completed,OpenAI,gpt-5.4,990,PASS,1,1,,688,17,784.7070000134408,666.5054999757558,143.82220187205792,1
5128,completed,OpenAI,gpt-5.4,991,PASS,1,1,,681,17,914.3177500227466,713.0782089661807,84.47643992202065,1
5129,completed,OpenAI,gpt-5.4,992,PASS,1,1,,683,23,1251.3350000372157,1124.6452920604497,181.54592324277874,1
5130,completed,OpenAI,gpt-5.4,993,PASS,1,1,,685,24,832.5992500176653,700.1425420166925,181.19127647218687,1
5131,completed,OpenAI,gpt-5.4,994,PASS,1,1,,687,20,980.4109160322696,820.5296250525862,125.09281028098191,1
5132,completed,OpenAI,gpt-5.4,995,PASS,1,1,,687,20,1396.6337500605732,1257.0378340315074,143.2706670002847,1
5133,completed,OpenAI,gpt-5.4,996,"FAIL
result mismatch (order_matters=False)
predicted: SELECT b.breed_name, s.size_description
FROM Breeds AS b
CROSS JOIN Sizes AS s
ORDER BY b.breed_name, s.size_description
gold: SELECT DISTINCT breed_code ,  size_code FROM dogs",0,1,,685,41,1010.007374919951,782.6447499683127,180.3286710325455,1
5134,completed,OpenAI,gpt-5.4,997,"FAIL
result mismatch (order_matters=False)
predicted: SELECT DISTINCT
  b.breed_name AS breed_type,
  s.size_description AS size_type
FROM Dogs d
JOIN Breeds b ON d.breed_code = b.breed_code
JOIN Sizes s ON d.size_code = s.size_code
gold: SELECT DISTINCT breed_code ,  size_code FROM dogs",0,1,,685,58,1026.853375020437,857.387249940075,342.2512904717448,1
5135,completed,OpenAI,gpt-5.4,998,"FAIL
result mismatch (order_matters=False)
predicted: SELECT p.first_name, tt.treatment_type_description
FROM Treatments t
JOIN Professionals p ON t.professional_id = p.professional_id
JOIN Treatment_Types tt ON t.treatment_type_code = tt.treatment_type_code
gold: SELECT DISTINCT T1.first_name ,  T3.treatment_type_description FROM professionals AS T1 JOIN Treatments AS T2 ON T1.professional_id  =  T2.professional_id JOIN Treatment_types AS T3 ON T2.treatment_type_code  =  T3.treatment_type_code",0,1,,692,54,944.2674169549718,648.4939589863643,182.57216306992424,1
5136,completed,OpenAI,gpt-5.4,999,PASS,1,1,,689,62,1072.5293329451233,725.519249914214,178.66915986552894,1
5137,completed,OpenAI,gpt-5.4,1000,PASS,1,1,,213,17,1167.4770840909332,989.5357500063255,95.53710545924551,1
5138,completed,OpenAI,gpt-5.4,1001,PASS,1,1,,214,17,830.2212500711903,682.8699170146137,115.37052056035851,1
5139,completed,OpenAI,gpt-5.4,1002,PASS,1,1,,219,23,1199.2164170369506,1030.7968750130385,136.56372487187073,1
5140,completed,OpenAI,gpt-5.4,1003,PASS,1,1,,219,23,948.6876250011846,794.7542079491541,149.41525005077904,1
5141,completed,OpenAI,gpt-5.4,1004,PASS,1,1,,217,23,1351.2292080558836,879.6996671007946,48.777431745661595,1
5142,completed,OpenAI,gpt-5.4,1005,PASS,1,1,,219,17,756.8477910244837,680.1006250316277,221.5065505035383,1
5143,completed,OpenAI,gpt-5.4,1006,PASS,1,1,,219,19,837.1545830741525,705.6488330708817,144.4803744287032,1
5144,completed,OpenAI,gpt-5.4,1007,"FAIL
result mismatch (order_matters=False)
predicted: SELECT Name
FROM singer
WHERE Citizenship != 'French'
gold: SELECT Name FROM singer WHERE Citizenship != ""France""",0,1,,220,19,868.4780829353258,763.959415955469,181.7857091849607,1
5145,completed,OpenAI,gpt-5.4,1008,PASS,1,1,,225,26,823.3757090056315,679.6120000071824,180.85231788420592,1
5146,completed,OpenAI,gpt-5.4,1009,PASS,1,1,,227,26,1132.692166022025,682.689749985002,57.777467572220544,1
5147,completed,OpenAI,gpt-5.4,1010,PASS,1,1,,220,27,917.8855419158936,765.6683329259977,177.37810448089513,1
5148,completed,OpenAI,gpt-5.4,1011,PASS,1,1,,220,27,1152.366082998924,1006.4742499962449,185.0686186080354,1
5149,completed,OpenAI,gpt-5.4,1012,PASS,1,1,,221,34,945.2659579692408,709.1517499648035,143.99811128418423,1
5150,completed,OpenAI,gpt-5.4,1013,PASS,1,1,,219,32,4879.688875051215,4721.408708021045,202.17315030947827,1
5151,completed,OpenAI,gpt-5.4,1014,PASS,1,1,,216,27,984.3685829546303,708.3275000331923,97.81152759672472,1
5152,completed,OpenAI,gpt-5.4,1015,PASS,1,1,,215,27,819.2205829545856,630.1934999646619,142.83667489826985,1
5153,completed,OpenAI,gpt-5.4,1016,PASS,1,1,,222,31,992.0762920519337,768.4043330373242,138.59582639044706,1
5154,completed,OpenAI,gpt-5.4,1017,PASS,1,1,,218,42,1105.0164999905974,783.1068329978734,130.47138469733906,1
5155,completed,OpenAI,gpt-5.4,1018,PASS,1,1,,216,30,931.486208923161,757.3033749358729,172.23281602014464,1
5156,completed,OpenAI,gpt-5.4,1019,PASS,1,1,,216,30,976.5815419377759,785.2192079881206,156.77066317498287,1
5157,completed,OpenAI,gpt-5.4,1020,PASS,1,1,,223,41,928.8362500956282,690.6371660297737,172.12492718345126,1
5158,completed,OpenAI,gpt-5.4,1021,PASS,1,1,,224,41,1111.945707933046,871.1202499689534,170.2477817196269,1
5159,completed,OpenAI,gpt-5.4,1022,PASS,1,1,,219,54,1040.3809160925448,782.0365410298109,209.02332395232972,1
5160,completed,OpenAI,gpt-5.4,1023,PASS,1,1,,221,54,990.6030419515446,677.8863340150565,172.68025222038105,1
5161,completed,OpenAI,gpt-5.4,1024,PASS,1,1,,220,51,991.6490420000628,705.1830419804901,178.03159885122648,1
5162,completed,OpenAI,gpt-5.4,1025,"FAIL
result mismatch (order_matters=False)
predicted: SELECT s.Name, COALESCE(SUM(so.Sales), 0) AS total_sales
FROM singer AS s
LEFT JOIN song AS so
  ON s.Singer_ID = so.Singer_ID
GROUP BY s.Singer_ID, s.Name
gold: SELECT T1.Name ,  sum(T2.Sales) FROM singer AS T1 JOIN song AS T2 ON T1.Singer_ID  =  T2.Singer_ID GROUP BY T1.Name",0,1,,221,61,1109.475874924101,741.0098339896649,165.55121292942758,1
5163,completed,OpenAI,gpt-5.4,1026,PASS,1,1,,219,42,1097.2979170037434,819.7308749658987,151.3147947668569,1
5164,completed,OpenAI,gpt-5.4,1027,PASS,1,1,,222,40,976.1917910072953,748.9471660228446,176.02176510329795,1
5165,completed,OpenAI,gpt-5.4,1028,PASS,1,1,,226,41,1103.3776249969378,780.7645419379696,127.08722042901744,1
5166,completed,OpenAI,gpt-5.4,1029,PASS,1,1,,231,69,1234.200624981895,888.3339579915628,199.4988432982722,1
5167,completed,OpenAI,gpt-5.4,1030,PASS,1,1,,565,23,893.1954170111567,792.4078750656918,228.2028071727859,1
5168,completed,OpenAI,gpt-5.4,1031,PASS,1,1,,567,57,1464.1482500592247,1023.11325003393,129.2414434154452,1
5169,completed,OpenAI,gpt-5.4,1032,PASS,1,1,,568,39,1154.727124958299,816.1824169801548,115.19896510246959,1
5170,completed,OpenAI,gpt-5.4,1033,"FAIL
result mismatch (order_matters=False)
predicted: SELECT property_name
FROM Properties
WHERE property_type_code IN ('House', 'Apartment')
  AND room_count > 1
gold: SELECT property_name FROM Properties WHERE property_type_code  =  ""House"" UNION SELECT property_name FROM Properties WHERE property_type_code  =  ""Apartment"" AND room_count  >  1",0,1,,575,33,849.7455840697512,703.163875034079,225.1304082692138,1
